GEOID,scag_area,lac_com_area,lac_food_area,cbg_area,scag_coverage_pct,lac_com_coverage_pct,lac_food_coverage_pct,scag_area_acres,lac_com_area_acres,lac_food_area_acres,cbg_area_acres
060371011101,1419.556778314566,0.0,0.0,447306.22333265375,0.32,0.0,0.0,0.3507801192197211,0.0,0.0,110.53177494925245
060371011102,3045.5132976374807,4764.05445048477,1388.3685232114697,354404.97912523773,0.86,1.34,0.39,0.7525627251760343,1.1772234923173859,0.3430733335451752,87.57537756060464
060371011103,570.7442032751961,0.0,0.0,340691.28776032844,0.17,0.0,0.0,0.14103396407049068,0.0,0.0,84.18665062455575
060371011221,2825.951160796534,1754.172643786512,0.0,1590038.2609180766,0.18,0.11,0.0,0.6983077395962063,0.433465500302132,0.0,392.90701101154946
060371011222,6609.438120666255,0.0,0.0,1054014.955817472,0.63,0.0,0.0,1.6332277280908591,0.0,0.0,260.4527677293738
060371012201,482.90477730230754,0.0,0.0,332118.19543145644,0.15,0.0,0.0,0.11932836920760323,0.0,0.0,82.0681933742766
060371012202,23852.57203519362,26659.47264780331,1582.108383209984,366770.1109191019,6.5,7.27,0.43,5.89409891172956,6.587699158348897,0.3909474955555033,90.63086816941922
060371012211,19127.744820225154,16539.023369620245,0.0,151835.79760573528,12.6,10.89,0.0,4.726568680408333,4.086881678844373,0.0,37.51944268773652
060371012212,1024.6243760000543,1011.7556449198458,0.0,202341.59637420235,0.51,0.5,0.0,0.25319019729204967,0.2500102645894764,0.0,49.99969735872247
060371012221,49069.11871447343,55151.59646513369,2566.1542844160103,296514.5010834644,16.55,18.6,0.87,12.125243298197578,13.628256283040027,0.634110533354219,73.27032890077568
060371013001,14199.952740544519,10260.887049547462,9583.010698326247,1380533.761865532,1.03,0.74,0.69,3.508884738767973,2.5355204085699223,2.3680135142138337,341.1373218540831
060371013002,53141.55656184884,81846.40312064634,48980.74697393805,627046.1123645481,8.47,13.05,7.81,13.131564605974601,20.224686664842704,12.103406165541665,154.94646879334468
060371013003,9004.228066810607,6523.295472386622,0.0,301044.2573858526,2.99,2.17,0.0,2.2249932112665918,1.6119414161271288,0.0,74.3896560598306
060371013004,14999.968422542239,13399.783574971403,10831.966645783516,271880.7569292938,5.52,4.93,3.98,3.7065729190477343,3.311158631870765,2.676637250045947,67.1831981545948
060371014001,33469.83551970165,31194.116283673586,2480.517219816074,229932.10512782194,14.56,13.57,1.08,8.270576473739156,7.7082340038082755,0.6129491538385233,56.8174605491588
060371014002,115885.11804042393,12333.021779989962,0.0,5272230.669728491,2.2,0.23,0.0,28.635836299746437,3.047556051587278,0.0,1302.7965708261474
060371014003,23893.530945322214,28626.889840178108,4299.842620821803,807968.9401307015,2.96,3.54,0.53,5.904220078841365,7.073858534175731,1.0625142510669476,199.65347316461828
060371021031,10210.970292719736,5719.381334301965,0.0,1186502.1261865585,0.86,0.48,0.0,2.5231857093324033,1.413289906368872,0.0,293.19106050293226
060371021041,1374.1129277213158,31750.963846732735,0.0,745689.7792499327,0.18,4.26,0.0,0.33955069918353914,7.845834033297067,0.0,184.26395735772093
060371021042,1287.6634290614224,0.0,0.0,913152.340563148,0.14,0.0,0.0,0.318188562839541,0.0,0.0,225.64485745249158
060371021051,1793.263457257177,4922.62428044343,0.0,266216.075015664,0.67,1.85,0.0,0.4431250506766624,1.216406950638504,0.0,65.78342476943715
060371021052,2719.9303619256443,5985.128516806702,833.8474779776782,226550.7568012439,1.2,2.64,0.37,0.6721094296477614,1.4789574652755295,0.20604819913110792,55.98191118104638
060371021071,657990.7891103628,119491.51054193282,0.0,8315004.231215135,7.91,1.44,0.0,162.59306494499734,29.526995294552115,0.0,2054.68229245551
060371021072,55083.43100572101,47756.80414318482,977.7330399816854,4607437.0772280665,1.2,1.04,0.02,13.611412231188973,11.800963305454387,0.24160309581772557,1138.5224965544028
060371031011,5155.758547285943,0.0,0.0,1759664.0607840572,0.29,0.0,0.0,1.2740156825796911,0.0,0.0,434.82245899410566
060371031012,0.0,0.0,0.0,270148.36112451134,0.0,0.0,0.0,0.0,0.0,0.0,66.75511382840192
060371031021,14687.451198523362,14940.188612958387,12333.212527174754,266397.62425022956,5.51,5.61,4.63,3.62934823119149,3.691801006396482,3.0476031862431396,65.82828656229955
060371031022,10209.81565729826,10317.71364995079,0.0,225265.414078393,4.53,4.58,0.0,2.522900392706124,2.549562567340069,0.0,55.664296077200255
060371031023,1022.7775501157737,0.0,0.0,262886.2525385409,0.39,0.0,0.0,0.25273383667741106,0.0,0.0,64.96060771600972
060371031024,4963.902751283491,7027.960127240668,525.7617406282947,163027.57705586439,3.04,4.31,0.32,1.2266070829218185,1.736646768177833,0.12991855547879558,40.284991618057056
060371031025,21434.794035596373,24647.375767093945,16632.128488145052,323449.25335377106,6.63,7.62,5.14,5.296652956836162,6.090499191092316,4.109888454673991,79.9260511352534
060371032011,14151.253605061678,14810.479336518061,4331.256913810148,512691.1045713689,2.76,2.89,0.84,3.4968509203173648,3.6597491461618654,1.070276891919354,126.68873096993046
060371032012,49989.597669010036,47253.74012655441,45164.31336848693,1442105.1321860966,3.47,3.28,3.13,12.352698601390843,11.676653479722525,11.160344883622558,356.3519388046023
060371032021,65271.70054786083,33674.77680895203,0.0,4738415.072904775,1.38,0.71,0.0,16.128988462889737,8.321218569197745,0.0,1170.8878641399003
060371033001,22739.850000492097,20087.776504927282,1024.4456344608755,2870420.026672484,0.79,0.7,0.04,5.6191393088777195,4.963797676077217,0.25314602929582686,709.296235661895
060371033002,23536.192230048873,11483.563153545934,4383.171824148328,3271550.826328589,0.72,0.35,0.13,5.815919759290759,2.8376502536592523,1.0831053456423034,808.417814929146
060371034011,136752.6281698284,29279.676866546593,10987.729413632813,1401642.2242419596,9.76,2.09,0.78,33.79231035054286,7.235165721343332,2.715127068213729,346.3533365017955
060371034021,30321.928378300694,73835.16914635879,53931.99508677834,341481.11322776915,8.88,21.62,15.79,7.492711678740059,18.245067637603665,13.326886219203649,84.38182074798017
060371034022,0.0,0.0,0.0,240195.27810616593,0.0,0.0,0.0,0.0,0.0,0.0,59.353545823036
060371034023,1070.393921182539,0.0,0.0,261553.59503253084,0.41,0.0,0.0,0.2645000982139462,0.0,0.0,64.63130087462201
060371034024,17714.2038341852,20023.80827886681,1083.5605802910354,255888.0149293926,6.92,7.83,0.42,4.377275095833456,4.947990783174767,0.26775365053559935,63.231305542003255
060371041031,694.4673934866664,0.0,0.0,440160.44608776906,0.16,0.0,0.0,0.17160663018403072,0.0,0.0,108.76601493727583
060371041032,1341.2643603748484,0.0,0.0,508948.93266370153,0.26,0.0,0.0,0.33143364141874043,0.0,0.0,125.7640201531706
060371041051,7942.529532090222,7413.790445040551,0.0,230539.3595178238,3.45,3.22,0.0,1.9626417898413806,1.8319875160393708,0.0,56.96751637684782
060371041052,2082.3101837479535,6625.286629380872,2082.308174408707,141090.51370056666,1.48,4.7,1.48,0.5145500522880012,1.6371439798824705,0.5145495557694603,34.86422520937684
060371041053,0.0,8085.932792125097,0.0,213053.80818614247,0.0,3.8,0.0,0.0,1.9980775071159333,0.0,52.64674254486901
060371041081,5818.289677481787,5818.281110072981,0.0,421801.30631211156,1.38,1.38,0.0,1.4377306902406075,1.4377285731877862,0.0,104.22937269960298
060371041082,8511.940801956569,5415.330702586769,3332.847664023145,423007.5902190048,2.01,1.28,0.79,2.103346378893407,1.338157359033556,0.8235645933903901,104.52745194457353
060371041083,37727.93429740635,31977.347616304025,7063.680134404629,251828.28219338242,14.98,12.7,2.8,9.322775596528746,7.901774681034956,1.7454733741740935,62.22812373561672
060371041241,0.0,2260.89391554351,0.0,514147.5123024217,0.0,0.44,0.0,0.0,0.5586790534571722,0.0,127.04861715788398
060371041242,33183.65016573118,6068.146201029903,0.0,1021914.5905325577,3.25,0.59,0.0,8.199858532675968,1.4994715818040243,0.0,252.52059472040972
060371041243,533.0940172769907,2489.0874677069887,533.0947633631896,2944307.8523472548,0.02,0.08,0.02,0.13173040049709442,0.615066908212876,0.1317305848590092,727.5543150110387
060371042011,1496.5256955085063,11838.765204854184,0.0,414059.51972566964,0.36,2.86,0.0,0.36979955286404437,2.925422592045697,0.0,102.31633557192286
060371042012,0.0,0.9707867894599169,0.0,337935.7400187809,0.0,0.0,0.0,0.0,0.00023988663993277748,0.0,83.50573994872967
060371042013,1703.9232132535358,1703.9201654645767,0.0,338101.40754228854,0.5,0.5,0.0,0.42104859560177305,0.4210478424767197,0.0,83.54667728532274
060371042031,38197.88635522074,37566.716167847175,35484.582721015664,353999.62106730795,10.79,10.61,10.02,9.43890327904625,9.282937729124603,8.768431349479759,87.47521140306911
060371042032,4640.453228120261,3235.634934321283,0.0,353990.76318563183,1.31,0.91,0.0,1.146680965115196,0.799542804733947,0.0,87.47302257283854
060371042041,1217.2525153799536,2306.9047425991707,0.0,353699.84351886105,0.34,0.65,0.0,0.30078964715483,0.5700485764283809,0.0,87.40113475760485
060371042042,0.0,2198.421578335301,0.0,2310629.693647953,0.0,0.1,0.0,0.0,0.5432418027401923,0.0,570.9690318782368
060371043101,18670.552856145285,17426.045953266963,5246.593921852369,302796.8247963292,6.17,5.76,1.73,4.613594085720654,4.306069732746385,1.2964615924626406,74.82272489834335
060371043102,16376.12645689521,26300.38816102061,0.0,647429.7752581276,2.53,4.06,0.0,4.046628975085629,6.498967449263517,0.0,159.98338158836074
060371043103,33112.84740123378,35526.390379489305,4999.704770945264,558401.0178765438,5.93,6.36,0.9,8.182362788545909,8.778762246875138,1.2354539546476357,137.98389653403677
060371043211,8000.364861060132,10315.11183571372,3306.3375494201546,176951.63055120685,4.52,5.83,1.87,1.9769332108687692,2.548919645040511,0.8170138014086799,43.72570016859287
060371043212,14033.607041022377,14656.772745771887,2688.16943110097,165849.3552877806,8.46,8.84,1.62,3.467779821232132,3.6217674204215142,0.6642611327205781,40.98226820447046
060371043213,0.0,15258.083251428123,0.0,177057.3736629504,0.0,8.62,0.0,0.0,3.770354482301913,0.0,43.75182986055779
060371043221,7313.06155526745,8186.9163426358855,3416.770526125554,212205.60919310473,3.45,3.86,1.61,1.8070968653072246,2.0230310858868106,0.8443023842440223,52.43714800913435
060371043222,134236.4308812662,115032.20735622091,65477.975996025314,480106.33556040557,27.96,23.96,13.64,33.17054445970606,28.42507747976903,16.17996023619573,118.6368591934569
060371044011,13927.571975384495,14435.068278246177,1515.314729604424,415535.8344138218,3.35,3.47,0.36,3.441577985888787,3.566983053400599,0.37444242430171565,102.68114087610428
060371044012,1967.5210286800318,1967.5220218364752,1967.5220218364752,265581.4815436301,0.74,0.74,0.74,0.4861850343366488,0.4861852797509506,0.4861852797509506,65.62661330745365
060371044031,12442.62022886778,12379.778758696195,6406.866451100788,299732.2821520998,4.15,4.13,2.14,3.0746384181054407,3.059109952646734,1.5831711784084441,74.06545991921865
060371044032,21818.386616336284,26316.038879289317,9857.703259006734,393348.32169312774,5.55,6.69,2.51,5.391440747827872,6.502834825971541,2.435891524206978,97.1984870814496
060371044041,53368.48949863982,37680.073381975286,2862.3472555495973,274050.6986803601,19.47,13.75,1.04,13.187640955887801,9.310948906763786,0.707301410474077,67.71940243875356
060371044042,30439.09581918286,27676.297873780368,0.0,265570.29111005063,11.46,10.42,0.0,7.5216643839147785,6.838962143699395,0.0,65.62384809109521
060371045001,10714.862592409081,15599.732350158474,5645.180193073313,177007.06583607785,6.05,8.81,3.19,2.647700208265506,3.8547778131715895,1.394954405060267,43.739398525807665
060371045002,3647.462882402865,3023.200151125199,1582.051472703214,353997.1128890346,1.03,0.85,0.45,0.9013077069434864,0.7470490265953842,0.3909334326630184,87.47459161872008
060371046101,50480.31810070361,39136.63177004166,1374.625961063457,394656.99462942494,12.79,9.92,0.35,12.473958260858216,9.670872322876127,0.3396774724832543,97.52186720658906
060371046102,16882.473557470446,15043.523995696874,1205.645883630992,197480.22143975637,8.55,7.62,0.61,4.171750068528066,3.7173357355671315,0.2979215859889539,48.798425451091276
060371046201,0.0,0.0,0.0,177107.60033680924,0.0,0.0,0.0,0.0,0.0,0.0,43.764241141961506
060371046202,11835.689362877756,13585.850873609277,696.1024375998868,354064.5024664047,3.34,3.84,0.2,2.924662534940779,3.357136862679242,0.17201065838334367,87.49124394594303
060371047011,5002.079551789366,3460.088182626575,816.955810226165,244179.05772517194,2.05,1.42,0.33,1.2360407757740186,0.8550064102779706,0.20187417712775363,60.3379592054716
060371047012,5918.103812282669,7159.79784238315,0.0,164976.38311616614,3.59,4.34,0.0,1.4623953000963945,1.7692245770698756,0.0,40.76655208299345
060371047013,15521.815586343988,14168.076322934734,1978.4774982157796,141348.71652892506,10.98,10.02,1.4,3.8355241615265236,3.5010079044347004,0.48889243692081313,34.928028517774244
060371047031,102316.79528902055,72203.04436440137,2807.27089567581,873635.9521768775,11.71,8.26,0.32,25.28303073039129,17.841760820756065,0.693691745557642,215.88014522609754
060371047032,3711.6631964412545,15139.254031927325,0.0,294603.556394043,1.26,5.14,0.0,0.9171719500342544,3.7409911426877223,0.0,72.79812418433355
060371047041,0.0,2492.1236678348914,2318.5724268451895,681800.1933744994,0.0,0.37,0.34,0.0,0.615817169603692,0.5729317239948318,168.47649686819278
060371047042,7740.727895700099,1212.5165931991517,0.0,104505.03991004186,7.41,1.16,0.0,1.912775519500501,0.2996193752977441,0.0,25.82375775221223
060371047043,6870.051644948494,5829.338447703788,4387.147043950575,876822.877061872,0.78,0.66,0.5,1.6976267324241243,1.440460900821058,1.0840876438479534,216.6676515155113
060371048211,2082.253776903607,3654.2396221380145,0.0,354454.2794146926,0.59,1.03,0.0,0.5145361138532116,0.9029822758008442,0.0,87.58755992743683
060371048212,12173.832086889242,12173.831529503906,12173.831529503906,177351.14847041483,6.86,6.86,6.86,3.0082194217479836,3.0082192840150674,3.0082192840150674,43.82442319642173
060371048221,96937.39881603298,99786.11441579674,85557.52633462503,604357.234975329,16.04,16.51,14.16,23.95375291287057,24.657685867841657,21.14172518230456,149.33992509101995
060371048231,1185.7149333664693,444.37953587780447,0.0,354277.24023493525,0.33,0.13,0.0,0.29299654092083594,0.10980857472928676,0.0,87.54381259338825
060371048232,0.0,0.0,0.0,177060.5100223901,0.0,0.0,0.0,0.0,0.0,0.0,43.752604871853556
060371048241,16940.952103024094,19063.80862240294,3673.4333642548995,196982.6711405553,8.6,9.68,1.86,4.186200431834745,4.710769701855914,0.9077251527684195,48.675478094608096
060371048242,41013.378113841034,40925.11553705836,0.0,395046.6913354418,10.38,10.36,0.0,10.134626444077778,10.11281628637262,0.0,97.61816335978585
060371060101,6664.44954193222,0.0,0.0,1559648.968714539,0.43,0.0,0.0,1.6468213463278365,0.0,0.0,385.39765336907715
060371060102,1184.673766315324,152670.2592662814,0.0,958159.4270005613,0.12,15.93,0.0,0.2927392629394916,37.7256426546855,0.0,236.76635071533426
060371060201,2752.0202771786708,4108.0782093341,0.0,954339.5523140109,0.29,0.43,0.0,0.6800390203976096,1.0151282330144524,0.0,235.82243912375745
060371060202,0.0,0.0,0.0,581667.9149093616,0.0,0.0,0.0,0.0,0.0,0.0,143.73327200088846
060371060203,0.0,0.0,0.0,481900.96085258626,0.0,0.0,0.0,0.0,0.0,0.0,119.08032076087183
060371061111,18138.983832293798,0.0,0.0,1682183.0626725582,1.08,0.0,0.0,4.482240519305703,0.0,0.0,415.676487399307
060371061112,0.0,0.0,0.0,1104457.1416708033,0.0,0.0,0.0,0.0,0.0,0.0,272.9173033066989
060371061121,3578.0261654622186,2961.848668919488,1549.3763198715294,540136.1135976067,0.66,0.55,0.29,0.8841495205160403,0.7318887451813659,0.38285922655804705,133.47054039472874
060371061122,4473.681424155498,0.0,0.0,453330.7534697973,0.99,0.0,0.0,1.1054707548785156,0.0,0.0,112.02046876695175
060371061123,21112.539451621862,610314.8222728192,0.0,2235007.943122212,0.94,27.31,0.0,5.217022114933598,150.8120769727902,0.0,552.2824903673587
060371061131,49577.87145155722,51306.43299225419,44085.763661750345,958111.7302749534,5.17,5.35,4.6,12.250958837367133,12.678095696270528,10.893829446908114,236.7545645977582
060371061132,1130.0893876808034,14565.023864378181,0.0,485352.7476297441,0.23,3.0,0.0,0.2792511692348602,3.599095778085537,0.0,119.93327584918474
060371061141,28081.665123847684,27082.023234258282,3.4203149074828616,340687.76641361194,8.24,7.95,0.0,6.939130572661575,6.6921136822040275,0.0008451782199513848,84.1857804808321
060371061142,64598.364985932574,66821.35830631961,40884.13744838412,230694.8184965471,28.0,28.97,17.72,15.962603622004044,16.511917234437245,10.102690380138977,57.005931127087734
060371061143,27070.55856522017,7944.5925332485795,785.9485490521205,443034.7492107638,6.11,1.79,0.18,6.68928070078797,1.9631515685295835,0.19421211602708935,109.47627070693571
060371064031,4292.228787210991,5191.359371637989,0.0,266959.2974108241,1.61,1.94,0.0,1.0606328318081204,1.282812837861749,0.0,65.96707902290814
060371064032,0.0,0.0,0.0,218944.7110336196,0.0,0.0,0.0,0.0,0.0,0.0,54.10241634018085
060371064033,4908.981665630595,4908.986690275912,4908.986690275912,619738.6482013464,0.79,0.79,0.79,1.2130357871009687,1.2130370287178667,1.2130370287178667,153.1407550737391
060371064051,17106.208125039506,14652.839201328488,2803.306434182563,531332.7807569876,3.22,2.76,0.53,4.22703608419461,3.6207954204213104,0.6927121057880412,131.29518947496516
060371064052,6762.615703908092,0.0,0.0,531291.1985474088,1.27,0.0,0.0,1.6710787332300518,0.0,0.0,131.28491428720494
060371064053,6071.134659484366,1542.8178456351482,0.0,109110.87304241696,5.56,1.41,0.0,1.5002100459704133,0.3812385922800235,0.0,26.96188390536189
060371064061,8063.361066712355,15175.14466951587,3363.2657424780373,1372589.6369195683,0.59,1.11,0.25,1.9924999122974456,3.7498599123801397,0.8310810642704844,339.1742858288879
060371064062,0.0,0.0,0.0,354518.997989359,0.0,0.0,0.0,0.0,0.0,0.0,87.60355223551778
060371064063,7140.003129380958,2161.0156596051665,0.0,286624.18246463407,2.49,0.75,0.0,1.7643331969624358,0.5339985989232526,0.0,70.8263779456378
060371064071,0.0,0.0,0.0,88640.66621840766,0.0,0.0,0.0,0.0,0.0,0.0,21.9035856394033
060371064072,53396.865496149316,61994.90907107818,11633.957807240902,143495.12744907924,37.21,43.2,8.11,13.194652817576895,15.319275655031003,2.8748135819311695,35.458418206984234
060371064081,17070.60293033738,3591.4821099230267,483.8131183655926,176929.35190709116,9.65,2.03,0.27,4.218237848975528,0.8874745568050293,0.11955282517254856,43.720194995740094
060371064082,11416.537775492223,4956.228846859929,0.0,52142.43973136375,21.89,9.51,0.0,2.821087922047309,1.2247108198418917,0.0,12.884677460447318
060371065101,0.0,5845.358635479637,3587.265484098536,963818.0934179942,0.0,0.61,0.37,0.0,1.4444195754325848,0.8864326058721642,238.16463763900944
060371065102,10370.551606100911,32626.692878013513,0.0,1023812.6121980565,1.01,3.19,0.0,2.56261911065049,8.062231389633576,0.0,252.98960608809577
060371065103,166329.6922962382,20310.151607422285,0.0,3802772.220739489,4.37,0.53,0.0,41.10096206417818,5.018747760608045,0.0,939.6854802385709
060371065201,3479.0729918632437,776.1695464956249,0.0,708648.432823469,0.49,0.11,0.0,0.8596976588064791,0.1917956718699981,0.0,175.1108413189522
060371065202,12211.398072425729,5861.303947176915,1685.9437641296854,1138588.2812079985,1.07,0.51,0.15,3.0175021789341674,1.4483597477621535,0.41660577696745454,281.3512915619466
060371065203,21567.464530093726,0.0,0.0,358644.640103019,6.01,0.0,0.0,5.329436549988368,0.0,0.0,88.62302060381073
060371066031,711.9481621576545,21512.015447800688,0.0,4340362.8218566915,0.02,0.5,0.0,0.1759262221948145,5.315734783356342,0.0,1072.5270108007999
060371066032,0.0,0.0,0.0,5980781.465059311,0.0,0.0,0.0,0.0,0.0,0.0,1477.883285395233
060371066041,18889.51798528804,15703.655648361391,601.1036792941064,543567.4003530036,3.48,2.89,0.11,4.667701547485481,3.880457819417347,0.14853595397328678,134.31842981734434
060371066042,17359.19855839454,33741.585678255826,2743.676341391209,1296367.7169801302,1.34,2.6,0.21,4.289551381736349,8.337727400332449,0.6779771889619113,320.3394392260933
060371066043,23462.733442905454,35587.43033504602,4437.163979914483,780473.6348180758,3.01,4.56,0.57,5.79776769767157,8.793845548377718,1.0964470978891339,192.85923525678572
060371066411,3997.2874691188854,0.0,0.0,1135487.8106650321,0.35,0.0,0.0,0.987751244890542,0.0,0.0,280.58514860569915
060371066421,4443.868729891631,0.0,0.0,687919.4584037807,0.65,0.0,0.0,1.098103877689879,0.0,0.0,169.988600187552
060371066422,1037.1188737869468,0.0,0.0,476110.8356040636,0.22,0.0,0.0,0.2562776549339204,0.0,0.0,117.64954965259298
060371066423,3033.5956539628905,3551.645747156521,1463.952959870765,413562.9471556583,0.73,0.86,0.35,0.7496178112896349,0.8776307771873475,0.36175065459885114,102.19362981758408
060371066431,4313.887462775987,0.0,0.0,1858108.6734302042,0.23,0.0,0.0,1.0659848070956823,0.0,0.0,459.1486525554191
060371066432,8829.535290600745,0.0,0.0,1242620.7664701845,0.71,0.0,0.0,2.1818256861616954,0.0,0.0,307.0582785176363
060371066433,1624.6614241140096,0.0,0.0,1238201.3994538228,0.13,0.0,0.0,0.40146258096068044,0.0,0.0,305.9662291452148
060371066451,0.0,0.0,0.0,603822.8377365719,0.0,0.0,0.0,0.0,0.0,0.0,149.2078726574819
060371066452,1046.5858323375223,0.0,0.0,1924109.8292065915,0.05,0.0,0.0,0.2586169913378942,0.0,0.0,475.4578933308171
060371066461,46352.61850342674,42711.7220420495,26793.15606624045,829371.4282479824,5.59,5.15,3.23,11.45398147729125,10.554296368320175,6.620733050457642,204.94214315518542
060371066462,6713.159087307121,2323.2256417571316,0.0,646842.2056454819,1.04,0.36,0.0,1.6588577371187936,0.574081558440696,0.0,159.83818997508942
060371066481,53192.653374100846,28372.654327962533,0.0,656675.1628665734,8.1,4.32,0.0,13.144190903257888,7.011035570947201,0.0,162.26796662015755
060371066482,10009.151214045718,20419.408708562645,1747.9067622329176,136252.82231828186,7.35,14.99,1.28,2.473315128909308,5.04574577826333,0.431917167250603,33.66880563493694
060371066491,40622.09519908491,34749.797412222586,29455.388732655152,354541.4266346456,11.46,9.8,8.31,10.037938330165384,8.586861945453977,7.278585069046395,87.60909447446711
060371066492,9213.336771829461,0.0,0.0,758131.389642549,1.22,0.0,0.0,2.2766650975883804,0.0,0.0,187.33834623985422
060371070101,2156.7196454554364,2156.717634076156,621.7781246845418,265379.2521187558,0.81,0.81,0.23,0.5329370307079951,0.5329365336853509,0.15364472068811239,65.5766413282762
060371070102,14961.157358919765,73675.80624922217,62524.570163408236,419291.0099378282,3.57,17.57,14.91,3.6969824963661564,18.205688208115006,15.450157761299536,103.60906495644004
060371070201,9043.296822796074,9292.742234080999,0.0,207316.02545433075,4.36,4.48,0.0,2.234647311117828,2.2962866146286234,0.0,51.22890555414896
060371070202,0.0,0.0,0.0,261690.83086918812,0.0,0.0,0.0,0.0,0.0,0.0,64.66521258839018
060371070203,1045.952087100812,1045.9542825242834,0.0,285795.6979988199,0.37,0.37,0.0,0.25846038947942385,0.2584609319803783,0.0,70.62165497567317
060371070204,5620.19205766942,0.0,0.0,239158.4936744775,2.35,0.0,0.0,1.3887797023291348,0.0,0.0,59.09735081054441
060371081011,2545.150551862796,10401.885941354692,0.0,1128631.4764006094,0.23,0.92,0.0,0.6289203980094226,2.5703619935163955,0.0,278.8909115118226
060371081021,71062.20162236501,54096.76282889774,32381.569886035144,497620.2091730308,14.28,10.87,6.51,17.559852439791122,13.367601214973547,8.001660179194388,122.96463161347238
060371081022,1852.5064632400508,0.0,0.0,460060.41146653425,0.4,0.0,0.0,0.45776431626932207,0.0,0.0,113.68340347337899
060371081023,1201.8156006304305,0.0,0.0,1226127.5010927415,0.1,0.0,0.0,0.29697510244697295,0.0,0.0,302.9827038849041
060371081031,1216.1723024708965,0.0,0.0,1344610.3266328052,0.09,0.0,0.0,0.30052272073187164,0.0,0.0,332.2604476872891
060371081032,1060.2468092683146,0.0,0.0,1220318.1317270035,0.09,0.0,0.0,0.26199269225359173,0.0,0.0,301.5471774516997
060371081041,1439.8864160993849,912.0237104150254,0.0,826017.2723854758,0.17,0.11,0.0,0.35580368211962804,0.2253659668692044,0.0,204.1133131912804
060371082021,0.0,145056.06600964637,93761.93530221193,750274.1048808862,0.0,19.33,12.5,0.0,35.84413452543998,23.169078789952756,185.3967688915274
060371082022,2208.010608649807,0.0,0.0,3646817.05904031,0.06,0.0,0.0,0.5456113037339585,0.0,0.0,901.1481205151217
060371082023,997.8019586299399,11854.95215695252,0.0,1582034.7356696893,0.06,0.75,0.0,0.24656223361593602,2.929422475018747,0.0,390.92929685196464
060371082031,0.0,0.0,0.0,862383.3054003816,0.0,0.0,0.0,0.0,0.0,0.0,213.09955565187622
060371082032,0.0,0.0,0.0,509996.1798634597,0.0,0.0,0.0,0.0,0.0,0.0,126.02280057195728
060371082041,144698.53112379625,252729.2355336887,203950.85812303168,1432704.5945026258,10.1,17.64,14.24,35.75578573108417,62.45075415445722,50.39735459704746,354.02901535433176
060371091001,56110.51749350983,123767.28409933447,19921.095299798915,533728.4598497814,10.51,23.19,3.73,13.865210829553801,30.58356195052107,4.922609853300565,131.88717467106287
060371091002,30509.138313318836,66222.09994133092,2057.8427369883916,2172177.7870034166,1.4,3.05,0.09,7.53897226114716,16.363837267559322,0.5085040145229521,536.7568206719823
060371092001,692.2030754301035,0.0,0.0,312678.85093493696,0.22,0.0,0.0,0.17104710500690073,0.0,0.0,77.26462673699253
060371092002,699.3700455573337,0.0,0.0,352774.35054539144,0.2,0.0,0.0,0.17281810189415375,0.0,0.0,87.17244046335045
060371092003,120610.25219409128,49406.20298327392,44160.519224246455,351489.0453726562,34.31,14.06,12.56,29.803442377271942,12.208538635026104,10.912301948695509,86.85483463834
060371093001,7498.943836804241,4641.675809131037,0.0,321984.00362204935,2.33,1.44,0.0,1.8530293773943605,1.1469830714622382,0.0,79.56398004135166
060371093002,2220.87829819675,0.0,0.0,500121.8903534883,0.44,0.0,0.0,0.548790979068057,0.0,0.0,123.58281049587856
060371093003,20185.41015404995,3242.887641025954,1824.1012256526674,410984.40690234787,4.91,0.79,0.44,4.987923476187706,0.8013349875908743,0.45074522919962623,101.55645864466136
060371094001,0.0,9872.235245314481,0.0,525703.6347924174,0.0,1.88,0.0,0.0,2.4394824562270294,0.0,129.90419721405567
060371094002,2674.198173167761,0.0,0.0,364280.3084514231,0.73,0.0,0.0,0.6608087596994162,0.0,0.0,90.01562458086555
060371094003,847.8369327832448,847.5777693601756,0.0,400848.21465984615,0.21,0.21,0.0,0.20950506869735513,0.20944102802083525,0.0,99.05175099395346
060371095001,30267.83155842837,30779.809362044616,1618.8350703093383,417466.00196798885,7.25,7.37,0.39,7.479344063429347,7.605856533894662,0.4000228575812145,103.15809566587228
060371095002,34891.90410708185,15392.022149782297,0.0,501576.1422432136,6.96,3.07,0.0,8.621977274496214,3.8034515048730126,0.0,123.94216396383848
060371095003,18601.915987474466,20293.987913699224,7909.32635880855,275470.1033836923,6.75,7.37,2.87,4.596633546105039,5.01475362490469,1.9544371070416926,68.07014497942676
060371096011,5844.137454580679,3478.8311817916046,0.0,428329.36448893824,1.36,0.81,0.0,1.4441178150607075,0.8596379062364841,0.0,105.84249100562758
060371096012,725.0333724463493,0.0,0.0,284922.5439596831,0.25,0.0,0.0,0.1791596480747805,0.0,0.0,70.40589391375268
060371096013,697.00210547956,0.0,0.0,782755.1138904126,0.09,0.0,0.0,0.1722329711579441,0.0,0.0,193.42300101326487
060371096014,2486.5838984520515,1767.8037730304084,0.0,751887.895429973,0.33,0.24,0.0,0.6144482627771053,0.4368338256937732,0.0,185.7955452207676
060371096031,4149.136303396301,4149.139451729551,0.0,320170.6015889239,1.3,1.3,0.0,1.0252739090100071,1.025274686980096,0.0,79.11587864020285
060371096032,20293.327537879704,21511.91197855768,0.0,320205.74167526263,6.34,6.72,0.0,5.014590442485895,5.315709215549579,0.0,79.12456194464237
060371096033,19357.288107098164,21496.39512760568,1893.3741599402433,358519.51116148353,5.4,6.0,0.53,4.783290061874315,5.311874918175915,0.46786294405210754,88.59210056898003
060371096041,53069.267835666156,75196.85166293087,38222.2632925101,414254.6856908749,12.81,18.15,9.23,13.113701672715454,18.58154671529838,9.44492695143414,102.36456213220431
060371096042,47046.11301464493,55097.51235767904,51470.49219093073,327102.2890503645,14.38,16.84,15.74,11.625347703031206,13.614891809036136,12.718635607142692,80.8287359145733
060371096043,12568.137605985392,24977.571201231087,4467.713678980641,433520.40704118233,2.9,5.76,1.03,3.1056544374588464,6.172092259803491,1.1039960929305839,107.12522555571215
060371097001,725.7666309830979,0.0,0.0,591806.7489166579,0.12,0.0,0.0,0.17934084020521782,0.0,0.0,146.23863244589367
060371097002,3187.196714101738,7409.281248590878,1447.5930923694502,585432.3733499985,0.54,1.27,0.25,0.7875734598490058,1.830873269330564,0.3577080432991865,144.66348993987933
060371097003,3367.6960021112777,5036.654006403403,0.0,409620.37170124147,0.82,1.23,0.0,0.832175805267155,1.2445843095704396,0.0,101.21939820595733
060371098001,2881.208315408331,1412.484678358962,0.0,337937.221555899,0.85,0.42,0.0,0.7119620798653444,0.3490325652624176,0.0,83.50610604452439
060371098002,905.8101744543116,829.5500672501527,0.0,285661.5980052239,0.32,0.29,0.0,0.22383056869537224,0.20498628581396164,0.0,70.58851814560089
060371098003,9618.254975861102,8920.119420051758,8920.119420051758,356497.10623679205,2.7,2.5,2.5,2.3767225648586185,2.2042095120245593,2.2042095120245593,88.09235342858307
060371098004,1231.924993267285,3525.3270855092696,0.0,419312.06824613956,0.29,0.84,0.0,0.30441529540024753,0.8711272942612982,0.0,103.61426857774838
060371111001,1602.6664341168118,1602.6671384709496,0.0,472111.81404721335,0.34,0.34,0.0,0.3960275005670564,0.39602767461675425,0.0,116.66136990529208
060371111002,51651.12916665456,52093.32987820766,50015.68241553036,587132.4479289242,8.8,8.87,8.52,12.763271975936004,12.872542151449386,12.359144282630224,145.08358751722741
060371112011,35887.53741967708,35147.94566916538,33335.01308772651,485031.0355501888,7.4,7.25,6.87,8.868003624006475,8.685246522366313,8.237261125255609,119.85377906304363
060371112012,35950.02115012284,34276.66447696338,32463.80204011798,763628.7053437246,4.71,4.49,4.25,8.883443690053767,8.469948251002071,8.021980186997894,188.69676253323865
060371112013,0.0,0.0,0.0,664146.0406730449,0.0,0.0,0.0,0.0,0.0,0.0,164.11406073042025
060371112021,12581.382857565419,12769.257362644425,0.0,485525.27514012787,2.59,2.63,0.0,3.1089274104031577,3.15535221164866,0.0,119.9759083254517
060371112022,101895.70310764461,115303.80680867031,80639.60660946471,733443.2616379677,13.89,15.72,10.99,25.178976586279546,28.492191166072814,19.926480752593925,181.23777695157196
060371112023,7397.392214702773,14439.267096028001,0.0,647719.35714632,1.14,2.23,0.0,1.8279354250763677,3.5680206038702877,0.0,160.0549388313085
060371112041,1660.5775381363007,0.0,0.0,1412468.597690633,0.12,0.0,0.0,0.41033764601697686,0.0,0.0,349.02859164273593
060371112042,770.1534895085665,0.0,0.0,809373.663524826,0.1,0.0,0.0,0.19030907181328285,0.0,0.0,200.00058787477926
060371112043,1272.281106257281,0.0,0.0,1089435.1976768856,0.12,0.0,0.0,0.3143875080951725,0.0,0.0,269.2053001057035
060371112051,66478.42363092424,66980.05747144578,43193.26471974003,512064.536923898,12.98,13.08,8.44,16.427176230655352,16.551132652174267,10.673288155383615,126.53390273238718
060371112052,24869.91193895452,15519.349915742325,371.68568100054745,336082.6245391501,7.4,4.62,0.11,6.145489076730166,3.8349148810519273,0.0918455319895234,83.04782514123279
060371112053,1523.83207353401,0.0,0.0,310910.72685888794,0.49,0.0,0.0,0.3765471058225231,0.0,0.0,76.82771376269915
060371112061,15081.819687383755,9.801465675268453,0.0,616296.6082268534,2.45,0.0,0.0,3.726798807069967,0.0024219949146245382,0.0,152.29020847281677
060371112062,0.0,0.0,0.0,511411.19194129633,0.0,0.0,0.0,0.0,0.0,0.0,126.37245767123174
060371112063,1229.6768732807732,0.0,0.0,503535.32452238956,0.24,0.0,0.0,0.3038597728533966,0.0,0.0,124.42628844829797
060371112064,83820.25376719014,67772.39492693103,66982.6782310368,475970.56298411667,17.61,14.24,14.07,20.712435781816122,16.746923501362673,16.55178025597274,117.6148875333316
060371112065,16792.083393356366,14853.460092488991,14853.460092488991,515524.6018277446,3.26,2.88,2.88,4.149414172543777,3.670369922261809,3.670369922261809,127.38890339035335
060371113021,30738.354473044397,46710.005127167795,17248.85527776766,647657.3895632506,4.75,7.21,2.66,7.595612807734583,11.542293635282046,4.2622849632847055,160.03962630805555
060371113022,7549.790803553045,2293.2736597999497,0.0,193732.5854207273,3.9,1.18,0.0,1.865593936509272,0.5666802625134689,0.0,47.87236442300901
060371113023,3626.510100915725,1458.9285532740491,0.0,646560.5485869511,0.56,0.23,0.0,0.8961301618813086,0.36050909669012354,0.0,159.76859100019823
060371113024,0.0,0.0,0.0,64846.27813467816,0.0,0.0,0.0,0.0,0.0,0.0,16.02386429519555
060371113031,30892.61790577935,58724.82727375811,9207.684845293821,647795.8098463314,4.77,9.07,1.42,7.633732132126989,14.51122084507539,2.275268476125767,160.073830704909
060371113032,29657.743293166302,42936.4445665979,1373.2461403152436,916102.5190344882,3.24,4.69,0.15,7.328587969913124,10.609826513472973,0.3393365113509107,226.3738624290483
060371113041,0.0,0.0,0.0,133343.56681796815,0.0,0.0,0.0,0.0,0.0,0.0,32.94991294474647
060371113042,70733.95134239654,72788.20870186416,0.0,304097.3902339045,23.26,23.94,0.0,17.47874002914281,17.986358077585788,0.0,75.1441016169184
060371114011,62767.43076851547,101737.60735164251,94533.18598896045,840799.3371336177,7.47,12.1,11.24,15.510169923767906,25.139910274184306,23.359658985108563,207.76604093974237
060371114021,3805.483105872433,5086.263394684848,2040.330325579953,220156.40158615506,1.73,2.31,0.93,0.9403553545434606,1.2568430563860786,0.50417660342146,54.401831596385286
060371114022,18204.63041466534,24130.45237626439,11288.740907216343,647492.3412664271,2.81,3.73,1.74,4.498462143084638,5.962764639412079,2.7895086281616885,159.99884198570845
060371114023,0.0,0.0,0.0,103581.50231642631,0.0,0.0,0.0,0.0,0.0,0.0,25.595546642842592
060371131011,839.6174900748716,8427.8681585418,0.0,1099860.241887554,0.08,0.77,0.0,0.20747400017145506,2.0825715762714476,0.0,271.7813846321928
060371131012,48038.544476598225,55555.61706904117,6013.180369440405,1168112.8345218727,4.11,4.76,0.51,11.870582858017192,13.72809194848918,1.4858892290214416,288.64696757121914
060371131021,1258.9616951095131,0.0,0.0,1974378.188543606,0.06,0.0,0.0,0.31109620992258535,0.0,0.0,487.87947544051866
060371131022,41403.376454798454,27480.183260272555,25398.04852468176,1696498.189692217,2.44,1.62,1.5,10.230997132891623,6.790501167317261,6.275994469213062,419.21383232225065
060371132111,44091.24803874505,0.0,0.0,2152468.3861732236,2.05,0.0,0.0,10.895184665977501,0.0,0.0,531.8865216613482
060371132112,12467.582825375923,1063.8928775515637,0.0,5131344.716091273,0.24,0.02,0.0,3.080806810037996,0.26289365534757936,0.0,1267.9828935092573
060371132121,14223.358360943754,21811.673655365375,3654.6387459774683,545484.6504434663,2.61,4.0,0.67,3.5146683935252017,5.389781939046381,0.9030809014494451,134.79219263231607
060371132122,16476.602432011667,32039.75374887648,18288.127123254955,453064.7264040992,3.64,7.07,4.04,4.071457129245067,7.917195572230163,4.519094629111929,111.95473204740183
060371132131,26899.064822055727,30741.77185838364,2458.165245134203,888587.0023833059,3.03,3.46,0.28,6.646903673964088,7.596457262042457,0.6074258606082152,219.57463019069175
060371132132,30074.574308179905,27534.678719115655,3590.9003780520106,412269.6735191526,7.29,6.68,0.87,7.431589156885405,6.803967288462913,0.8873308077291303,101.87405494229392
060371132311,13623.775603689806,14609.37035606707,0.0,3219726.4576490894,0.42,0.45,0.0,3.36650826757283,3.6100540348310504,0.0,795.6117345373032
060371132312,3123.6276570228397,325876.7762848354,0.0,921450.9670842527,0.34,35.37,0.0,0.7718652037500167,80.52590511515436,0.0,227.6954927246427
060371132321,6042.133850262585,0.0,0.0,1158129.722606403,0.52,0.0,0.0,1.4930437899448086,0.0,0.0,286.1800868931176
060371132322,55316.878433590566,56039.599931919496,3890.373292219709,907685.4644082711,6.09,6.17,0.43,13.669098346905209,13.847686718444299,0.9613321764236231,224.29396293480696
060371132341,20870.10035145032,18459.283770061145,0.0,377935.89288739255,5.52,4.88,0.0,5.157114108603153,4.561388357611613,0.0,93.38999298207287
060371132342,0.0,0.0,0.0,275642.74824152753,0.0,0.0,0.0,0.0,0.0,0.0,68.11280645288048
060371132343,14222.037082542758,27098.992696509555,0.0,239612.43733528553,5.94,11.31,0.0,3.5143418985218995,6.696306927646921,0.0,59.20952273201298
060371132344,28768.952240615505,24558.258767591422,7649.113617698401,129729.60116608313,22.18,18.93,5.9,7.108962917827955,6.068477900935036,1.8901371383870524,32.05688258372819
060371132351,4757.757735191079,6936.184495647248,2054.6441446867616,1426749.5251061907,0.33,0.49,0.14,1.175667540082748,1.713968515723551,0.5077136251520998,352.55748565946226
060371132371,143474.93879617433,171653.48538630956,4018.7236734806684,3990681.7188139106,3.6,4.3,0.1,35.45342948220686,42.416499986552516,0.9930482463465685,986.1189284415544
060371132372,0.0,0.0,0.0,756601.4173888535,0.0,0.0,0.0,0.0,0.0,0.0,186.96028186247062
060371132381,26522.04743600316,26522.05870283089,10773.80321550114,146477.74820000157,18.11,18.11,7.36,6.553740648963815,6.55374343305758,2.6622647534185817,36.19543984541278
060371132382,68772.28575108263,51385.53055966934,12141.265032299232,316077.6447362829,21.76,16.26,3.84,16.994001904890172,12.697641130839775,3.0001719273002574,78.10448697580235
060371132383,1414.0815184047988,0.0,0.0,247133.02919608456,0.57,0.0,0.0,0.3494271530310862,0.0,0.0,61.06790145263459
060371132391,31439.325131327685,38787.266677656946,0.0,336129.43984156934,9.35,11.54,0.0,7.768826429646966,9.58454232845109,0.0,83.05939345439559
060371132392,2203.7950488625725,2203.7959852800486,0.0,98123.0703366831,2.25,2.25,0.0,0.5445696162246362,0.5445698476184339,0.0,24.246738726275574
060371133011,2776.0150481298406,0.0,0.0,484306.1805885337,0.57,0.0,0.0,0.6859682574267156,0.0,0.0,119.67466350123549
060371133012,515960.7462747709,702387.0083672912,363701.26798401144,1770024.1792125627,29.15,39.68,20.55,127.49667703031056,173.56360964018054,89.87254056528087,437.38250001042655
060371133031,2927.1427671767183,0.0,0.0,878725.742518187,0.33,0.0,0.0,0.7233127300920569,0.0,0.0,217.1378598099747
060371133032,290568.67537099484,427237.77495751117,17604.03201474618,3217107.424224201,9.03,13.28,0.55,71.8010833699586,105.57275335805873,4.350051046364046,794.9645572837709
060371133221,4363.195195433402,0.0,0.0,1017878.1973822082,0.43,0.0,0.0,1.0781690131832737,0.0,0.0,251.52318025124117
060371133222,46802.416695885055,53005.46930537419,44814.19579294009,768934.2589349017,6.09,6.89,5.83,11.565129031221904,13.097936712550611,11.073828946558697,190.00779337728096
060371133231,75549.8980369698,53430.79513915073,2801.716287424159,561625.553733737,13.45,9.51,0.5,18.668786374230866,13.203037014953804,0.692319171966717,138.78069669708304
060371133232,13064.595095124141,13163.814241030173,2477.108884829998,162295.6514107441,8.05,8.11,1.53,3.228331754694708,3.2528493395926645,0.6121069359216211,40.104128852314005
060371133241,45605.395316213646,6617.30599749045,1449.2101350484506,324460.33168583625,14.06,2.04,0.45,11.269338606573848,1.6351719227948387,0.35810762324722956,80.17589403219156
060371134231,1693.1734183633994,1693.176998628213,0.0,353856.2445555589,0.48,0.48,0.0,0.4183922634347521,0.41839314813745465,0.0,87.43978229543993
060371134232,8121.616643950575,11824.802048131403,2278.5293326050687,356817.86515129375,2.28,3.31,0.64,2.006895178933486,2.9219722208772283,0.5630368599175012,88.17161468251
060371134241,153366.05005033803,157781.96712301145,118637.89987123298,1143309.9400863436,13.41,13.8,10.38,37.89757630180115,38.988773174571485,29.316063504144388,282.51803888023784
060371134242,8532.51676346644,6365.32957447004,2772.211594369394,597823.1169873985,1.43,1.06,0.46,2.1084308097113573,1.5729071926636484,0.6850284035343477,147.7253093730609
060371134251,4893.834967297582,0.0,0.0,53982.6314447128,9.07,0.0,0.0,1.2092929564314217,0.0,0.0,13.339398735747151
060371134252,47989.47386971737,23706.58334508735,750.2287729106556,285314.12005256396,16.82,8.31,0.26,11.858457246985074,5.858024320770959,0.1853855671177309,70.50265447355743
060371134261,108692.9349223738,100720.02359388517,19001.74949893291,1866016.2412680855,5.82,5.4,1.02,26.858609146778953,24.888459851548888,4.695434558477334,461.1026551224763
060371134271,3566.3285246441737,0.0,0.0,189050.59551136135,1.89,0.0,0.0,0.8812589705194315,0.0,0.0,46.71541952042972
060371134272,0.0,0.0,0.0,70192.25857757094,0.0,0.0,0.0,0.0,0.0,0.0,17.344884831852575
060371134281,0.0,0.0,0.0,280009.03352469776,0.0,0.0,0.0,0.0,0.0,0.0,69.19173904337272
060371134282,2958.8316076957212,0.0,0.0,486051.2954175874,0.61,0.0,0.0,0.7311432131167572,0.0,0.0,120.1058907667728
060371134283,25276.477937498134,25268.095371087573,17796.850016204913,504432.02073504747,5.01,5.01,3.53,6.245953722891865,6.2438823456213095,4.397697412168243,124.64786690798695
060371151011,8089.099678864109,11052.147821451561,3484.9884113298876,1294983.000627626,0.62,0.85,0.27,1.9988600618716401,2.731045203451288,0.8611593907903223,319.99726836358394
060371151012,4630.853482591983,1443.6150985488148,0.0,1453837.8189773927,0.32,0.1,0.0,1.144308816334443,0.35672505961866435,0.0,359.2511488498003
060371151013,7867.377917465383,32026.17693999815,1810.5113614562933,1133564.4290711358,0.69,2.83,0.16,1.9440714214416361,7.913840669693177,0.44738710062329423,280.10987066323247
060371151031,25.20331778197599,0.0,0.0,1518657.0136183333,0.0,0.0,0.0,0.0062278754547533685,0.0,0.0,375.26832066794435
060371151041,7910.747922667506,1993.5305624941407,0.0,769759.2537745119,1.03,0.26,0.0,1.9547883831213397,0.4926121301115673,0.0,190.21165404183128
060371151042,0.0,0.0,0.0,62935.63868483268,0.0,0.0,0.0,0.0,0.0,0.0,15.551735005095267
060371151043,0.0,0.0,0.0,123972.48529584549,0.0,0.0,0.0,0.0,0.0,0.0,30.634268270462442
060371151044,0.0,2.3382465913282804,0.0,63514.716508081336,0.0,0.0,0.0,0.0,0.0005777933159144738,0.0,15.694828251508302
060371152021,64281.29183111737,94792.45224378386,66249.14418850622,507017.0081345677,12.68,18.7,13.07,15.884253139130436,23.42372507190826,16.370520046574068,125.28663120543322
060371152022,34241.88610332398,69076.47407864091,14303.903113477392,762478.3622885995,4.49,9.06,1.88,8.4613543277171,17.06916847760932,3.534571435325205,188.41250657378387
060371152023,47814.652965458976,57716.771878698375,1780.7111617113844,471863.6231792712,10.13,12.23,0.38,11.81525806074987,14.262124932139123,0.4400233108975308,116.60004060619256
060371152031,15218.410039575303,13951.585663233176,0.0,523761.2782585579,2.91,2.66,0.0,3.7605510181529938,3.447511897385069,0.0,129.42423046181108
060371152032,19610.854973047317,29529.246455419976,5382.9629535455115,81003.73342471702,24.21,36.45,6.65,4.845947799012113,7.296835709804493,1.3301591140594826,20.01645844817927
060371152041,15755.739167305057,18005.380955840374,11607.93962161975,394423.7929278664,3.99,4.56,2.94,3.893327937234074,4.449226529554569,2.868384348248171,97.46424181116666
060371152042,37437.88660693605,29030.093017407584,12019.953871859652,376355.4373109363,9.95,7.71,3.19,9.251103251331413,7.173492209093793,2.97019528672361,92.99945390396074
060371153011,0.0,0.0,0.0,596255.058385749,0.0,0.0,0.0,0.0,0.0,0.0,147.33783365413746
060371153012,1562.7168095587342,3721.952115276916,0.0,223237.71056785592,0.7,1.67,0.0,0.3861557333511626,0.9197143972480253,0.0,55.16323962772668
060371153013,1638.959148293051,0.0,0.0,578315.6291738359,0.28,0.0,0.0,0.40499562554805474,0.0,0.0,142.90490415542445
060371153014,40769.67620053694,40769.664341464464,37932.38620688534,243426.49667783958,16.75,16.75,15.58,10.074406389826493,10.074403459385865,9.373296763612244,60.1519973207932
060371153021,0.0,0.0,0.0,112680.76377265496,0.0,0.0,0.0,0.0,0.0,0.0,27.844023116053446
060371153022,107735.50301640002,128720.59736307626,85208.21983181417,335119.8878451431,32.15,38.41,25.43,26.62202257042447,31.807552314084354,21.055409665678525,82.80992772320775
060371153023,6747.331890265215,7466.328853991269,0.0,390016.54200847767,1.73,1.91,0.0,1.6673020206295557,1.8449700396248159,0.0,96.37518639150959
060371154011,5004.097835470667,0.0,0.0,300060.77726057684,1.67,0.0,0.0,1.2365395045329954,0.0,0.0,74.14663282830897
060371154012,5660.553126043579,3382.6820920115074,0.0,446567.10929606017,1.27,0.76,0.0,1.3987531395261539,0.8358789487286524,0.0,110.34913589329226
060371154013,15176.997539395608,13968.893409146021,0.0,488165.3696596776,3.11,2.86,0.0,3.7503177664985814,3.451788734541199,0.0,120.62828988881441
060371154014,36536.40293540003,5225.1275503749475,0.0,670377.5515280566,5.45,0.78,0.0,9.028341784790083,1.2911571365499965,0.0,165.65390059736472
060371154031,99553.27111192001,52660.288363077314,5527.613606533714,363285.9333761004,27.4,14.5,1.52,24.600149034415125,13.012640644129148,1.3659030688456069,89.7699091485565
060371154032,29350.202840945214,35404.33452633516,0.0,340458.9820130594,8.62,10.4,0.0,7.252593069150447,8.748601588721181,0.0,84.12924662425982
060371154041,15075.681394605264,10256.191742101408,0.0,576055.6381230778,2.62,1.78,0.0,3.725282001891381,2.5343601728323595,0.0,142.34644820471448
060371154042,42192.182032600285,53916.2473881534,19959.917383906304,377262.9952497199,11.18,14.29,5.29,10.425915236097772,13.322994878127703,4.932202999203272,93.22371635462741
060371171011,0.0,0.0,0.0,301173.5776999463,0.0,0.0,0.0,0.0,0.0,0.0,74.42161180537619
060371171012,0.0,0.0,0.0,161851.9799586644,0.0,0.0,0.0,0.0,0.0,0.0,39.994495248901764
060371171013,22588.378516849956,26293.439771299985,20840.68698368224,316468.65306560666,7.14,8.31,6.59,5.581709890130931,6.497250464771019,5.1498459071405875,78.20110723817673
060371171021,2326.106615088446,0.0,0.0,398471.6390102855,0.58,0.0,0.0,0.5747934624547271,0.0,0.0,98.4644863614832
060371171022,10889.06405402858,8796.039033651794,1704.6889239099282,640277.7577014185,1.7,1.37,0.27,2.69074632689113,2.173548580810603,0.4212378068256144,158.21607956175026
060371172011,8099.62600651737,8099.721263740275,4298.8846918373,387989.34347156424,2.09,2.09,1.11,2.0014611740818475,2.001484712654251,1.0622775416598136,95.87425472373592
060371172012,5948.984226930016,13763.794012750359,0.0,318003.7172107168,1.87,4.33,0.0,1.4700260167376913,3.4011075699561637,0.0,78.58042984933074
060371172013,0.0,12339.016235477826,0.0,85662.82246011293,0.0,14.4,0.0,0.0,3.0490373137972946,0.0,21.167744421560265
060371172021,6867.219172082755,2920.29103326413,2920.29103326413,1295280.54218404,0.53,0.23,0.23,1.6969268131361404,0.7216196297698753,0.7216196297698753,320.0707924833839
060371172022,4213.125597308852,7657.752806786437,2255.91825389716,518601.32761787705,0.81,1.48,0.44,1.0410860078920827,1.8922719285022185,0.5574495406879992,128.1491788903939
060371173011,1366.9348106252055,2082.478395118914,0.0,548772.1571346663,0.25,0.38,0.0,0.33777694782028883,0.5145916182229895,0.0,135.60455322732093
060371173012,1454.4863175298192,0.0,0.0,457529.2375560486,0.32,0.0,0.0,0.35941139633197855,0.0,0.0,113.0579367786687
060371173013,2085.212556837466,1329.7858290546278,0.0,325610.3413508117,0.64,0.41,0.0,0.5152672442974452,0.3285972345581745,0.0,80.46006760914625
060371173021,3119.4019237527436,1629.6514984948094,1629.6514984948094,398721.22473963763,0.78,0.41,0.41,0.7708210023183311,0.4026956551940975,0.4026956551940975,98.52616033834352
060371173022,1545.5039973982898,0.0,0.0,347856.046541061,0.44,0.0,0.0,0.38190235483613333,0.0,0.0,85.9571010761889
060371173023,11461.981608539116,1921.5214361399946,0.0,512289.38608248974,2.24,0.38,0.0,2.8323173377476913,0.4748182874747087,0.0,126.58946416949357
060371173024,67862.10301985117,236921.2278668306,49659.35513130935,792958.4230872791,8.56,29.88,6.26,16.769090853884396,58.544510389702374,12.27109389313563,195.944293624584
060371173031,5997.957325259491,5321.126106808486,1497.0464473551303,840168.2013474838,0.71,0.63,0.18,1.4821275328820251,1.3148788964578033,0.3699282334477541,207.61008389055215
060371173032,39244.23790452448,25613.921863330816,17041.00670461213,960435.7463319539,4.09,2.67,1.77,9.697462377785712,6.329337932908527,4.210924462327703,237.3288414720591
060371174041,6341.2850251919235,25533.082745674143,21510.650547071575,494235.023550133,1.28,5.17,4.35,1.5669656551420734,6.309362151902506,5.31539750904101,122.12813402878905
060371174042,10910.213719645444,4363.191260570367,0.0,404738.7613647436,2.7,1.08,0.0,2.6959725230812883,1.0781680408574426,0.0,100.01312602158296
060371174043,27695.35643026715,34495.03825805468,8110.023417066663,866687.7952650227,3.2,3.98,0.94,6.843671615570274,8.523909587481064,2.0040304301819014,214.1632182618999
060371174051,0.0,0.0,0.0,76495.8424235855,0.0,0.0,0.0,0.0,0.0,0.0,18.902534322732265
060371174052,33386.1591114251,26773.751143122834,2365.4733584329865,125339.49592375034,26.64,21.36,1.89,8.249899582952176,6.615937989528322,0.5845211965859999,30.97206395314054
060371174071,27627.287033157576,21297.46026403619,0.0,81180.69932977157,34.03,26.23,0.0,6.826851301231273,5.262717042826459,0.0,20.060187675654458
060371174072,0.0,0.0,0.0,117148.45163742093,0.0,0.0,0.0,0.0,0.0,0.0,28.94801283015267
060371174081,83891.67232679974,107499.15270204563,0.0,376514.181756254,22.28,28.55,0.0,20.730083692232288,26.563619135836042,0.0,93.03868051067677
060371175101,36389.21955693814,42953.120820262295,0.0,116764.11732152212,31.16,36.79,0.0,8.991971979909632,10.613947305496156,0.0,28.85304175241157
060371175102,0.0,0.0,0.0,176920.0808907445,0.0,0.0,0.0,0.0,0.0,0.0,43.717904077709164
060371175103,0.0,0.0,0.0,41429.98411427767,0.0,0.0,0.0,0.0,0.0,0.0,10.237572028737183
060371175201,696.2388142032887,0.0,0.0,163967.69046003258,0.42,0.0,0.0,0.1720443577759505,0.0,0.0,40.517298699416436
060371175202,17337.559641989454,44124.67155081349,4451.986475808916,161750.7752707987,10.72,27.28,2.75,4.284204289043535,10.903443795677145,1.1001098163914231,39.96948702590045
060371175301,29309.351539693846,31313.635221169185,5963.689231413641,82783.82557327824,35.4,37.83,7.2,7.242498492771297,7.737767776450675,1.473659702480094,20.456328797596196
060371175302,0.0,0.0,0.0,136313.9320350006,0.0,0.0,0.0,0.0,0.0,0.0,33.68390617479807
060371175303,42899.94112255103,41655.08824206516,3181.3930715346014,258668.864668951,16.58,16.1,1.23,10.600806316006905,10.293196470103945,0.7861393485385545,63.9184684776997
060371175304,5999.0330119524315,10629.319284252426,0.0,79118.26549959961,7.58,13.43,0.0,1.4823933408526233,2.6265619964714926,0.0,19.55054917729903
060371190011,0.0,0.0,0.0,488415.51019283896,0.0,0.0,0.0,0.0,0.0,0.0,120.69010096068165
060371190012,1892.4787600035588,0.0,0.0,584818.8390410306,0.32,0.0,0.0,0.4676416859091874,0.0,0.0,144.51188231041863
060371190031,1289.068168852777,0.0,0.0,283293.39144586906,0.46,0.0,0.0,0.3185356816015458,0.0,0.0,70.00332156035847
060371190032,0.0,0.0,0.0,282431.7194776644,0.0,0.0,0.0,0.0,0.0,0.0,69.79039777995568
060371190033,8119.292974661699,13734.675675562094,6925.411911288916,285989.6083368594,2.84,4.8,2.42,2.0063209877474546,3.393912272137568,1.711306552156298,70.66957126372485
060371190041,6640.253329402253,6640.260226536437,0.0,408447.44139680563,1.63,1.63,0.0,1.6408423320005585,1.6408440363195318,0.0,100.92956081564532
060371190042,13309.963255292052,8420.282072403597,0.0,441084.6438849408,3.02,1.91,0.0,3.288963547512896,2.0806970135624243,0.0,108.99438918649706
060371192011,0.0,0.0,0.0,224404.70240903264,0.0,0.0,0.0,0.0,0.0,0.0,55.45160959180973
060371192012,0.0,0.0,0.0,274449.84971329133,0.0,0.0,0.0,0.0,0.0,0.0,67.81803480700906
060371192013,2632.429455133146,84190.81359997054,33230.22761723273,453315.15463410935,0.58,18.57,7.33,0.6504874846960782,20.80400311065173,8.211368071597027,112.01661421070862
060371192021,21166.38749092033,21162.000892616015,21162.000892616015,125285.41109152457,16.89,16.89,16.89,5.230328255225705,5.2292443031783735,5.2292443031783735,30.958699300041804
060371192022,0.0,0.0,0.0,289094.1642866041,0.0,0.0,0.0,0.0,0.0,0.0,71.43672374597267
060371192023,13933.681629873225,6720.164086721521,1073.200185993829,555335.1498241163,2.51,1.21,0.19,3.443087714391857,1.6605887101712662,0.26519354135063794,137.22630403941366
060371193101,12363.001059180979,5966.029637097478,0.0,141323.85655612007,8.75,4.22,0.0,3.054964092807885,1.4742380293193864,0.0,34.921885484711005
060371193102,28633.89287757832,8079.865584066237,0.0,287476.6095767346,9.96,2.81,0.0,7.075589022403939,1.9965782673541081,0.0,71.03701727234636
060371193201,2700.973990447607,7636.194640014273,2700.977789505927,122333.61741935677,2.21,6.24,2.21,0.6674252082424477,1.8869447894782503,0.6674261470102031,30.229295198668417
060371193202,4361.280451124558,1323.7657316199682,0.0,122361.24696033778,3.56,1.08,0.0,1.0776958695604246,0.32710963608511345,0.0,30.23612260693229
060371193203,807.2628339507177,0.0,0.0,251929.31106851134,0.32,0.0,0.0,0.19947899052765702,0.0,0.0,62.253088514344654
060371193401,0.0,0.0,0.0,44400.32753843793,0.0,0.0,0.0,0.0,0.0,0.0,10.97155987365279
060371193402,9827.726908879553,4657.457969860581,0.0,77749.90658474462,12.64,5.99,0.0,2.4284842067738075,1.1508829283096884,0.0,19.21242032565979
060371193411,14582.003702081769,20097.001708717595,0.0,326369.79284454713,4.47,6.16,0.0,3.6032915873585325,4.966077273578935,0.0,80.64773216021155
060371193421,0.0,0.0,0.0,148579.3399010814,0.0,0.0,0.0,0.0,0.0,0.0,36.714754464396336
060371193422,9813.082525715421,1385.1492992332774,0.0,70520.77859967283,13.92,1.96,0.0,2.424865500885683,0.34227784597601574,0.0,17.426063897233664
060371194001,0.0,0.0,0.0,273555.4154853164,0.0,0.0,0.0,0.0,0.0,0.0,67.59701529590802
060371194002,0.0,0.0,0.0,274247.1708423765,0.0,0.0,0.0,0.0,0.0,0.0,67.7679517672963
060371194003,12962.211785846675,20553.05610691176,6191.013422544239,573763.8306284744,2.26,3.58,1.08,3.203032287999829,5.078770769614483,1.529832733446135,141.7801302395112
060371197001,6176.090429323525,0.0,0.0,477686.0019918154,1.29,0.0,0.0,1.5261451815136986,0.0,0.0,118.03878174371265
060371197002,8999.97496423561,18927.886233506935,2172.525434135488,478425.1031734204,1.88,3.96,0.45,2.2239422467323777,4.677182548097838,0.5368427261491687,118.22141762313598
060371197003,589.1629269786857,0.0,0.0,354245.0247618425,0.17,0.0,0.0,0.14558532981737982,0.0,0.0,87.53585197662052
060371198011,655.954896459296,0.0,0.0,274769.56773770426,0.24,0.0,0.0,0.1620899849148293,0.0,0.0,67.89703885139353
060371198012,20781.37931842695,14939.150119310836,3896.922130678482,337547.42547820666,6.16,4.43,1.15,5.135190663893751,3.6915443890275528,0.962950429649145,83.40978533605181
060371198021,16293.867779690752,15736.502388102563,3983.074878380521,355312.7242575607,4.59,4.43,1.12,4.026302413276038,3.888574425571042,0.9842392372345018,87.79968626780226
060371198022,2310.2067290191294,0.0,0.0,274450.3354288216,0.84,0.0,0.0,0.5708645150422842,0.0,0.0,67.81815482993045
060371199001,23577.871316080942,25475.870533960926,2135.758607415437,266114.63314705784,8.86,9.57,0.8,5.826218885743916,6.295224706502531,0.5277574454071734,65.7583579377985
060371199002,0.0,0.0,0.0,361436.799492671,0.0,0.0,0.0,0.0,0.0,0.0,89.31297821490782
060371199003,0.0,0.0,0.0,424660.926173464,0.0,0.0,0.0,0.0,0.0,0.0,104.93600015629356
060371200101,15074.622478689033,20698.41771984115,2593.640040668506,285705.8499522241,5.28,7.24,0.91,3.725020338069959,5.114690406428082,0.6409024116379054,70.59945303984505
060371200102,32376.20328041297,0.0,0.0,279898.76043914014,11.57,0.0,0.0,8.000334062064937,0.0,0.0,69.16448997050045
060371200201,7981.637696611932,6672.24252804107,0.0,294965.3997138064,2.71,2.26,0.0,1.9723056277539983,1.6487470351330322,0.0,72.88753761589503
060371200202,19792.654892414546,71852.36345655349,8997.995559749308,238096.94103018733,8.31,30.18,3.78,4.890871537438053,17.75510568124906,2.2234531252317127,58.83503543942961
060371200301,33685.941624400155,30719.625656601973,4891.423151325358,377710.11279186036,8.92,8.13,1.3,8.323977455178063,7.59098481640315,1.2086969837255765,93.3342015054387
060371201031,14557.694544939735,17772.85833968081,2006.5239495935864,64550.02685970806,22.55,27.53,3.11,3.597284663809805,4.391768939788717,0.4958228659873264,15.950659010883928
060371201032,5441.744863209789,2996.7069975818504,0.0,73922.13565717045,7.36,4.05,0.0,1.3446844402704425,0.7405024257827868,0.0,18.26655753043265
060371201041,220707.02531872544,253211.4108671767,177005.19044359174,453891.5484465228,48.63,55.79,39.0,54.53789368386697,62.569902274172826,43.738935106231985,112.15904422360038
060371201051,32564.134847818776,50323.28525900968,16051.626633812817,298022.3486428884,10.93,16.89,5.39,8.046772963718471,12.435154600608564,3.966443322516827,73.64292614714148
060371201052,49825.13315549708,56008.70470380821,56008.70470380821,252900.98354197503,19.7,22.15,22.15,12.312058535041414,13.840052341316344,13.840052341316344,62.493194011561044
060371201061,0.0,0.0,0.0,32039.45056108768,0.0,0.0,0.0,0.0,0.0,0.0,7.917120652895956
060371201062,0.0,0.0,0.0,97591.17132948342,0.0,0.0,0.0,0.0,0.0,0.0,24.115303619199487
060371201063,0.0,0.0,0.0,76662.79916942195,0.0,0.0,0.0,0.0,0.0,0.0,18.943790233100696
060371201071,3865.520412403515,3865.5629055988743,0.0,59781.33170805987,6.47,6.47,0.0,0.9551908960760848,0.9552013963733339,0.0,14.772288776335282
060371201072,0.0,0.0,0.0,147503.40455967534,0.0,0.0,0.0,0.0,0.0,0.0,36.44888505142419
060371201081,0.0,0.0,0.0,182227.2066980736,0.0,0.0,0.0,0.0,0.0,0.0,45.02932342482346
060371201082,0.0,0.0,0.0,204709.22241579683,0.0,0.0,0.0,0.0,0.0,0.0,50.584750494902266
060371203001,620.1080827763391,0.0,0.0,189501.17910262625,0.33,0.0,0.0,0.1532320443453198,0.0,0.0,46.82676115063208
060371203002,0.0,0.0,0.0,270774.9813021974,0.0,0.0,0.0,0.0,0.0,0.0,66.90995504644404
060371203003,139810.09926195774,274643.3471457336,197210.36040583794,980319.4352435546,14.26,28.02,20.12,34.54782791108832,67.86584906386561,48.73174133736174,242.24220800553465
060371203004,1804.3874616563176,0.0,0.0,278077.9212183508,0.65,0.0,0.0,0.4458738520271545,0.0,0.0,68.71455080025693
060371204001,23162.04821075162,2898.425213006695,1407.7902422174527,283686.66365011665,8.16,1.02,0.5,5.723466758678653,0.7162164679140692,0.34787254482889673,70.1005012384095
060371204002,24160.0482752519,56016.06617804264,16341.37118763601,435809.52016275615,5.54,12.85,3.75,5.9700779453212505,13.841871401215204,4.038040761017341,107.69087772684014
060371204003,35941.91635740614,35456.52440513769,16132.068264351694,346335.7904313428,10.38,10.24,4.66,8.881440952157794,8.761497988631405,3.986320882316977,85.58143761026919
060371210101,719.7804935279416,5231.136088121864,0.0,242889.12713672442,0.3,2.15,0.0,0.17786163342584654,1.2926418785620082,0.0,60.0192104153471
060371210102,95192.8799928397,82871.45457858632,48371.22025604208,966674.9312725887,9.85,8.57,5.0,23.522672923588747,20.477982396380437,11.952788833401552,238.87057764685886
060371210103,0.0,1641.612647353868,1641.612647353868,321619.5825057251,0.0,0.51,0.51,0.0,0.4056513194457007,0.4056513194457007,79.47392962238766
060371210104,4381.329369465275,7379.357931889881,1047.5560372355117,506073.304792374,0.87,1.46,0.21,1.0826500651750117,1.8234790567424013,0.25885673418931315,125.05343703106861
060371210201,20859.427452284603,4800.351434171439,0.0,323604.7810190912,6.45,1.48,0.0,5.154476777783447,1.1861926723173877,0.0,79.96448285832103
060371210202,2994.4892991327215,2359.652517577551,0.0,500934.30615058716,0.6,0.47,0.0,0.7399544205615357,0.5830828354859577,0.0,123.78356281133063
060371211011,12717.61873686174,14942.54730553909,7732.497391065854,212843.45341046687,5.98,7.02,3.63,3.1425920293261895,3.6923838520264005,1.9107417175131884,52.59476274778225
060371211012,28084.15484003453,28727.279338988945,8967.406412907192,259412.6582926978,10.83,11.07,3.46,6.93974579492967,7.09866531957468,2.2158943824325363,64.1022638848285
060371211021,556953.7538714643,149754.69095237035,0.0,5141516.34083295,10.83,2.91,0.0,137.62626980997788,37.005190034282926,0.0,1270.49635672119
060371211022,55931.76494589238,51632.962715285605,0.0,1772878.2548607446,3.15,2.91,0.0,13.821040113086562,12.758782948040574,0.0,438.08775746220664
060371211023,86974.46658300995,56200.74356712248,18718.07690199047,625553.6270386145,13.9,8.98,2.99,21.4918587428979,13.887506177892138,4.625337533198091,154.5776676375457
060371212101,48624.53599481865,48429.03557186444,7145.260488964255,811543.0540028971,5.99,5.97,0.88,12.015384515663575,11.967075309072483,1.7656323188077765,200.53665593641423
060371212102,25078.70918438625,17613.337146739847,0.0,1215552.3565057255,2.06,1.45,0.0,6.197083999711867,4.352350394554943,0.0,300.36952874765905
060371212211,0.0,0.0,0.0,172266.92946808517,0.0,0.0,0.0,0.0,0.0,0.0,42.568085320388455
060371212212,2069.1986949710263,0.0,0.0,332004.16009415744,0.62,0.0,0.0,0.5113101328521761,0.0,0.0,82.0400146287526
060371212221,8633.593258503943,3821.3883471318422,1954.0639489599773,92626.69138608694,9.32,4.13,2.11,2.1334073555749637,0.9442856252521943,0.4828597175189907,22.88855390900041
060371212222,2176.829253058627,3610.280368445612,0.0,391756.14470888587,0.56,0.92,0.0,0.5379062229659366,0.8921197076481712,0.0,96.80505158039527
060371212223,31353.26093539219,60878.493138409656,0.0,850544.2614602906,3.69,7.16,0.0,7.7475595036796605,15.043403270112925,0.0,210.17406418285353
060371216001,620.1276319982628,2467.725550106226,0.0,607847.5255218862,0.1,0.41,0.0,0.15323687506326067,0.6097882634152694,0.0,150.2023946679582
060371216002,15720.475568111624,20386.68065348164,0.0,531660.7507061185,2.96,3.83,0.0,3.8846141121034754,5.0376584997278595,0.0,131.3762326143549
060371218011,11945.60977302786,13645.60531028179,0.0,323801.60443252185,3.69,4.21,0.0,2.9518244598219474,3.3719025055475584,0.0,80.01311898297848
060371218012,18143.364565969605,1153.1860387851498,0.0,161890.03083631553,11.21,0.71,0.0,4.48332302217177,0.2849584760166137,0.0,40.00389782553891
060371218021,43255.47533343255,30633.726440814346,6365.368577037598,475001.00063711614,9.11,6.45,1.34,10.68866073281141,7.569758657918218,1.572916830407983,117.37530345971983
060371218022,30685.478691611774,41657.341638201135,18731.687804751622,475703.6713655185,6.45,8.76,3.94,7.582546917593301,10.293753296415721,4.628700860516998,117.5489371781075
060371219001,5126.103364459754,6636.399032254823,0.0,323510.3809176134,1.58,2.05,0.0,1.266687727314947,1.639889914433655,0.0,79.94115608523482
060371219002,73502.93608290037,62024.037090205406,4046.5084773638164,1364036.279636985,5.39,4.55,0.3,18.162971059721766,15.326473345308818,0.9999140209091042,337.06070521475016
060371220001,8979.133053815296,3726.2399972700314,0.0,657783.3196905007,1.37,0.57,0.0,2.218792098507462,0.9207739559636202,0.0,162.54179813485956
060371220002,138249.47092545562,100730.30153717974,45938.38722528137,1514729.0228804473,9.13,6.65,3.03,34.16218825066849,24.89099958664739,11.351622699289507,374.29769301825957
060371220003,14704.293973382695,14672.829501598222,0.0,1092620.6569484202,1.35,1.34,0.0,3.633510171498071,3.625735131195106,0.0,269.99244423414416
060371221201,1251.0099821003946,0.0,0.0,305544.5931431788,0.41,0.0,0.0,0.3091312988461497,0.0,0.0,75.50171324387503
060371221202,10103.675195810043,11346.130992726328,0.0,414288.5717769483,2.44,2.74,0.0,2.496672513480977,2.8036900271340666,0.0,102.37293556642992
060371221211,3504.5715860697683,4805.3011896726675,1649.2546233931662,179538.61848281263,1.95,2.68,0.92,0.8659984986547588,1.1874157835386878,0.4075396928500544,44.364958808283276
060371221212,1568.067401240974,1574.1094250024694,994.3376755693088,232426.20731911017,0.67,0.68,0.43,0.3874778933498775,0.38897090993629546,0.24570619062872853,57.433766622555176
060371221221,49437.07533332579,61098.185208322844,3857.7112982533554,722657.0245545357,6.84,8.45,0.53,12.216167358862458,15.097690362854134,0.953261221945089,178.57243972247522
060371221222,73646.35219507995,48277.24176127393,13461.90270497318,310014.1762059389,23.76,15.57,4.34,18.19840995283044,11.92956624160216,3.3265086031862623,76.60617127159755
060371222001,44446.18179097136,23530.22682088982,3635.035675398105,1195092.856499488,3.72,1.97,0.3,10.982890706216955,5.8144456745849045,0.8982368772160038,295.31387619399027
060371222002,33741.312608742846,10394.976220596895,3472.430351208862,509777.0512412723,6.62,2.04,0.68,8.337659923386276,2.568654564332708,0.8580562265536287,125.96865271018127
060371224101,34892.46254172865,15346.495298343723,4861.366482550125,243543.97126928295,14.33,6.3,2.0,8.622115266702636,3.792201574881285,1.2012698191222402,60.18102592452452
060371224102,58415.496245115544,34764.74437686268,0.0,463457.4156813841,12.6,7.5,0.0,14.434783483243042,8.590555420853144,0.0,114.52282149573503
060371224201,22468.929028130453,17830.24735907018,3435.5864573705703,323863.31259406934,6.94,5.51,1.06,5.55219327865484,4.405950075316954,0.8489519021119819,80.02836740177732
060371224202,4277.633293593527,3484.2035006627393,793.2003172630906,214234.65651033662,2.0,1.63,0.37,1.0570262067900753,0.8609654351404991,0.19600406697717257,52.93853652047387
060371224203,124714.1269553983,94452.271772637,1804.6050147960489,324635.82032746304,38.42,29.09,0.56,30.817531915658183,23.339664646817837,0.4459276105787372,80.2192582199239
060371230101,52212.8543035372,13111.17689078656,960.8910531689725,692566.8432114169,7.54,1.89,0.14,12.902077280165084,3.239842367081296,0.23744135024170518,171.13699398326764
060371230102,4788.062350607792,4788.06851889191,0.0,323283.328643514,1.48,1.48,0.0,1.1831559736355106,1.1831574978517108,0.0,79.88505024643051
060371230201,0.0,0.0,0.0,272890.0086831219,0.0,0.0,0.0,0.0,0.0,0.0,67.4325896942209
060371230202,18715.406611476625,12001.509020347565,1021.5559588882954,292764.76634723315,6.39,4.1,0.35,4.62467769004204,2.965637464654611,0.2524319749111481,72.34374926837857
060371231031,39076.27305193369,27792.44365265196,0.0,578570.1718922219,6.75,4.8,0.0,9.655957358813188,6.86766239069326,0.0,142.9678030309509
060371231032,33709.84448880374,21589.63025553389,8731.1744072788,323775.1984620342,10.41,6.67,2.7,8.32988398160467,5.334913820028756,2.157520182566979,80.00659392556813
060371231041,16320.074428319893,8005.667429823652,843.9881691396853,204272.04811646175,7.99,3.92,0.41,4.032778217182518,1.9782435041458346,0.20855401848903637,50.476722372897434
060371231042,41734.7410758195,0.0,0.0,253037.65133152722,16.49,0.0,0.0,10.31287911397375,0.0,0.0,62.52696535783261
060371231043,30567.42720982685,22323.447417606483,2315.2277992355703,324395.6691463617,9.42,6.88,0.71,7.553375761154073,5.5162439897898565,0.5721052485134913,80.15991557070807
060371232031,48774.46032886379,9449.843662496194,5493.083984793099,320162.82158713345,15.23,2.95,1.72,12.05243162541901,2.335107223026197,1.3573706134934753,79.11395615989261
060371232032,9851.635099239877,11869.460702545293,0.0,105397.07926515209,9.35,11.26,0.0,2.4343920492729847,2.933007614711983,0.0,26.04418547734047
060371232033,19250.769048844726,21773.674384424474,4700.167497982505,162054.80356090315,11.88,13.44,2.9,4.756968629351076,5.380392114705056,1.161436682548539,40.04461405250352
060371232041,0.0,0.0,0.0,77271.98166033695,0.0,0.0,0.0,0.0,0.0,0.0,19.094322504901367
060371232042,18178.64846160073,20964.197705015413,7184.948546289595,246938.9602505002,7.36,8.49,2.91,4.492041862661346,5.180366071050906,1.7754394513528453,61.01994597180503
060371232051,9454.796790997574,7078.628259087331,0.0,202538.6562892456,4.67,3.49,0.0,2.336331167733986,1.7491671362260313,0.0,50.04839192420112
060371232052,63322.50379091911,52764.70308354261,0.0,555205.7922363753,11.41,9.5,0.0,15.64733145471109,13.038442083460511,0.0,137.19433908334926
060371232061,47128.22521457243,26463.306345710553,1361.1656603291065,602857.4833955897,7.82,4.39,0.23,11.6456380695174,6.539225409439263,0.33635135973562985,148.9693284048025
060371233011,36858.527864924145,27189.655038008998,0.0,874294.9691130464,4.22,3.11,0.0,9.107940588380224,6.718710080127847,0.0,216.04299185750287
060371233012,20562.057743902373,34713.50873423197,25546.532507824653,429207.152216791,4.79,8.09,5.95,5.080995122556876,8.577894817836166,6.31268566050935,106.05939707696584
060371233031,3813.288869628888,1285.480429787251,0.0,168285.81612577243,2.27,0.76,0.0,0.942284200774142,0.3176491319711543,0.0,41.58433078927224
060371233032,116345.58604978317,76242.46471572026,54243.635920029046,465128.5383198944,25.01,16.39,11.66,28.74962042285258,18.839923327574947,13.40389434618481,114.93576489280254
060371233041,53760.69523242887,43536.27374979343,14481.723662163922,613416.4778765639,8.76,7.1,2.36,13.284557103349353,10.758047532601642,3.5785118498410906,151.5785127639333
060371233042,4807.969019554079,3505.1207800416682,0.0,148303.59367088982,3.24,2.36,0.0,1.1880750186592235,0.8661342074406846,0.0,36.646616086996715
060371233043,0.0,535.8022692389268,0.0,117373.01275390896,0.0,0.46,0.0,0.0,0.13239962413125783,0.0,29.003503090505134
060371234101,26389.366378501883,21897.21419375786,4417.468660114143,296308.396679964,8.91,7.39,1.49,6.520954445636495,5.410919466416763,1.091580278376753,73.21939939352664
060371234102,2884.8731739471605,0.0,0.0,200811.99302839453,1.44,0.0,0.0,0.7128676861326051,0.0,0.0,49.62172414046317
060371234201,17248.697191275984,25746.102358099783,8611.648214281016,323889.3102093577,5.33,7.95,2.66,4.262245899261875,6.362000444490931,2.1279846170509438,80.03479155242039
060371234202,3359.813999541463,3359.8201194681965,1073.817123341189,195831.6261937163,1.72,1.72,0.55,0.8302281200154157,0.8302296322822457,0.26534598988919866,48.3910486939336
060371234203,57027.37495051483,8412.65152984234,5689.3611588388885,267003.8196129515,21.36,3.15,2.13,14.091771241218035,2.0788114654320236,1.4058717594593573,65.97808069864858
060371235101,31625.188903282797,22008.244876507724,8689.24512044008,474629.28694901837,6.66,4.64,1.83,7.814754367916859,5.4383557456322285,2.147159230148051,117.28345100702586
060371235102,8480.547866857649,6611.064627750441,2305.9628534848175,323841.31334541406,2.62,2.04,0.71,2.0955890156904147,1.633629646744356,0.5698158305594789,80.02293126904637
060371235201,39392.38208467927,16299.499699433421,2700.068462412897,510841.9139607764,7.71,3.19,0.53,9.734069601935001,4.027694090952442,0.6672014473920015,126.2317860186945
060371236011,2084.6107238732757,2054.855798057327,0.0,161961.20375923635,1.29,1.27,0.0,0.5151185281332494,0.5077659258389722,0.0,40.02148503780739
060371236012,11825.839290157457,35315.95570853059,3082.2336779597226,629396.9943673967,1.88,5.61,0.49,2.92222852896375,8.726762707233968,0.7616365287631813,155.52738438744288
060371236013,3410.841149206552,14194.48544970928,747.8765860301504,741115.3472745636,0.46,1.92,0.1,0.8428372032985896,3.5075337417805397,0.18480432908134162,183.13359059945176
060371236021,21852.743739250982,20351.687993923075,14730.350432195331,323819.15277155366,6.75,6.28,4.55,5.399930577791823,5.02901162523909,3.639948862692651,80.01745527198905
060371236022,2784.370910048073,1533.546736125338,0.0,258462.34949627824,1.08,0.59,0.0,0.6880330358735073,0.37894765122797797,0.0,63.867437467177645
060371236023,1819.5865282915129,31430.820299789284,0.0,345478.8527488383,0.53,9.1,0.0,0.4496296231859893,7.766724840005355,0.0,85.36968369734034
060371237001,2933.8865407831167,2933.888788549053,2933.888788549053,171165.36141472412,1.71,1.71,1.71,0.7249791528415942,0.7249797082766534,0.7249797082766534,42.295881926350624
060371237002,4534.117940270602,3342.1827198534725,0.0,247321.5180757808,1.83,1.35,0.0,1.120404943247685,0.8258713359223605,0.0,61.11447806915424
060371237003,5269.875944328301,6468.515619523958,0.0,236690.32940354384,2.23,2.73,0.0,1.3022147055078828,1.598405019688785,0.0,58.487454136851724
060371237004,12913.59112341387,32899.561564134776,5145.114346079314,297193.27249082545,4.35,11.07,1.73,3.191017860662184,8.129658710408014,1.2713854431801137,73.43805696832064
060371238001,11169.968381201379,16663.35652316609,0.0,476600.59806934727,2.34,3.5,0.0,2.760159297812942,4.117605070180335,0.0,117.77057259340519
060371238002,20451.638852038115,15632.285415873575,10803.954508312294,436578.8197046443,4.68,3.58,2.47,5.053710020161578,3.862821850893045,2.66971530013041,107.88097578360093
060371238003,15391.202634359077,10484.664708123522,3803.5223732537506,376872.2237921368,4.08,2.78,1.01,3.80324899820174,2.5908170722561885,0.939870846961766,93.12715462453487
060371239011,23562.24350813036,28963.39841562252,6669.163241331742,324316.80829728534,7.27,8.93,2.06,5.822357170298792,7.157011614077895,1.647986126816077,80.14042863051422
060371239012,184004.44473524558,229120.15930293893,134401.2384650321,966896.3779244104,19.03,23.7,13.9,45.4684885079568,56.616824366370416,33.21126930056121,238.9252983062319
060371239021,669.058760003061,0.0,0.0,311788.3750661004,0.21,0.0,0.0,0.165328020114505,0.0,0.0,77.04458535773635
060371239022,10919.613673100122,10625.578413338215,0.0,352630.2878898884,3.1,3.01,0.0,2.69829530216548,2.625637607137217,0.0,87.13684180590721
060371240001,1300.4953564693528,6589.793953694613,0.0,268995.1040692935,0.48,2.45,0.0,0.3213594011566366,1.628373548717727,0.0,66.4701378038426
060371240002,18347.92191409054,22772.49871229576,5110.317615433907,324255.6272355082,5.66,7.02,1.58,4.533870243711106,5.6272069812623755,1.2627869837801704,80.12531046090521
060371240003,11796.569217542385,5894.723403943579,0.0,324300.4817320605,3.64,1.82,0.0,2.914995736504631,1.4566178753749053,0.0,80.1363942483863
060371240004,7540.859855262023,6884.84801044087,0.0,432543.18115242635,1.74,1.59,0.0,1.8633870511249555,1.7012829939634455,0.0,106.8837477796915
060371241021,36508.11642867224,37395.25552531981,2456.35989826985,221949.367106258,16.45,16.85,1.11,9.02135203675474,9.240568881646274,0.6069797496826187,54.8448830251878
060371241022,25687.31992685179,29005.091335247253,1588.5212590727929,201939.8421104208,12.72,14.36,0.79,6.347474989393829,7.167314158886244,0.39253215169188427,49.90042171811467
060371241023,0.0,0.0,0.0,225332.39247499855,0.0,0.0,0.0,0.0,0.0,0.0,55.68084679944353
060371241031,28697.270746678907,19486.459417287835,1972.8314131124646,323955.4448477176,8.86,6.02,0.61,7.091250034924616,4.815208987753347,0.4874972589075624,80.05113377746049
060371241041,31009.11110887912,25888.744489043576,3086.5728297820706,162306.32510958298,19.11,15.95,1.9,7.662518229517289,6.397248082671087,0.7627087565294866,40.106766380737255
060371241042,1391.4366540786064,1357.7530727635467,0.0,162141.5246952433,0.86,0.84,0.0,0.3438314851934902,0.3355080909834521,0.0,40.066043311485906
060371241051,5267.275935318401,2505.001267635733,0.0,149013.1475581415,3.53,1.68,0.0,1.3015722292896736,0.6189992938148605,0.0,36.82195067097755
060371241052,46156.437915289855,59088.09911083506,31496.979550363427,175531.77315798003,26.3,33.66,17.94,11.405504198223232,14.600987270952569,7.7830731468560606,43.37484576581059
060371242011,59640.560274305346,64012.870016376066,49496.23482233707,405243.6504571023,14.72,15.8,12.21,14.737503397497688,15.817924664204678,12.230785986961994,100.13788683334887
060371242012,4355.418933237294,4373.983852926585,0.0,324285.18907393503,1.34,1.35,0.0,1.0762474569469158,1.0808349485086455,0.0,80.13261535026655
060371242013,6169.987637874424,1145.8625635348458,0.0,243080.5536647019,2.54,0.47,0.0,1.524637148904654,0.28314880587122204,0.0,60.066512940565914
060371242031,3489.891316610969,2279.1420389267887,0.0,162130.19268672253,2.15,1.41,0.0,0.8623709250701014,0.5631882629468571,0.0,40.063243111197586
060371242032,1300.5391548626058,0.0,0.0,162126.9746321636,0.8,0.0,0.0,0.321370223975309,0.0,0.0,40.06244791259822
060371242041,8684.29538022254,14723.85419527578,5335.037992288421,159852.72954652223,5.43,9.21,3.34,2.1459361227034326,3.6383436075905444,1.3183165982262501,39.50046971316099
060371242042,12628.145653338626,21423.284012565047,2287.145902235499,164502.126620054,7.68,13.02,1.39,3.120482748891167,5.29380876820431,0.5651660606429669,40.64936075060838
060371243001,8222.84220069131,16003.137528107422,1634.7026069558963,339581.25566039584,2.42,4.71,0.48,2.031908558746131,3.9544614035544936,0.4039438112772064,83.91235571906111
060371243002,11528.62300598874,18927.86006762097,0.0,227634.55782794984,5.06,8.32,0.0,2.848784785685986,4.677176082366606,0.0,56.24972424718505
060371243003,10893.622746434781,12259.269648610949,474.1565319436771,323795.7480323575,3.36,3.79,0.15,2.691872804317156,3.0293315030288506,0.1171666307010905,80.01167183498184
060371244001,1840.3499997081171,0.0,0.0,344623.0743651034,0.53,0.0,0.0,0.4547603887109719,0.0,0.0,85.15821625337615
060371244002,6141.913968809075,3899.153520220233,0.0,310244.90170186927,1.98,1.26,0.0,1.517699994201078,0.9635018180130612,0.0,76.66318478328361
060371244003,5131.820201172468,5345.260349079033,0.0,320750.6998750156,1.6,1.67,0.0,1.2681003884316278,1.3208425976004878,0.0,79.25922404847599
060371245001,14902.299809502969,16175.882538627933,0.0,437454.8168983078,3.41,3.7,0.0,3.682438479165296,3.9971476252757143,0.0,108.09743940430532
060371245002,11912.06893933666,19146.342291147535,3452.523709548293,370470.01335167134,3.22,5.17,0.93,2.9435363393179568,4.731164215554932,0.8531371882723636,91.54513397141058
060371246001,598.9161640553514,0.0,0.0,310612.5990738828,0.19,0.0,0.0,0.14799540718574897,0.0,0.0,76.75404478265949
060371246002,3397.112618958195,0.0,0.0,324047.8485247539,1.05,0.0,0.0,0.8394448095945859,0.0,0.0,80.07396722332352
060371246003,26203.31101793055,31820.511069937864,0.0,485382.98664837185,5.4,6.56,0.0,6.474979164788505,7.863019526417153,0.0,119.94074807341795
060371247001,17649.307972727085,16151.320445818154,11886.753174047863,338704.58936889895,5.21,4.77,3.51,4.361238979232208,3.9910781999623217,2.9372806774791353,83.69572676068137
060371247002,3026.849923024463,5285.2353761403365,0.0,323699.6831780615,0.94,1.63,0.0,0.7479509048728199,1.306010103764915,0.0,79.98793369251545
060371247003,48908.86975064718,41005.40766709817,3361.6277189946954,375596.2451308143,13.02,10.92,0.9,12.085644916861575,10.132656903794919,0.8306762998527811,92.8118534306848
060371247004,8044.664148676717,10939.819385285598,3993.8280858140843,323970.5918999588,2.48,3.38,1.23,1.9878798032339888,2.703288242382888,0.986896412659368,80.05487669558266
060371249021,15195.338994298516,8993.113491522588,553.2830138707741,196205.04022679117,7.74,4.58,0.28,3.7548500387090273,2.2222467399002004,0.13671921020184055,48.483321311021754
060371249022,11060.207612832543,13261.46685280163,1477.2955164719501,142384.26837954187,7.77,9.31,1.04,2.7330368212750313,3.276979825475715,0.36504767213753425,35.18391895284994
060371249031,6532.824604505004,6389.349156070073,1558.9129923768842,174853.34961564012,3.74,3.65,0.89,1.6142961159542923,1.5788425605376064,0.38521578965541015,43.20720365758438
060371249032,9908.32689760918,17991.306067144167,3004.435030538675,136553.5574683099,7.26,13.18,2.2,2.4484008977350915,4.445748548814185,0.7424120643145738,33.7431189089052
060371251011,12688.661486972935,12376.909436304595,1693.6582444484645,337983.42924838886,3.75,3.66,0.5,3.1354365370461763,3.058400927642605,0.4185120665694474,83.51752421400381
060371251012,9456.996271803775,19890.809442968733,255.49891850669655,118534.4631306692,7.98,16.78,0.22,2.336874671277632,4.915126055095484,0.06313515772204543,29.29050372890966
060371251013,0.0,0.0,0.0,193272.634849051,0.0,0.0,0.0,0.0,0.0,0.0,47.758708161538905
060371251021,19140.04051011761,14604.852289276378,929.3395659194092,364990.929419074,5.24,4.0,0.25,4.72960701154961,3.6089375962132424,0.22964480794904546,90.1912228461555
060371251022,1042.5593291307084,1637.190597684026,0.0,283911.536281977,0.37,0.58,0.0,0.2576220207269957,0.4045586071751677,0.0,70.15606847588688
060371252001,25501.52485469677,32016.688317804037,2509.6651530906756,335903.4351897347,7.59,9.53,0.75,6.301564027214243,7.911495980086302,0.6201517650093232,83.00354648869063
060371252002,2720.4042330597345,5886.062111570307,1018.516002544656,734808.5032531953,0.37,0.8,0.14,0.672226525755117,1.4544776234190093,0.25168078533920957,181.57513550169762
060371252003,1811.598144810531,2470.4689909649906,0.0,233052.68342928847,0.78,1.06,0.0,0.4476556506386153,0.610466182415207,0.0,57.58857224074085
060371253101,30464.083971652417,8308.84975738129,0.0,226089.42797591133,13.47,3.68,0.0,7.527839090862928,2.0531614888510674,0.0,55.867914345680774
060371253102,66936.93657398084,54644.61992901879,4900.706710562676,494547.98322201736,13.53,11.05,0.99,16.540477246356986,13.502979652688452,1.2109910011722869,122.20546804789387
060371253103,8700.953510554282,15405.842389877354,0.0,140856.3868062871,6.18,10.94,0.0,2.150052436353587,3.8068665605736696,0.0,34.80637119385417
060371253104,40604.32459072877,42053.5591033961,779.1797166881437,107829.93932630202,37.66,39.0,0.72,10.033547117208634,10.391660764296677,0.19253950112370155,26.645358290807152
060371253105,9900.371358738097,17108.875873124158,0.0,84677.90314460585,11.69,20.2,0.0,2.4464350412675753,4.227695299102726,0.0,20.924365558387507
060371253211,26323.000442719753,6716.857869878037,0.0,141101.76139555068,18.66,4.76,0.0,6.504555065758627,1.6597717261969438,0.0,34.867004575336495
060371253212,18738.898832599167,5917.685459569594,0.0,118169.31510071091,15.86,5.01,0.0,4.630482744304036,1.462291922889642,0.0,29.20027368567483
060371253221,5323.562064163616,22758.011452835995,0.0,110125.64765196666,4.83,20.67,0.0,1.3154808346292803,5.623627101487156,0.0,27.21264017235786
060371253222,39206.86902925435,67654.66301092779,9195.209200334992,263091.22402688593,14.9,25.72,3.5,9.688228327607085,16.717831311347833,2.2721856771191664,65.0112572738271
060371254021,12629.76127540685,11654.640252732182,3564.4832787631544,241624.4251874197,5.23,4.82,1.48,3.1208819777986423,2.879924325513966,0.8808030003321015,59.706695757721896
060371254022,19386.508939199357,21341.050332160892,1741.3271928503991,326874.2062798178,5.93,6.53,0.53,4.790510686737468,5.273488383238592,0.4302913202484461,80.77237543455126
060371254023,5661.898902402167,14378.234568135867,3201.158921300608,164487.990787352,3.44,8.74,1.95,1.399085688106612,3.552939137783597,0.7910235963850063,40.64586771027619
060371254031,10525.90981834554,5424.890595463655,0.0,66021.69198983017,15.94,8.22,0.0,2.6010089609512557,1.340519660009684,0.0,16.314315384254677
060371254032,8943.177370483405,20781.034178577404,0.0,102311.44065534737,8.74,20.31,0.0,2.2099072556618222,5.13510537797957,0.0,25.281707571594858
060371254041,33989.04934861457,46474.93672292163,5417.718357839775,229454.93956747706,14.81,20.25,2.36,8.398877004995711,11.48420696757992,1.3387473614956622,56.69955037134679
060371255011,43904.76063824964,41107.30097102857,22987.743785805527,221390.91972375382,19.83,18.57,10.38,10.849102625739262,10.15783528753159,5.680395197260935,54.70688767170476
060371255012,11396.283566477512,9821.139883948817,0.0,242710.6920315712,4.7,4.05,0.0,2.816082998002413,2.4268565174655645,0.0,59.975118140621085
060371255021,12556.916965572955,9999.148216315221,0.0,286783.77427412424,4.38,3.49,0.0,3.1028817568294254,2.470843334339299,0.0,70.8658139406009
060371255022,16482.223979689315,10460.075716876267,3565.200355506604,153287.51328027018,10.75,6.82,2.33,4.072846243928388,2.5847410001941427,0.8809801938543328,37.87816944327434
060371255023,4488.646971492949,9130.733963955772,0.0,82849.39290225499,5.42,11.02,0.0,1.1091688221622016,2.2562534992384937,0.0,20.47253083743478
060371256001,9351.192967674999,7944.234167520677,0.0,290900.1882894946,3.21,2.73,0.0,2.3107301054504044,1.9630630144296854,0.0,71.88300199614578
060371256002,1609.9246226654684,1087.2643719021435,0.0,375389.5867830741,0.43,0.29,0.0,0.39782103801713276,0.2686688773745371,0.0,92.76078704083308
060371256003,988.638984680558,0.0,0.0,356016.6528871233,0.28,0.0,0.0,0.2442980134428003,0.0,0.0,87.97363082033598
060371271021,27218.30619874692,23458.19854785604,7786.044670711515,534066.5335238642,5.1,4.39,1.46,6.725789936131468,5.79664710070047,1.9239735384765586,131.97071449526112
060371271022,26349.47631179393,32661.859020825657,8993.143682829954,100158.73670130217,26.31,32.61,8.98,6.5110973954858755,8.0709211327679,2.222254200334724,24.749762839844646
060371271023,672.421348938954,0.0,0.0,225050.24067525935,0.3,0.0,0.0,0.1661589339362261,0.0,0.0,55.61112557133733
060371271031,51637.97822416339,22350.51828119479,4878.587702929939,286048.1051396522,18.05,7.81,1.71,12.76002230727507,5.522933345863491,1.2055252753535244,70.68402613849358
060371271041,18933.605821758665,22386.62062259882,15665.033062001965,489632.19293466065,3.87,4.57,3.2,4.678595889134617,5.531854428707992,3.8709139704817526,120.99074981372401
060371271042,4081.0205810333173,3648.490018073155,848.0477265018328,218176.11335347922,1.87,1.67,0.39,1.0084421474515906,0.901561517695112,0.2095571569595977,53.912491717234985
060371272101,47990.115146961805,31458.70017980601,1274.6754074608577,377569.40514067985,12.71,8.33,0.34,11.858615710043185,7.773614108392146,0.31497915280742966,93.2994318876184
060371272102,142215.61213072427,97540.66752552272,23153.41340442808,626105.1102466631,22.71,15.58,3.7,35.142243086149044,24.102823857456237,5.7213330515681795,154.7139421060433
060371272103,11726.960705903814,13844.107034592327,334.13024934107557,537738.9141310664,2.18,2.57,0.06,2.8977950986828205,3.4209533498552043,0.08256538272314555,132.87817950609642
060371272201,6946.738892375444,13234.234733179926,0.0,211140.79555753645,3.29,6.27,0.0,1.7165765639532278,3.270250622168435,0.0,52.17402682952581
060371272202,33472.67724832932,43348.23257157728,23293.423769741228,192919.04756110915,17.35,22.47,12.07,8.271278680175723,10.711581545527006,5.755930366298243,47.67133483987009
060371272203,12222.034757114527,1217.7159922187377,1217.7159922187377,248876.3750826874,4.91,0.49,0.49,3.0201305609617384,0.30090417477587894,0.30090417477587894,61.49869160297279
060371273001,40430.69466560333,38997.55268037636,5031.372550421502,769324.7420636899,5.26,5.07,0.65,9.990642228326397,9.636505131370276,1.2432792333753298,190.10428385977667
060371273002,26470.724202346417,25351.90481410658,15832.1831618641,289928.7217904765,9.13,8.74,5.46,6.541058401732937,6.264592110009072,3.9122176596704605,71.64294739632335
060371274001,400563.80327479023,45249.18323672415,0.0,1083699.9469324953,36.96,4.18,0.0,98.9814714101556,11.181316684788385,0.0,267.7880887827011
060371274002,15549.043011216016,7337.881623930862,0.0,406070.6764664316,3.83,1.81,0.0,3.8422522047358947,1.8132300378423383,0.0,100.34224941086745
060371274003,15796.481813074455,22018.4487094498,2320.0455151104798,420210.3474045677,3.76,5.24,0.55,3.9033956642589027,5.440877167663807,0.5732957320325612,103.83623819185577
060371274004,18059.237988077497,14535.806652438598,1694.3525876553442,271669.6602256095,6.65,5.35,0.62,4.462534892050213,3.591876047783799,0.41868364251245255,67.13103502310443
060371275201,13763.093247903893,19373.854019262915,3355.9137237898667,96657.58838313722,14.24,20.04,3.47,3.400934407191459,4.787383587919137,0.8292643408879903,23.884610249111372
060371275202,44821.094596019466,53386.192689603515,5664.379492230735,267061.7883147982,16.78,19.99,2.12,11.075533677925293,13.19201550964407,1.3996986552024642,65.99240507683157
060371276031,14957.573455478676,9971.664755259835,0.0,242987.94162089698,6.16,4.1,0.0,3.6960968945392043,2.4640520232111696,0.0,60.04362800615305
060371276032,3383.8063855343685,2518.2744708350288,0.0,188419.52574396122,1.8,1.34,0.0,0.8361567677085,0.6222791737547136,0.0,46.559478784823916
060371276041,13954.475700657984,15292.036221088198,0.0,152264.61608351578,9.16,10.04,0.0,3.4482260411853805,3.7787444438217084,0.0,37.62540604126865
060371276042,8097.9068691663,20229.45762409832,0.0,282278.236578839,2.87,7.17,0.0,2.001036365990917,4.998807843076671,0.0,69.75247132969275
060371276051,13838.05531874347,14953.433364061308,7708.315583452451,437482.17101800244,3.16,3.42,1.76,3.4194579383018415,3.695073855670207,1.904766262718313,108.10419875448716
060371276052,17226.270149633052,10759.40810969354,0.0,211143.59726472863,8.16,5.1,0.0,4.256704056581518,2.6587076453067344,0.0,52.17471914645029
060371276061,1755.158603236548,1755.158479783121,0.0,229100.2031813136,0.77,0.77,0.0,0.4337091361881443,0.4337091056821381,0.0,56.61189310132359
060371276062,4347.18210191912,3418.0292663835594,0.0,314617.46993396425,1.38,1.09,0.0,1.0742120916019577,0.8446134257356447,0.0,77.74366992426665
060371277111,8244.24546269691,5895.2349276799005,1560.6184105830348,495662.4081578796,1.66,1.19,0.31,2.037197419968667,1.4567442756428985,0.38563720767180204,122.48084844678664
060371277112,86432.64906722217,56354.23213184785,20735.921099418018,459777.23390717444,18.8,12.26,4.51,21.357972718973567,13.925434028229448,5.123957693344732,113.61342877455044
060371277121,7009.992874358252,43889.31987812819,6662.827263772019,272022.3800888614,2.58,16.13,2.45,1.7322069633004067,10.845287130819308,1.6464204726642142,67.21819399946433
060371277122,6149.775757052363,11253.261318928475,0.0,297992.6719805153,2.06,3.78,0.0,1.5196426843839494,2.780741430963517,0.0,73.6355928841651
060371278031,21624.70086524037,29506.43833187202,3958.7492787113915,316852.494232958,6.82,9.31,1.25,5.343579956418562,7.291199699734626,0.978228250648844,78.2959564562579
060371278032,24952.67320035287,35617.284907367815,9375.313482903088,323988.7639335701,7.7,10.99,2.89,6.16593982979871,8.801222773859834,2.316690414567026,80.05936710288022
060371278041,6316.542526729501,10422.012697386825,0.0,101252.6105906553,6.24,10.29,0.0,1.560851650621066,2.575335423243412,0.0,25.020064964550222
060371278042,48980.441587286674,41731.88824834588,32479.03163219092,233182.95810203208,21.01,17.9,13.93,12.103330702856683,10.312174164952623,8.025743501156667,57.62076381344467
060371278043,2703.0849971474186,33114.2056283392,0.0,303703.37932736427,0.89,10.9,0.0,0.6679468493582844,8.182698413772911,0.0,75.04673940155556
060371278051,26083.616451624563,12656.043836216324,10797.842987225851,80989.14014052296,32.21,15.63,13.33,6.445401993321917,3.1273765400134015,2.668205110381,20.01285236912164
060371278052,752.6782529476417,0.0,0.0,242937.7580233175,0.31,0.0,0.0,0.18599084681666656,0.0,0.0,60.03122736912977
060371278053,43890.87490881185,54375.295667912156,22920.354038989593,290586.2484358277,15.1,18.71,7.89,10.845671387269588,13.436428178409336,5.663742828167007,71.80542576884768
060371278061,32767.43019680063,59996.360323551635,3033.9454100892453,358256.14119335485,9.15,16.75,0.85,8.097008338479132,14.82542350439273,0.7497042379106583,88.52702043253859
060371278062,1634.5851727083864,1634.5836847531518,0.0,131326.90318983747,1.24,1.24,0.0,0.40391479264267816,0.40391442496093233,0.0,32.45158450962628
060371278063,17917.08322912926,19310.516570434243,9983.8995921497,193582.1641143185,9.26,9.98,5.16,4.427407686112937,4.771732563465171,2.467075317248028,47.83519450870808
060371279101,6121.4746854077885,8089.808952785443,0.0,241791.66953129205,2.53,3.35,0.0,1.5126493372792875,1.999035327274536,0.0,59.7480227351127
060371279102,81808.4307929365,99399.27612774137,22219.137894519652,407998.7168054937,20.05,24.36,5.45,20.215303498318768,24.56209604510563,5.490468545296827,100.81867855433548
060371279201,12100.079140853537,11518.123085566393,3382.6831921812245,324281.483046673,3.73,3.55,1.04,2.9899946718835033,2.846190198844647,0.83587922058651,80.13169957098624
060371279202,7717.815381786389,6280.284460900795,0.0,324438.9907942184,2.38,1.94,0.0,1.9071137140094818,1.5518920874332018,0.0,80.17062058302747
060371281011,19946.793662974196,18765.270489929902,4134.956822349121,405149.52505411685,4.92,4.63,1.02,4.9289600571360745,4.636999322748669,1.0217700829368372,100.1146279397384
060371281012,6854.925491919967,5667.194967083271,1731.5414444816863,243752.32268381552,2.81,2.32,0.71,1.6938889786098794,1.4003943741899112,0.42787320916485355,60.23251068029181
060371281021,33836.81794856697,49971.2595299679,3378.3543990114385,269946.08456733904,12.53,18.51,1.25,8.361259806815667,12.34816714854744,0.8348095524989976,66.70513020257998
060371281022,15493.4982935241,32144.546874219333,0.0,189419.39104705816,8.18,16.97,0.0,3.828526806082148,7.943090517443145,0.0,46.80655088196147
060371281023,3495.2522801882064,4496.754264973683,0.0,189450.01459180264,1.84,2.37,0.0,0.8636956480198862,1.1111721780104247,0.0,46.81411812466743
060371282101,16054.888349654619,30342.260202627123,2777.393705051265,292104.3378137371,5.5,10.39,0.95,3.967249310054153,7.497735781946164,0.6863089309711965,72.18055382367723
060371282102,9867.31087408425,31594.047107452465,1430.0770263146276,257853.56725348972,3.83,12.25,0.55,2.4382656175956976,7.807059062578633,0.3533797291149055,63.71700409884295
060371282201,11564.826016026615,9522.412948903106,0.0,280502.74522064946,4.12,3.39,0.0,2.8577307442916546,2.3530394842265765,0.0,69.31373786033568
060371282202,5960.0276501396465,5903.216717880659,0.0,275095.5573798974,2.17,2.15,0.0,1.4727549060426104,1.458716618955248,0.0,67.97759264628202
060371283021,94892.61361116778,125044.94334115088,50488.23266614288,553888.7439204231,17.13,22.58,9.12,23.44847548480394,30.899278424855165,12.475913992570234,136.8688893568252
060371283022,4501.3526800831105,2924.990566780483,1725.2303094696974,134988.50090688423,3.33,2.17,1.28,1.112308471130184,0.7227809097921514,0.42631369374022526,33.35638501027642
060371283031,22035.39348702587,42939.212120819066,0.0,135016.99300329937,16.32,31.8,0.0,5.445064313390619,10.610510391014525,0.0,33.363425560629885
060371283032,38699.923569474,71298.46599462628,1664.6995101542884,278931.10158560675,13.87,25.56,0.6,9.562959376385015,17.618234637625843,0.4113562074848787,68.925376260368
060371284001,67310.9791346796,92419.97868174154,0.0,376345.02334418,17.89,24.56,0.0,16.63290517600341,22.837474087339032,0.0,92.99688055673285
060371284002,11375.888035917666,27656.828421970815,0.0,373466.82858538796,3.05,7.41,0.0,2.811043152643197,6.834151137383039,0.0,92.28566314292473
060371284003,28153.119715210625,44672.72366522204,1574.9672860753697,420063.775016672,6.7,10.63,0.37,6.956787386717894,11.038870422471955,0.38918289202396034,103.80001936603225
060371284004,80441.9734778164,134479.12549227363,16783.73087116618,548276.4655861079,14.67,24.53,3.06,19.877644542207417,33.23051560413907,4.1473502193617575,135.48206517812434
060371285001,10659.4459951004,32395.467560790676,325.1560649897335,328985.5560307213,3.24,9.85,0.1,2.634006468847932,8.00509436941636,0.08034781347565051,81.29410132015887
060371285002,4773.212830309807,3027.8651717350626,0.0,290164.80470996717,1.65,1.04,0.0,1.1794865772576728,0.7482017782927367,0.0,71.70128475620197
060371285003,22279.550371444697,27733.697643056577,1897.180248116138,202473.18874643664,11.0,13.7,0.94,5.505396793452767,6.8531459355825195,0.46880344892270964,50.032214542061595
060371285004,17395.232657256278,17395.24175207518,15518.051152638895,152179.5814772223,11.43,11.43,10.2,4.298455601481405,4.298457848860099,3.8345939496998187,37.604393532442586
060371286011,22419.505257755012,63086.34403004951,0.0,424852.9991210416,5.28,14.85,0.0,5.539980399022671,15.588975106914214,0.0,104.98346241527425
060371286012,9874.539374491593,11562.685915635564,2657.1086850539123,131281.19681832587,7.52,8.81,2.02,2.440051818946289,2.857201913968146,0.656585855219965,32.44029021925843
060371286013,7134.625239853342,6176.149175015287,2966.3074264918278,125748.24815059741,5.67,4.91,2.36,1.7630042915192259,1.526159697890271,0.7329905281721486,31.07306882808114
060371286021,0.0,0.0,0.0,243016.87154384088,0.0,0.0,0.0,0.0,0.0,0.0,60.05077674579792
060371286022,2787.691143909216,5015.383097912327,1289.518573070731,242955.86521267812,1.15,2.06,0.53,0.6888534835283253,1.239328153613599,0.3186469789076377,60.03570175306403
060371286023,7843.37903862659,5136.610973828232,1041.9722044917523,648386.7094852664,1.21,0.79,0.16,1.9381411693313921,1.2692842141362528,0.25747693906911767,160.21984518559685
060371287031,17143.629696893506,58788.031588527345,6978.236672660708,422945.4925395501,4.05,13.9,1.65,4.236283155982694,14.526838971386814,1.7243598349659868,104.51210727380366
060371287032,10048.814868321784,20774.73614012072,2169.508204560915,404943.39641543146,2.48,5.13,0.54,2.483116231329577,5.133549098784236,0.5360971524841699,100.06369244384474
060371287041,3896.0935494865334,5699.6941128265225,0.0,311755.68782816944,1.25,1.83,0.0,0.9627456827776321,1.4084250879961544,0.0,77.03650816533832
060371287042,129013.91712712105,129888.4208476093,121509.93864069044,521215.54277352395,24.75,24.92,23.31,31.880033206270504,32.096127781716206,30.025759739859662,128.79516552366727
060371288011,17335.31468721292,14323.098443484816,0.0,167951.8721126651,10.32,8.53,0.0,4.2836495486371025,3.5393147046690774,0.0,41.501811426524675
060371288012,13717.381068117364,16251.301891038833,0.0,324171.8592755127,4.23,5.01,0.0,3.389638681567613,4.015784153123216,0.0,80.1046109471958
060371288021,9216.768488795504,5676.2139247958075,0.0,324194.27833847946,2.84,1.75,0.0,2.277513093318362,1.4026230071759038,0.0,80.11015081830234
060371288022,9344.001928059255,3610.7260029745185,1516.7750910055038,324223.015071116,2.88,1.11,0.47,2.3089531608630107,0.8922298263384315,0.37480328746280944,80.1172518195826
060371288023,63341.352966678984,55881.52071618666,585.1879340270839,322759.2504906305,19.62,17.31,0.18,15.651989187477575,13.808624493538606,0.14460308766774493,79.75554771454362
060371289101,7194.944376422574,23230.89096227066,7983.473276061365,385208.5460883617,1.87,6.03,2.07,1.7779094747709363,5.740478173054015,1.9727592093140638,95.18710472557676
060371289102,12907.512163014102,22034.57161758062,7434.158857454291,362659.4103918908,3.56,6.08,2.05,3.189515716833676,5.444861225027833,1.8370206603587487,89.61509194754544
060371289103,5073.404151869314,20938.21702346673,0.0,588914.8558720312,0.86,3.56,0.0,1.2536654682847672,5.173946104826041,0.0,145.52403011193897
060371310211,5291.003880484142,0.0,0.0,162000.71211339827,3.27,0.0,0.0,1.307435532231286,0.0,0.0,40.03124776473371
060371310212,14637.235729174794,22822.039564835824,0.0,400443.3561430267,3.66,5.7,0.0,3.6169397184825596,5.639448792527496,0.0,98.95170827571455
060371310221,0.0,2343.313738232467,0.0,162055.48710109654,0.0,1.45,0.0,0.0,0.579045435183183,0.0,40.04478295896375
060371310222,10176.969929553276,4350.27662211847,2297.270870608902,342178.9735207627,2.97,1.27,0.67,2.514784036622133,1.074976764196276,0.5676679948152198,84.55426578189113
060371310231,54885.76379749817,61645.95902066077,4286.114524023985,589023.211891072,9.32,10.47,0.73,13.562567600297518,15.233048219709621,1.0591219644709045,145.5508054673583
060371310241,41005.21297593098,55204.0216545217,2189.9188837993547,434614.66109284986,9.43,12.7,0.5,10.132608794559783,13.64121082946224,0.5411407411633885,107.39562162057145
060371310242,36448.87239172375,31837.06576005743,3063.8522664060033,421324.06534682936,8.65,7.56,0.73,9.006712516404928,7.867110279434219,0.7570943830492946,104.11144388882516
060371311001,8537.161670319463,7978.039912228511,3691.2221603925504,453652.20177397435,1.88,1.76,0.81,2.1095785911911533,1.9714165958714964,0.9121208600238553,112.09990037277738
060371311002,0.0,0.0,0.0,324090.4516919761,0.0,0.0,0.0,0.0,0.0,0.0,80.08449469521167
060371311003,10942.333291085251,10202.681551454565,1261.3807111555125,324088.7021427859,3.38,3.15,0.39,2.7039094420344836,2.5211375167601906,0.3116939618054072,80.08406237219162
060371312001,0.0,0.0,0.0,401358.79612343217,0.0,0.0,0.0,0.0,0.0,0.0,99.17791842128294
060371312002,7641.033671751167,2512.5451274346433,0.0,488236.6738139365,1.57,0.51,0.0,1.8881405402615272,0.6208634221682051,0.0,120.64590952905274
060371312003,3185.786124778342,3185.784335458922,0.0,238829.00438179343,1.33,1.33,0.0,0.7872248956361546,0.7872244534856968,0.0,59.01593223318637
060371313001,0.0,0.0,0.0,371056.42139553005,0.0,0.0,0.0,0.0,0.0,0.0,91.6900385547837
060371313002,15577.230927670793,16994.815541970213,200.4604097085234,277097.1078420209,5.62,6.13,0.07,3.849217590584217,4.199510377462659,0.04953484601008893,68.47218653675083
060371313003,5708.482447892279,5694.296517023873,0.0,469860.1410259491,1.21,1.21,0.0,1.4105967328850395,1.4070913130263352,0.0,116.10496938443325
060371314001,16955.51038448458,16537.910769751397,5692.659898968436,485930.0101565899,3.49,3.4,1.17,4.189797861528545,4.086606749429361,1.4066868958974303,120.07592052608767
060371314002,1188.6690426942978,8226.1147014552,0.0,312875.7221245412,0.38,2.63,0.0,0.2937265172331847,2.0327172112957443,0.0,77.31327466739957
060371314003,714.6938282223961,26930.717368158785,0.0,308337.5136837554,0.23,8.73,0.0,0.1766046910551239,6.654725188443291,0.0,76.1918589394617
060371316001,18526.631561040358,19244.138734349683,0.0,1115669.1774799253,1.66,1.72,0.0,4.5780303591925025,4.7553302429585305,0.0,275.6878576923355
060371316002,12480.085739315551,3061.27150330357,1672.3965951049465,375434.04695403087,3.32,0.82,0.45,3.0838963473564993,0.7564566625983914,0.4132581985977963,92.77177338833746
060371316003,16095.006401693645,24109.762136182624,24109.762136182624,327172.70445509366,4.92,7.37,7.37,3.977162696606976,5.957651969744027,5.957651969744027,80.84613594002006
060371316004,12736.450957752197,0.0,0.0,372613.1340301338,3.42,0.0,0.0,3.1472455724532,0.0,0.0,92.0747106241922
060371317011,3710.8993013944164,2671.8354027489218,459.8934752325088,329826.64818054315,1.13,0.81,0.14,0.9169831874573046,0.6602249064137496,0.11364215263158944,81.50193971668965
060371317012,26267.49860961893,7518.599339962039,2085.2206359698725,329842.177193471,7.96,2.28,0.63,6.490840264118121,1.8578863580000973,0.5152692406945405,81.50577701935299
060371317021,6445.029368416415,7196.3828114936305,0.0,555997.9296047488,1.16,1.29,0.0,1.592601440649622,1.7782649198178853,0.0,137.3900804899356
060371317022,4838.338504725322,4084.670245755358,789.8392661483011,165109.27144129973,2.93,2.47,0.48,1.195579481877425,1.0093439992449578,0.19517353315932187,40.79938950326812
060371318011,126765.11187343186,137477.43274247387,36278.19098169967,656323.1222318303,19.31,20.95,5.53,31.32434132621227,33.971413460955574,8.964536221471574,162.1809754848174
060371318021,9852.776479776312,13725.6256213686,668.0024919732566,329641.12270824803,2.99,4.16,0.2,2.43467409054584,3.391675955043786,0.16506701060006862,81.45609537408629
060371318022,10077.151668258903,11696.931637839958,1097.2871919150953,329622.9427751598,3.06,3.55,0.33,2.4901184070875977,2.8903747543637976,0.2711455701372143,81.45160301478546
060371319001,19287.11126258776,23404.589373765048,7915.822644690705,281008.98050782783,6.86,8.33,2.82,4.765948985941409,5.783399985286576,1.9560423742427222,69.43883132408602
060371319002,35878.73669478469,35878.71751255376,33292.59614126007,378084.6514514078,9.49,9.49,8.81,8.865828917524754,8.865824177492263,8.226779669518347,93.42675202378037
060371319003,3600.764185842152,3043.324147695682,0.0,390584.68416448653,0.92,0.78,0.0,0.889768207715832,0.7520217744445773,0.0,96.51557737569773
060371319004,16821.744397590086,17949.578022567348,0.0,268540.278109308,6.26,6.68,0.0,4.1567435663096495,4.435437324441152,0.0,66.35774786149922
060371320011,12273.22052644621,8438.871099619253,4966.582317644507,401749.2940720137,3.05,2.1,1.24,3.0327788400181346,2.0852904622236523,1.227269218189624,99.27441256582932
060371320012,1175.9398804692116,0.0,0.0,243054.62495856293,0.48,0.0,0.0,0.29058107274579736,0.0,0.0,60.06010581774449
060371320013,2046.561590643345,7514.065904496398,6024.968981299722,323847.0443449263,0.63,2.32,1.86,0.5057163825519724,1.856766121700003,1.4888022584519063,80.02434742986702
060371320021,20087.10052396868,20584.367536603037,7518.741631558218,319011.0469145308,6.3,6.45,2.36,4.9636306375445765,5.086507992392628,1.8579215190192504,78.8293464400549
060371320022,4947.317404116509,4947.319506018065,2435.7441793631606,809980.411968094,0.61,0.61,0.3,1.2225087543833562,1.222509273774542,0.6018854945979614,200.15051868030758
060371320023,12020.924194327094,11711.535971544256,1453.4076567538032,471225.57242319535,2.55,2.49,0.31,2.9704350586270736,2.893983563814872,0.3591448534494474,116.44237483071703
060371321011,17112.52538068525,24598.761502314643,0.0,410192.0210303381,4.17,6.0,0.0,4.228597112060777,6.0784863446492805,0.0,101.3606558314892
060371321012,18772.883447931497,13982.82390432903,0.0,162121.92065705033,11.58,8.62,0.0,4.638880525639746,3.455231034867423,0.0,40.06119904814993
060371321013,3479.5796323277345,3479.580161387963,0.0,238213.6532608135,1.46,1.46,0.0,0.8598228523917237,0.8598229831253533,0.0,58.863875659700376
060371321021,11236.453746152434,14085.739602741534,0.0,185475.2395134157,6.06,7.59,0.0,2.7765881892811564,3.4806620577826046,0.0,45.83192981267644
060371321022,27463.26944152462,30220.249277681545,7170.7537568883345,547874.5773821169,5.01,5.52,1.31,6.786321671683486,7.467586225794326,1.7719318425030008,135.38275644017
060371321023,41383.85398590397,51245.97780587126,16966.95931506438,638153.150675984,6.48,8.03,2.66,10.22617302576827,12.663156894377707,4.192626953886858,157.69107773226247
060371323011,5949.450675741882,20191.60163406683,0.0,314157.690495979,1.89,6.43,0.0,1.4701412787492822,4.989453424219122,0.0,77.63005595085255
060371323012,101288.15780739013,110240.04188387541,743.8389669972539,316841.8057516457,31.97,34.79,0.23,25.02884887310158,27.240907602671317,0.18380661168999862,78.29331527500591
060371323021,5507.449401178218,5507.452975709193,0.0,323829.8202238359,1.7,1.7,0.0,1.3609203851892548,1.360921268475095,0.0,80.02009125685454
060371323022,61400.35225751901,35403.03820259931,10777.682994848516,323774.0053196701,18.96,10.93,3.33,15.17235746681256,8.74828126014993,2.6632234677742233,80.00629909366909
060371325011,8406.067173894135,3365.011675823753,0.0,384713.3041650645,2.19,0.87,0.0,2.0771844356437263,0.8315124937958939,0.0,95.06472778120187
060371325012,10470.270801040979,9180.802981261213,0.0,320088.4307517374,3.27,2.87,0.0,2.587260260355754,2.2686258228594407,0.0,79.0955737841344
060371325021,11020.098747931137,0.0,0.0,349935.04165806173,3.15,0.0,0.0,2.723125704913355,0.0,0.0,86.47083195764374
060371325022,23706.494595689303,5548.505169855574,0.0,274870.66002194403,8.62,2.02,0.0,5.858002390317099,1.3710654865697007,0.0,67.922019298854
060371327001,1183.037636592866,0.0,0.0,290386.0333545948,0.41,0.0,0.0,0.29233496648029383,0.0,0.0,71.75595154482414
060371327002,77564.47960232865,64230.563506161896,22815.940742379724,531063.1525965405,14.61,12.09,4.3,19.166600320435585,15.871717897041124,5.637941740677981,131.22856290552357
060371327003,5014.790673891242,2511.9683217893594,0.0,499906.02062662103,1.0,0.5,0.0,1.2391817624498784,0.6207208903891948,0.0,123.52946792467381
060371329001,0.0,0.0,0.0,509000.9635382622,0.0,0.0,0.0,0.0,0.0,0.0,125.77687726227698
060371329002,10515.348637131676,14972.223407042426,417.8878426675028,685090.0155868577,1.53,2.19,0.06,2.59839923623866,3.6997169764088405,0.10326233477284405,169.2894296409367
060371330001,7533.344405673344,9738.424792882663,0.0,319046.44719494006,2.36,3.05,0.0,1.8615299430874477,2.406417173334571,0.0,78.83809403984948
060371330002,5576.16302921751,3814.5648854111605,0.0,319050.5148196834,1.75,1.2,0.0,1.377899892457897,0.9425995111407787,0.0,78.83909917181334
060371330003,12614.333425477103,12052.69119223097,4441.5313261698175,364136.6081596576,3.46,3.31,1.22,3.117069673056534,2.9782848547621774,1.0975262926515574,89.9801154654519
060371331011,1290.2135689621957,0.0,0.0,389554.6162740023,0.33,0.0,0.0,0.3188187161325162,0.0,0.0,96.26104205668256
060371331012,3523.333328559228,16869.747511637415,0.0,274273.1680964741,1.28,6.15,0.0,0.8706346261896054,4.168605394117927,0.0,67.77437582868718
060371331021,4812.211954758608,4235.754243631951,0.0,531340.0055495211,0.91,0.8,0.0,1.1891234707814793,1.0466776681738377,0.0,131.29697476008016
060371331022,9110.496036099408,10639.797903142971,0.0,324868.9781332674,2.8,3.28,0.0,2.251252598355442,2.6291513195896896,0.0,80.27687276846923
060371340011,557.3628473866419,0.0,0.0,202024.3534915375,0.28,0.0,0.0,0.1377273590191016,0.0,0.0,49.92130493518383
060371340012,59505.219762984096,70079.53520222224,14468.352681357224,381479.0485407828,15.6,18.37,3.79,14.70406002881969,17.317030279186767,3.5752078085282615,94.26552581140142
060371340021,11394.092360025039,22314.05905675189,0.0,335674.0953232232,3.39,6.65,0.0,2.815541539096101,5.51392407529953,0.0,82.94687537349068
060371340022,18642.03073540168,6449.512233036028,2010.3069283022132,417862.58367241116,4.46,1.54,0.48,4.606546116194053,1.5937091806215171,0.49675766038420377,103.25609313922645
060371341011,1992.1348534139975,0.0,0.0,417470.0262979038,0.48,0.0,0.0,0.4922672428869013,0.0,0.0,103.15909009945106
060371341012,3143.317534218717,4586.626970405367,0.0,648318.6685079653,0.48,0.71,0.0,0.7767306783655455,1.1333802071696069,0.0,160.20303189394548
060371341031,15349.352676383423,14317.813311769793,0.0,406456.3890114099,3.78,3.52,0.0,3.792907648371781,3.5380087201805326,0.0,100.437561056431
060371341032,1465.8436641316139,0.0,0.0,644083.3186446433,0.23,0.0,0.0,0.3622178577964698,0.0,0.0,159.1564541503224
060371341041,560.9225012392064,0.0,0.0,324003.40065788536,0.17,0.0,0.0,0.13860696864223063,0.0,0.0,80.06298391622556
060371341042,25797.494962322715,26877.991351411205,18920.762066365205,323977.86423722096,7.96,8.3,5.84,6.374699833562031,6.641696305961636,4.675422128058646,80.05667372925599
060371342011,14764.593223025835,14009.366919272437,8284.897388628502,399496.23677288275,3.7,3.51,2.07,3.648410440583323,3.4617899567003025,2.0472427296333677,98.7176699824602
060371342012,0.0,0.0,0.0,311062.0826037032,0.0,0.0,0.0,0.0,0.0,0.0,76.86511458175897
060371342013,138873.98679120524,137591.23472892947,18793.46625861859,756201.2244907091,18.36,18.2,2.49,34.31650948190685,33.9995345442304,4.643966648926248,186.8613920437142
060371343021,1378.9789428836837,0.0,0.0,319021.59559131245,0.43,0.0,0.0,0.34075311771646105,0.0,0.0,78.83195307485501
060371343022,4811.265414963201,2645.268987240195,0.0,503133.8573392981,0.96,0.53,0.0,1.1888895757042612,0.6536602021752506,0.0,124.3270837468736
060371343023,11231.224843990201,10450.661685959305,0.0,484721.2977886602,2.32,2.16,0.0,2.7752960994177034,2.5824147424932633,0.0,119.77724119532633
060371343031,9405.888851476517,13671.44048259208,0.0,247596.81438329894,3.8,5.52,0.0,2.324245752681862,3.3782865156565625,0.0,61.182505268240014
060371343032,43172.08100817273,69506.99439617395,17003.798122763914,348265.3534329862,12.4,19.96,4.88,10.668053546255887,17.175552364902686,4.201730021516247,86.05824301185521
060371343033,35325.278701556716,33519.20176747928,18439.687047768653,502386.31688798073,7.03,6.67,3.67,8.729066468982102,8.28277513922785,4.556545902074021,124.14236247848868
060371343034,3560.536994702946,1452.032600616487,0.0,486714.05783821683,0.73,0.3,0.0,0.8798278523040258,0.3588050696780971,0.0,120.26966292754454
060371343041,41514.71186008753,56200.192932832644,33395.84562752194,286141.0345638029,14.51,19.64,11.67,10.258508710686383,13.8873701131959,8.252293173207375,70.70698949929785
060371343042,791.669510860384,0.0,0.0,734303.079275924,0.11,0.0,0.0,0.19562579647707937,0.0,0.0,181.45024251699135
060371343051,6088.397203505367,6088.389620325902,0.0,47298.19107577182,12.87,12.87,0.0,1.5044757134958162,1.504473839651362,0.0,11.68763754848547
060371343052,30728.866998778423,26528.947265952564,1524.7448597446835,264636.95356645924,11.61,10.02,0.58,7.59326840178693,6.555445634075521,0.37677266020730954,65.39321536134842
060371343053,0.0,0.0,0.0,45644.63447182952,0.0,0.0,0.0,0.0,0.0,0.0,11.279034813090759
060371343061,65289.07149980568,27714.909683851183,0.0,451728.46648472355,14.45,6.14,0.0,16.133280918596515,6.848503329756081,0.0,111.62453503028523
060371343062,16669.678737771534,4542.635910206135,0.0,168101.67847100127,9.92,2.7,0.0,4.11916732343213,1.1225097794579308,0.0,41.53882938384754
060371344211,1891.2979016109323,0.0,0.0,686020.6529986494,0.28,0.0,0.0,0.4673498894456187,0.0,0.0,169.51939515358512
060371344212,1023.0323716958653,0.0,0.0,530012.5758703586,0.19,0.0,0.0,0.25279680446116565,0.0,0.0,130.96895974283987
060371344213,4016.664810610697,0.0,0.0,918541.3019578021,0.44,0.0,0.0,0.9925394902516956,0.0,0.0,226.9764988136294
060371344221,9939.345575204436,7639.535983516812,1544.405460918948,678678.1970456474,1.46,1.13,0.23,2.4560657798948737,1.8877704534390578,0.38163090056034993,167.7050347744127
060371344222,6976.971490742729,56938.4832069984,7289.819261929885,1669539.5980723964,0.42,3.41,0.44,1.724047201705519,14.069805613027127,1.801353569545874,412.55221925621737
060371344231,24881.597462872087,20999.276176981515,9613.255595937671,884753.6982879691,2.81,2.37,1.09,6.14837663257546,5.189034150247375,2.37548719117554,218.6274001199339
060371344232,1404.015329974085,2292.612984793444,0.0,682293.4186346399,0.21,0.34,0.0,0.3469397436989943,0.5665170061639605,0.0,168.59837548424903
060371344241,4204.682849826367,0.0,0.0,2851465.039688036,0.15,0.0,0.0,1.0389997595547922,0.0,0.0,704.6123563723978
060371344242,1023.8687932728174,1807.0102676025533,0.0,861612.4311447483,0.12,0.21,0.0,0.2530034887340058,0.4465219614910134,0.0,212.90906847487477
060371345201,123492.46126079913,60175.66548282355,5976.941932884145,459742.9620236027,26.86,13.09,1.3,30.515651748168906,14.869730774173647,1.4769345163324332,113.60496000768684
060371345202,7693.699082525733,22771.933922704044,0.0,253481.57790262072,3.04,8.98,0.0,1.901154446681101,5.627067418714866,0.0,62.63666200252608
060371345203,73658.43673378139,90264.87780836424,11294.978565961632,254007.5447892828,29.0,35.54,4.45,18.201396107376112,22.30493706392291,2.791049987205405,62.76663125069381
060371345211,5599.630304519405,10331.822094837356,957.0144808209897,199930.07377990682,2.8,5.17,0.48,1.3836987824733669,2.553048839995672,0.23648342835287184,49.40379714814238
060371345212,35528.22754544049,37384.57537507012,8277.035295647021,151857.43855231616,23.4,24.62,5.45,8.779216220468323,9.237929759044697,2.045299964148049,37.5247902820967
060371345221,29268.87963262865,37624.689907932414,4558.275482209673,222425.23855653868,13.16,16.92,2.05,7.232497666737249,9.297263352283444,1.1263744018638482,54.962473421438744
060371345222,5975.869669003885,15760.186936144288,0.0,127536.6916265512,4.69,12.36,0.0,1.476669554157268,3.89442700484977,0.0,31.515002835439166
060371345223,46659.23104022254,49333.89105831373,781.4165767747703,265331.7593601068,17.59,18.59,0.29,11.529747085158792,12.190669969224192,0.1930922412886961,65.5649056120333
060371347101,35153.90790181474,24016.779061866073,14511.91403013491,408290.0612609687,8.61,5.88,3.55,8.686719822139528,5.934675351695045,3.5859720522351957,100.89067133714397
060371347102,5123.326712578899,1864.9760413586464,0.0,53954.448135043946,9.5,3.46,0.0,1.266001601692727,0.4608456161270522,0.0,13.332434488260422
060371347103,0.0,0.0,0.0,108386.11092496259,0.0,0.0,0.0,0.0,0.0,0.0,26.782791285855374
060371347201,12615.896094133128,16166.70423007843,0.0,354285.649242042,3.56,4.56,0.0,3.117455816890888,3.994879615840366,0.0,87.54589050429712
060371347202,44982.36819861599,31345.030892762985,13621.921250566604,419327.3769970572,10.73,7.48,3.25,11.115385253015491,7.745525815856279,3.3660500469369463,103.61805145248366
060371347203,16954.600753447572,25487.242999233316,0.0,215923.94333836235,7.85,11.8,0.0,4.189573086804151,6.298034903871888,0.0,53.35596838652062
060371348011,22322.58184475048,4942.532823289752,0.0,605064.6033309805,3.69,0.82,0.0,5.516030102079086,1.2213264587129997,0.0,149.514719618381
060371348012,38700.96562055787,19651.193250375964,0.0,319157.57867446844,12.13,6.16,0.0,9.563216872815604,4.855915604419137,0.0,78.86555522649135
060371348021,49546.485119934274,56491.20831154137,42109.551901829414,520244.99289775797,9.52,10.86,8.09,12.243203105918589,13.95928157936453,10.405496886112955,128.5553374263832
060371348022,13455.65566962841,13705.415629227618,3906.478535701426,429946.5187480232,3.13,3.19,0.91,3.324964927134354,3.3866819572263402,0.9653118687577944,106.24209852571002
060371349011,53695.52500422323,52415.14329664531,52415.14329664531,365096.6715638806,14.71,14.36,14.36,13.268453189248296,12.952063978973673,12.952063978973673,90.21735229918508
060371349012,613.343072814302,0.0,0.0,275016.2102611916,0.22,0.0,0.0,0.15156037397802147,0.0,0.0,67.9579855462459
060371349013,1451.7111992140299,0.0,0.0,421911.7732471898,0.34,0.0,0.0,0.3587256496619389,0.0,0.0,104.256669673735
060371349041,0.0,0.0,0.0,432437.3435408323,0.0,0.0,0.0,0.0,0.0,0.0,106.85759473630499
060371349042,16096.091592466853,16096.08648301888,16096.08648301888,123346.60335205945,13.05,13.05,13.05,3.9774308530869544,3.977429590514864,3.977429590514864,30.479609473989786
060371349043,4767.567202608667,5778.014842467232,0.0,483976.5969620644,0.99,1.19,0.0,1.178091512270961,1.4277785617708085,0.0,119.59322161349145
060371349051,156928.38504014816,243119.46041714697,7558.676343783106,736365.3706909635,21.31,33.02,1.03,38.77784844837201,60.07612700847051,1.867789601317363,181.95984582380115
060371349052,1411.221237890437,0.0,0.0,1850376.4376129326,0.08,0.0,0.0,0.3487203623234817,0.0,0.0,457.23797547419815
060371349061,10079.8397056123,11153.275226576843,0.0,92573.59450455903,10.89,12.05,0.0,2.490782635583207,2.7560343294715555,0.0,22.87543338383574
060371349062,17663.841669522262,0.0,0.0,82214.78295334402,21.48,0.0,0.0,4.364830333922909,0.0,0.0,20.315715303926275
060371349071,92184.72193242154,55766.08203514923,41909.47386522187,263747.352237403,34.95,21.14,15.89,22.779340878555587,13.780098974224787,10.356056526553846,65.17339008557829
060371349072,13378.126397424216,22038.422625969753,0.0,127748.72824435968,10.47,17.25,0.0,3.305807026751465,5.445812829924863,0.0,31.567398224767736
060371351021,772.680543481881,0.0,0.0,488782.6000854404,0.16,0.0,0.0,0.19093352044934683,0.0,0.0,120.78081084862566
060371351022,9177.836724157763,3560.3857658793113,1393.4827411981848,597818.6876943428,1.54,0.6,0.23,2.2678928447663633,0.8797904828478729,0.3443370843316887,147.72421487091077
060371351023,26509.52431717263,50151.362026106886,17649.383869730264,581867.7328708995,4.56,8.62,3.03,6.550646118908038,12.392671444559053,4.361257733790131,143.78264809449828
060371351111,7823.287560863491,8746.147189928482,921.5103824902301,306821.4437929819,2.55,2.85,0.3,1.9331764570545025,2.1612200377352537,0.22771017459120174,75.81722991077122
060371351112,3600.8281042395947,0.0,0.0,443264.68980467983,0.81,0.0,0.0,0.8897840022958148,0.0,0.0,109.53309026511012
060371351113,28770.132062653363,34443.15436325612,2675.1483094925743,289613.1516757608,9.93,11.89,0.92,7.109254458202684,8.511088797864865,0.661043543498405,71.56496832274689
060371351131,169182.20283774362,288287.01946339675,137396.7447925455,450359.93960812263,37.57,64.01,30.51,41.80583276967598,71.23727391653478,33.95147503430872,111.28636467439469
060371351132,0.0,0.0,0.0,193229.0199255173,0.0,0.0,0.0,0.0,0.0,0.0,47.74793067922144
060371351151,59893.00722464198,0.0,0.0,161987.6655448325,36.97,0.0,0.0,14.799884397460845,0.0,0.0,40.02802388743143
060371351152,36385.67248253336,56541.26018037814,25336.26769077704,171538.3494613089,21.21,32.96,14.77,8.991095478735746,13.971649665506586,6.260728092683677,42.388049279884655
060371351161,483107.87131508056,446505.95130118245,377698.70975219883,787559.2751172589,61.34,56.69,47.96,119.3785548311032,110.33402342363823,93.33138375297325,194.61013510585448
060371351162,67821.36946189676,77581.3411400977,77581.3411400977,148914.19224981713,45.54,52.1,52.1,16.759025372507555,19.17076689715813,19.17076689715813,36.79749828176586
060371352011,261968.61610504278,303441.4072375634,276192.5503739945,922490.0668563596,28.4,32.89,29.94,64.73385481506199,74.98200468837156,68.24866551855519,227.95225987021158
060371352012,59075.243597836576,56412.14525400765,50968.450483409404,609307.3265282819,9.7,9.26,8.36,14.597810604509124,13.9397446723727,12.594578399493209,150.56311935250977
060371352021,2967.0119183682764,1551.821200069288,0.0,423343.80200169043,0.7,0.37,0.0,0.7331646119060189,0.3834633696119557,0.0,104.61053168538783
060371352022,49631.165091763985,11929.433229653494,8959.289928136246,564787.0577287625,8.79,2.11,1.59,12.264127982660199,2.947827148900605,2.2138887553670394,139.5619213477838
060371352023,7425.1869639856795,5569.104413775943,5569.104413775943,774470.5382854576,0.96,0.72,0.72,1.8348036572007045,1.3761556705965785,1.3761556705965785,191.37583779810888
060371352041,19348.0975912649,16948.015893540323,7300.8845183750855,924656.7200595286,2.09,1.83,0.79,4.781019035953456,4.187945932484863,1.8040878539607972,228.48765153648773
060371352042,7897.276420324448,4931.023700328512,1486.1574581655343,419072.39355357405,1.88,1.18,0.35,1.9514595023959227,1.2184824924933102,0.36723750562026714,103.55504367141396
060371352043,2709.5505489292245,3593.185551513052,0.0,513805.5278690958,0.53,0.7,0.0,0.6695445219977233,0.8878954863889396,0.0,126.96411096403116
060371352051,1684.7753880098976,1684.7775038136876,0.0,1732277.8209576614,0.1,0.1,0.0,0.4163170649406772,0.41631758776717986,0.0,428.05517175485284
060371352052,4915.788163137984,0.0,0.0,916234.6086488297,0.54,0.0,0.0,1.2147177092639876,0.0,0.0,226.406502483588
060371370001,39848.679222061975,64044.043951719184,2562.3728019119967,1174002.300901499,3.39,5.46,0.22,9.84682308013033,15.825627911389471,0.6331761086775533,290.10228640759476
060371370002,11252.10805788872,131903.922683889,0.0,1836971.238351239,0.61,7.18,0.0,2.780456453954357,32.59416913181787,0.0,453.92547859699397
060371371031,17655.13360519825,100605.25765689198,0.0,344853.27122669783,5.12,29.17,0.0,4.362678524366284,24.86010057090875,0.0,85.215099136673
060371371032,0.0,66.06075346735658,0.0,107143.90262311685,0.0,0.06,0.0,0.0,0.01632396768555951,0.0,26.475834929566105
060371371033,0.0,0.0,0.0,54813.08483678595,0.0,0.0,0.0,0.0,0.0,0.0,13.544608237986088
060371371034,19585.832147065998,62669.63190000179,4641.97285541328,252907.70434739353,7.74,24.78,1.84,4.8397645240526135,15.486003297056776,1.1470564731971251,62.49485475874775
060371371041,61215.39101109807,378060.89985441836,7235.005806940025,1928363.4162733054,3.17,19.61,0.38,15.126652547459074,93.42088287634584,1.7878088698410712,476.5089775855413
060371371042,0.0,0.0,0.0,636396.1009239285,0.0,0.0,0.0,0.0,0.0,0.0,157.256901283024
060371372021,36300.361579346165,830.1815754919538,0.0,199253.15197945602,18.22,0.42,0.0,8.970014695460366,0.20514233489895156,0.0,49.23652612841855
060371372022,6934.117620227162,20187.916299276116,2816.961009302062,133275.00470829254,5.2,15.15,2.11,1.7134577796844255,4.988542758159829,0.6960862247817171,32.93297087848089
060371372023,9082.29175204796,11633.56583436857,2752.2753396168055,537486.6244771783,1.69,2.16,0.51,2.2442831679859006,2.8747167233250273,0.6801020476986828,132.8158373749322
060371372031,59300.69180833595,79676.628019152,22306.097888093944,384009.557404693,15.44,20.75,5.81,14.65352007056566,19.68852356068999,5.511956827681385,94.89082816952399
060371372032,8036.140048089905,0.0,0.0,740166.8873011275,1.09,0.0,0.0,1.9857734521068202,0.0,0.0,182.8992210359095
060371373011,19541.855547920386,5764.853691592618,0.0,1609688.0753957124,1.21,0.36,0.0,4.828897669745108,1.4245263705633902,0.0,397.7625859138047
060371373021,2694.798295212893,0.0,0.0,930741.3941652384,0.29,0.0,0.0,0.6658991607156488,0.0,0.0,229.99120725248252
060371373022,6838.993148628332,0.0,0.0,1516151.2563258586,0.45,0.0,0.0,1.689952010843134,0.0,0.0,374.64913455632325
060371374011,29717.458195010982,65665.79420255114,3354.1529809263916,360182.7119825029,8.25,18.23,0.93,7.343343843512727,16.226371125765773,0.8288292518510457,89.00308644231453
060371374012,6964.1299733757705,6379.7992790890585,583.524433654488,831582.2852112699,0.84,0.77,0.07,1.7208739936579398,1.5764827345432482,0.14419202777360388,205.48845780846793
060371374013,5777.102018236579,3102.400554590715,0.0,1185835.7788060186,0.49,0.26,0.0,1.4275529979910806,0.7666198725060839,0.0,293.02640247927434
060371374021,2000.8981652251618,6549.0036676661375,0.0,1559851.3457392994,0.13,0.42,0.0,0.4944327043949148,1.6182940495285059,0.0,385.4476618209808
060371374022,55939.837296613245,52969.872770546426,45605.77914705777,892179.1164030898,6.27,5.94,5.11,13.823034834390779,13.089140617233088,11.269433453241005,220.46226089582402
060371374023,23444.112802144708,27797.15121768169,0.0,628160.2562765087,3.73,4.43,0.0,5.793166437133222,6.868825655345714,0.0,155.22177974971902
060371375011,70055.9257119046,106417.47401202378,57793.8804679854,570931.80720886,12.27,18.64,10.12,17.311196247075582,26.29633051051329,14.281178879509287,141.08032201208343
060371375012,66776.3627136697,115762.50506463907,36498.493220631106,1017349.7872199377,6.56,11.38,3.59,16.500798581351148,28.6055379735923,9.018974090260798,251.39260725652218
060371375013,0.0,71112.02471712165,0.0,926134.7917397335,0.0,7.68,0.0,0.0,17.572163994626834,0.0,228.8528910028606
060371375021,84006.13077819333,130960.98321845119,31510.88023586625,528143.1171435151,15.91,24.8,5.97,20.758366991526042,32.36116371551042,7.786508081049891,130.5070064310061
060371375022,97323.89274555861,109341.69753839509,49395.36053845926,721207.9346866366,13.49,15.16,6.85,24.049257642760743,27.01892188049253,12.205859408564141,178.21436181788778
060371375023,34844.916410977836,39509.7730485994,2562.389261828115,840871.6512952469,4.14,4.7,0.3,8.610366361926168,9.763077540855283,0.6331801760114046,207.7839101582372
060371375041,4822.579387286859,0.0,0.0,3837565.2544262125,0.13,0.0,0.0,1.1916853191512078,0.0,0.0,948.2830261001286
060371380001,3357.4081664297287,0.0,0.0,2936088.2396099805,0.11,0.0,0.0,0.8296336257065943,0.0,0.0,725.5232044700822
060371380002,517.9660031767696,0.0,0.0,785470.8676506033,0.07,0.0,0.0,0.12799218680201863,0.0,0.0,194.09407838214767
060371380003,4668.011111740518,2590.8141015574965,0.0,750645.2856680624,0.62,0.35,0.0,1.1534906664596072,0.6402041068758764,0.0,185.48848966153585
060371390011,0.0,5266.87516653208,0.0,275108.9108046596,0.0,1.91,0.0,0.0,1.3014731971658495,0.0,67.98089234940177
060371390012,6501.463462512658,5259.817948424451,0.0,379202.20277148316,1.71,1.39,0.0,1.606546608999028,1.299729320593267,0.0,93.70290496903672
060371390013,520.0326977930893,0.0,0.0,269961.8459555388,0.19,0.0,0.0,0.12850287816356043,0.0,0.0,66.70902492642354
060371390014,0.0,0.0,0.0,315516.7436098356,0.0,0.0,0.0,0.0,0.0,0.0,77.96588528898623
060371392001,510.9743662793663,0.0,0.0,349295.0148167191,0.15,0.0,0.0,0.12626451569940586,0.0,0.0,86.31267788086454
060371392002,1578.231987869695,11763.403639958327,0.0,260351.13978131503,0.61,4.52,0.0,0.3899896174062237,2.906800343804144,0.0,64.33416771107314
060371392003,9125.844043020157,3576.730442256755,0.0,214232.061327624,4.26,1.67,0.0,2.2550451734603545,0.8838293403390785,0.0,52.93789523685968
060371392004,11835.393679745948,0.0,0.0,328149.80782833754,3.61,0.0,0.0,2.9245894700477,0.0,0.0,81.08758344179834
060371393011,5035.516373076956,0.0,0.0,1146002.1836866518,0.44,0.0,0.0,1.244303194253338,0.0,0.0,283.18330676209456
060371393012,4412.063412943584,1511.9984573361444,0.0,812515.1829786886,0.54,0.19,0.0,1.0902446127127476,0.37362295557781344,0.0,200.7768742378125
060371393013,20396.230787461678,3685.856661263568,0.0,907142.1246091283,2.25,0.41,0.0,5.04001838922806,0.9107950163148264,0.0,224.15970074647348
060371393021,9603.470487545655,12695.195965926658,3254.6111718370926,169814.65634937363,5.66,7.48,1.92,2.3730692382336334,3.1370512419607253,0.8042319351441027,41.96211543592756
060371393022,0.0,0.0,0.0,106251.98007895824,0.0,0.0,0.0,0.0,0.0,0.0,26.255436069052628
060371393023,0.0,0.0,0.0,62221.00101119461,0.0,0.0,0.0,0.0,0.0,0.0,15.375144190140125
060371393031,0.0,1583.6845115272388,0.0,133393.3357552488,0.0,1.19,0.0,0.0,0.39133696534457973,0.0,32.962211116978416
060371393032,0.0,0.0,0.0,68241.10157028062,0.0,0.0,0.0,0.0,0.0,0.0,16.862743435263766
060371393033,12743.15665593202,13575.937078030338,6466.338827684291,213936.98759235212,5.96,6.35,3.02,3.1489025865599287,3.3546871104409206,1.5978671227108694,52.864980928944384
060371394011,91178.8259882509,159081.09144306576,55529.18012920249,512095.62723559036,17.81,31.06,10.84,22.530778577555026,39.30979378525178,13.721559238385518,126.54158531571785
060371394012,65272.472241102674,104474.1793980037,11567.452501194603,395163.5548973982,16.52,26.44,2.93,16.129179152442635,25.81613195361277,2.858379762911008,97.64704097484271
060371394021,55181.6949431766,83295.90196318072,20215.439329667228,1105683.2147459434,4.99,7.53,1.83,13.635693778938402,20.582865629263377,4.995343847083757,273.220272561638
060371394022,47189.23107182967,59821.07661574744,7541.235184283482,698315.0861606654,6.76,8.57,1.08,11.660712945146683,14.782109956910796,1.8634797969459787,172.55741575000764
060371394023,6781.644921419687,8518.863130546239,0.0,639894.8658934449,1.06,1.33,0.0,1.6757809552822762,2.1050569235401984,0.0,158.1214649354803
060371395021,23110.93295379828,21731.99580040846,0.0,527845.4540445973,4.38,4.12,0.0,5.710835903610406,5.370093112302767,0.0,130.4334522773993
060371395022,24229.471386785917,35058.506823934484,13538.776218451118,519707.879188548,4.66,6.75,2.61,5.987232769779501,8.66314570239755,3.3455044620589494,128.42261373837763
060371395041,17668.84760144322,19508.268533811566,0.0,200491.2490373188,8.81,9.73,0.0,4.366067326639836,4.820598137811405,0.0,49.54246657419511
060371395042,6091.189037305623,0.0,0.0,88575.72062261902,6.88,0.0,0.0,1.5051655906520216,0.0,0.0,21.887537233181334
060371395051,12080.402673282153,18259.1739917227,17714.297738657602,83818.97629707679,14.41,21.78,21.13,2.9851325108583504,4.511940154499982,4.377298300133931,20.712120112076448
060371395052,15701.19388237365,0.0,0.0,85404.26990897185,18.38,0.0,0.0,3.879849503793863,0.0,0.0,21.10385469478124
060371395061,3007.6378618297017,0.0,0.0,68792.42849174133,4.37,0.0,0.0,0.743203501162518,0.0,0.0,16.998979284504436
060371395062,27271.33575872522,11946.965380726462,655.017350857723,113707.17120306983,23.98,10.51,0.58,6.738893825778942,2.9521594377794305,0.16185831235130974,28.097653915686845
060371396001,102940.40290624324,133366.22800281845,43058.41072687757,1160590.4041043932,8.87,11.49,3.71,25.43712752853093,32.9555126454734,10.639965008034965,286.78813453334766
060371396002,29858.589698649488,60749.480514918396,34201.76858652154,839676.5858945347,3.56,7.23,4.07,7.378218197556355,15.011523556571037,8.451441073424117,207.48860306651602
060371396003,25564.670041370202,61140.93049608871,16582.109779797014,477217.27895861067,5.36,12.81,3.47,6.317167542654997,15.108252953493443,4.097528562667154,117.92295775979014
060371397011,22748.361331105403,55347.08546836764,4712.901269183044,433433.61854334257,5.25,12.77,1.09,5.621242504475713,13.676562667756787,1.1645832659385638,107.10377965084649
060371397012,63772.62368558409,112952.76940391553,36376.3275234155,933204.8703263015,6.83,12.1,3.9,15.75855850298824,27.911237171327308,8.988786289048132,230.5999454689973
060371397013,53337.56426487473,76604.42203138265,27505.643431844284,801970.0377791333,6.65,9.55,3.43,13.179999164201316,18.929364928136536,6.7967925127257125,198.17111211064972
060371397014,4034.7180633357866,0.0,0.0,867267.1902805113,0.47,0.0,0.0,0.9970005461530521,0.0,0.0,214.3063898882224
060371397015,0.0,8165.215895311381,0.0,362955.1208570006,0.0,2.25,0.0,0.0,2.017668788572681,0.0,89.68816359483023
060371397031,3596.579624743151,0.0,0.0,4728894.858858934,0.08,0.0,0.0,0.8887341801491906,0.0,0.0,1168.5353680164537
060371397041,2319921.8596858294,0.0,0.0,6351229.7332915915,36.53,0.0,0.0,573.2651761116824,0.0,0.0,1569.4230460306214
060371397051,3574.851249184708,0.0,0.0,809664.7201200568,0.44,0.0,0.0,0.8833649816181598,0.0,0.0,200.0725095257723
060371397052,884.6811034029115,0.0,0.0,861456.9544823851,0.1,0.0,0.0,0.21860946153316918,0.0,0.0,212.87064935491225
060371397053,1035.3604366515585,0.0,0.0,1372418.0803940762,0.08,0.0,0.0,0.2558431356547942,0.0,0.0,339.13189328821295
060371398011,5988.405925693593,0.0,0.0,1810716.5514650224,0.33,0.0,0.0,1.4797673306487487,0.0,0.0,447.43780417867447
060371398012,3535.8880814409476,0.0,0.0,1856049.8341325978,0.19,0.0,0.0,0.8737369731896687,0.0,0.0,458.6399022854045
060371398021,4446.620440233133,0.0,0.0,1916973.5020727625,0.23,0.0,0.0,1.098783840123503,0.0,0.0,473.69446849213784
060371398022,11037.522772879707,0.0,0.0,4159248.7899788464,0.27,0.0,0.0,2.7274312752449643,0.0,0.0,1027.7727588645687
060371411011,12066.3625992224,5345.723255878935,0.0,379572.77497665136,3.18,1.41,0.0,2.981663133001988,1.3209569843618612,0.0,93.79447535515594
060371411012,2215.1165914408184,2413.798857566586,0.0,114528.8401780328,1.93,2.11,0.0,0.5473672303222304,0.5964626874839991,0.0,28.300692741184807
060371411013,30095.998266827006,39940.19657584165,7653.677622161372,265030.39079578983,11.36,15.07,2.89,7.4368831323594335,9.869437510746922,1.8912649284508927,65.49043581798556
060371411021,9998.913438133297,6881.307538550299,0.0,284623.5062241462,3.51,2.42,0.0,2.470785319387094,1.700408124306352,0.0,70.33200008003975
060371411022,45818.29556298318,54314.524771678705,8896.29537639512,494291.64485023916,9.27,10.99,1.8,11.321947403266288,13.421411362913467,2.198322462628695,122.14212545675096
060371412011,23566.771778787996,21443.584539519456,11172.42458353323,173795.10464271702,13.56,12.34,6.43,5.823476130347034,5.298825137661364,2.7607662386271143,42.945705629864506
060371412012,72423.02315786104,74858.60602378141,36169.13857396748,297464.800926898,24.35,25.17,12.16,17.8961187644286,18.497964397606747,8.937588784658999,73.50515310609553
060371412013,37504.393266947605,35715.47312504746,22724.12833623567,229797.84886659967,16.32,15.54,9.89,9.267537404923676,8.825485610845144,5.615254401034337,56.78428510451512
060371412021,0.0,0.0,0.0,344705.9992509318,0.0,0.0,0.0,0.0,0.0,0.0,85.1787074389219
060371412022,6809.82435246304,11090.186944483099,3139.4593161559724,159207.5822165577,4.28,6.97,1.97,1.6827442443397715,2.7404448754586728,0.7757772919193676,39.34105033608758
060371412023,19843.03634978531,34795.63654509252,6017.368207322052,196269.4070288778,10.11,17.73,3.07,4.903321066680527,8.598189041867926,1.4869240662987084,48.499226694205184
060371413031,11942.20349102499,21846.07284783312,11942.073395261561,124990.05913891368,9.55,17.48,9.55,2.9509827492082437,5.398282164623286,2.9509506018449945,30.88571624312482
060371413032,9345.453307004584,18591.123736807935,13474.917968145053,137770.91698974147,6.78,13.49,9.78,2.3093118044109495,4.593966722887197,3.3297247447572436,34.043934997831236
060371413041,32376.119197631717,48992.08034597688,3897.4300333700953,441315.02320556703,7.34,11.1,0.88,8.0003132847572,12.10620670276263,0.9630759351375043,109.05131715640256
060371413042,44366.3687411054,44573.49870971139,2801.5129958808075,270928.2347622682,16.38,16.45,1.03,10.963168472083769,11.014351401989435,0.6922689375323481,66.947824801156
060371413051,2415.664304431589,92366.15978127885,0.0,410756.21620740317,0.59,22.49,0.0,0.5969236494431823,22.824175147410056,0.0,101.50007149593979
060371413052,13551.700648749038,12121.95209090936,2257.527896085995,280456.3237585144,4.83,4.32,0.8,3.348698158337963,2.99539959555086,0.557847291935097,69.30226686722654
060371413061,15956.041679993974,23154.251188138962,8136.9811731888,268216.62176575797,5.95,8.63,3.03,3.9428237660409007,5.721540072431645,2.010691836791961,66.27777063726202
060371413062,26978.334854425197,39621.45309354368,5398.095790329573,330905.27562239085,8.15,11.97,1.63,6.66649172555166,9.790674280963508,1.3338985194656885,81.76847436216838
060371414001,25041.632753573565,28021.469047610404,3504.595222899271,475018.8747019992,5.27,5.9,0.74,6.187922214132458,6.924255798280135,0.8660043394425296,117.37972023734112
060371414002,42912.58652151469,86719.10382561221,8590.34629427973,664461.5146672865,6.46,13.05,1.29,10.603931062141625,21.428757231318624,2.122720797983043,164.19201605211032
060371414003,23712.682287990116,41621.84437192323,10853.918886128276,842928.5258524442,2.81,4.94,1.29,5.859531402383492,10.284981730891078,2.682061766770398,208.29217493032357
060371415001,3553.6261439170917,8691.352961334394,0.0,3275195.8794286083,0.11,0.27,0.0,0.8781201438843247,2.147680088976313,0.0,809.3185271658944
060371416001,6976.846385677414,0.0,0.0,2157556.7809362365,0.32,0.0,0.0,1.724016287570631,0.0,0.0,533.143891390318
060371416002,0.0,0.0,0.0,579352.6937199768,0.0,0.0,0.0,0.0,0.0,0.0,143.16116838570468
060371416003,1673.8227873892579,0.0,0.0,1168438.0106110184,0.14,0.0,0.0,0.41361061838625657,0.0,0.0,288.72732033277146
060371417001,0.0,0.0,0.0,296975.0383257686,0.0,0.0,0.0,0.0,0.0,0.0,73.3841301317151
060371417002,2042.2637574960893,0.0,0.0,2316010.729658032,0.09,0.0,0.0,0.5046543648526376,0.0,0.0,572.2987148341958
060371417003,3211.9574486784236,0.0,0.0,631160.2607246699,0.51,0.0,0.0,0.7936919706119849,0.0,0.0,155.9630969932851
060371431011,40252.87098289475,48253.53127357632,7905.640675379668,934822.8770250985,4.31,5.16,0.85,9.946701039376796,11.92370725249487,1.9535263548320314,230.99976363151995
060371431012,6552.5367592648945,8973.921906205074,0.0,434077.8677740883,1.51,2.07,0.0,1.619167095475775,2.2175043958893563,0.0,107.26297710276984
060371431021,43296.198671913306,52254.2613471659,3515.419212735522,391210.79724609415,11.07,13.36,0.9,10.698723688901314,12.912309183476381,0.8686790055800131,96.67029328756996
060371432001,8229.678456543623,17153.162197552065,0.0,267472.62747630884,3.08,6.41,0.0,2.0335978343563244,4.238638688194263,0.0,66.09392564455831
060371432002,18257.679264479906,35263.213955011495,2383.502851559988,304005.9631902421,6.01,11.6,0.78,4.511570799354462,8.713729936111383,0.5889763813628072,75.12150950241781
060371432003,7028.190930226398,10139.51921716299,1202.9292399709575,385631.23437326204,1.82,2.63,0.31,1.7367038008376658,2.5055297640507144,0.2972502887210307,95.29155327545875
060371433011,1625.8678310046457,2482.2899297250106,0.0,287284.72764558997,0.57,0.86,0.0,0.40176069059559566,0.6133871999968018,0.0,70.98960221455421
060371433012,21333.8292997962,19081.14397342492,7424.391491905052,293065.7532458935,7.28,6.51,2.53,5.271704027281529,4.715053360383068,1.8346070917687747,72.41812475078866
060371433021,0.0,0.0,0.0,313258.4110929134,0.0,0.0,0.0,0.0,0.0,0.0,77.40783917091247
060371433022,7665.494742913747,11494.577709304536,2676.585262608982,438235.82234977157,1.75,2.62,0.61,1.894185002582252,2.8403720096616727,0.6613986223463854,108.2904300543172
060371433023,4859.365173915797,3595.077779145832,1273.2654101871585,285163.9261785127,1.7,1.26,0.45,1.2007752849887212,0.8883630660199604,0.31463073489324456,70.46554075901595
060371434011,6811.435650726949,4279.790680123356,0.0,547970.8363472535,1.24,0.78,0.0,1.6831424048119321,1.0575593086115007,0.0,135.4065425484697
060371434012,1844.8155771988088,3029.3569129271395,0.0,202547.2429291522,0.91,1.5,0.0,0.4558638569402804,0.7485703955690551,0.0,50.05051372913076
060371434013,3273.703814328655,2810.7038998665926,0.0,358636.5720289335,0.91,0.78,0.0,0.8089498298501965,0.6945400593677836,0.0,88.62102693928612
060371434021,5882.709170142573,3894.355873414872,0.0,360620.00353639375,1.63,1.08,0.0,1.4536490935484723,0.9623162936690778,0.0,89.11114353855109
060371434022,23957.580324311915,13666.343047046814,910.3912010023032,287571.561701673,8.33,4.75,0.32,5.92004702506935,3.3770269119016456,0.22496256500802492,71.06048045340039
060371435001,2479.1904372122012,2176.5040467079652,0.0,263018.41134546814,0.94,0.83,0.0,0.6126212987170694,0.5378258627266008,0.0,64.99326486840971
060371435002,4436.758974562697,3135.7023156133196,0.0,295181.56062824535,1.5,1.06,0.0,1.0963470188871847,0.774848916867103,0.0,72.94095214111576
060371435003,6236.270666208513,5678.422355261092,0.0,264025.96986641415,2.36,2.15,0.0,1.5410160419059478,1.4031687222284717,0.0,65.24223800107856
060371435004,6205.189141760063,3890.5894642914063,0.0,415978.0932905338,1.49,0.94,0.0,1.5333356299505325,0.9613855937058624,0.0,102.79042542454144
060371436021,0.0,0.0,0.0,275674.7782728887,0.0,0.0,0.0,0.0,0.0,0.0,68.12072124599838
060371436022,49368.15222484905,48691.82447206236,1394.0902813307566,694524.4203237836,7.11,7.01,0.2,12.199136087850412,12.032011860501227,0.34448721076790445,171.62072182237043
060371436023,8001.143602124158,12957.208044947383,2386.9237000951775,249799.6431177623,3.2,5.19,0.96,1.9771256419764593,3.2017958366961468,0.5898216914450366,61.726836102976414
060371436031,26434.30058623767,33530.31508036534,5124.736640031564,318175.1737143432,8.31,10.54,1.61,6.532057930179972,8.285521298647923,1.2663500023537588,78.62279767406437
060371436032,0.0,1714.6379735091173,0.0,207297.98899036585,0.0,0.83,0.0,0.0,0.42369627052205777,0.0,51.22444864684059
060371436051,881.1231143161436,22672.262059826033,0.0,329323.26203583233,0.27,6.88,0.0,0.2177302632826274,5.602437965016851,0.0,81.3775502913756
060371436061,63028.43310213449,73852.72705072974,35095.5906281896,243355.8855926823,25.9,30.35,14.42,15.574665004980654,18.24940629026101,8.672309309994263,60.1345489416596
060371437001,12662.050149766337,13531.69365422635,209.10134267614558,740733.2326416948,1.71,1.83,0.03,3.1288607324143887,3.343754322324423,0.05167006704728541,183.0391680173325
060371437002,31082.343879409596,29001.038360718332,534.2113216160358,983840.2301400506,3.16,2.95,0.05,7.68061444121512,7.166312647069199,0.13200649241200907,243.11221537150095
060371437003,59162.60077510118,221135.9286137658,25751.255869308377,1563028.791915662,3.79,14.15,1.65,14.619397033120988,54.64387799620044,6.363273904844027,386.2328258704822
060371438011,39627.350743369294,42718.73976505404,25475.15851390994,1027574.620544211,3.86,4.16,2.48,9.792131621973427,10.556030485440242,6.29504876251622,253.91921859555492
060371438012,26619.86796335378,35076.70968846613,5232.31702560128,403846.7898518558,6.59,8.69,1.3,6.577912627690109,8.667643728181437,1.292933694568348,99.79271506063297
060371438021,40914.77462736513,56164.34832146744,8503.231665833822,249937.24824773893,16.37,22.47,3.4,10.110260991938157,13.87851271683096,2.1011943044895465,61.76083907111113
060371438022,3979.5506292916693,0.0,0.0,914813.3088576015,0.44,0.0,0.0,0.9833683763190159,0.0,0.0,226.05529165649736
060371439011,160892.24664925868,222590.69480274201,22248.23653793431,759710.6280832003,21.18,29.3,2.93,39.75733998337432,55.00335855027294,5.497658976677983,187.72858455715897
060371439012,4356.178754288691,0.0,0.0,1473781.2526986687,0.3,0.0,0.0,1.0764352128176682,0.0,0.0,364.17927864726136
060371439013,18138.521280110002,2734.739820661209,0.0,3060148.2793562463,0.59,0.09,0.0,4.482126220171878,0.6757689265979353,0.0,756.1791079164149
060371439021,27806.23236292776,46721.943074079616,3499.733551402277,388585.4884456635,7.16,12.02,0.9,6.871069655205902,11.545243566207628,0.8648029942526969,96.02156535497043
060371439022,29230.566084358805,0.0,0.0,2138436.2404701896,1.37,0.0,0.0,7.223030182776668,0.0,0.0,528.4191029445971
060371810001,10811.77873328282,57016.096244496366,1864.4913371130442,1618786.7271270903,0.67,3.52,0.12,2.671648708226437,14.088984212264887,0.46072584309954395,400.01091172072375
060371810002,28180.3282481855,33284.86991823985,5462.545892148968,1120355.2867675112,2.52,2.97,0.49,6.963510761637813,8.224870478231635,1.3498244864613678,276.84582051544123
060371810003,17440.698279546716,19868.64197322536,5045.583964989318,221317.22639085472,7.88,8.98,2.28,4.3096904014211255,4.909648354028385,1.246790950393298,54.688677652567144
060371810004,3375.696157276224,4548.188560139711,0.0,373381.98178856116,0.9,1.22,0.0,0.8341526866609854,1.1238818691379207,0.0,92.26469704282859
060371810005,28824.408502476414,24328.372333232946,8112.659164539934,805069.260976959,3.58,3.02,1.01,7.122666458569838,6.011671725878759,2.0046817375667354,198.93694684120035
060371813001,4645.900858702932,10458.522883253274,1817.420595399954,303684.8697529139,1.53,3.44,0.6,1.1480271039484191,2.5843572866493782,0.4490944095125884,75.04216558610021
060371813002,91470.43828061766,13968.639547219995,1684.6876466814138,598505.3033228222,15.28,2.33,0.28,22.60283754430083,3.4517260038931283,0.4162953835862318,147.89388128770747
060371813003,3127.634168293419,0.0,0.0,538880.6989975951,0.58,0.0,0.0,0.7728552342458856,0.0,0.0,133.16032069109343
060371814001,14466.92751188817,11732.878097644394,2207.733079349391,310016.39958773536,4.67,3.78,0.71,3.5748556414829555,2.899257318026167,0.5455427247503108,76.60672068120451
060371814002,5479.300186915056,5558.112493610257,1030.4437348177064,198746.95724808055,2.76,2.8,0.52,1.353964562860755,1.37343950797098,0.25462819217257987,49.111442686225345
060371814003,65811.15220171995,71819.24542612988,22871.50596713735,370431.9623917082,17.77,19.39,6.17,16.262289869599684,17.746922037707794,5.651672206738023,91.53573137443371
060371815001,16263.686146167074,15833.253237312369,6784.631680118267,317077.80593709054,5.13,4.99,2.14,4.018844369210867,3.9124820810723033,1.676518999429839,78.35163219085658
060371815002,1050.269688413887,0.0,0.0,375110.29033816326,0.28,0.0,0.0,0.25952729199891444,0.0,0.0,92.69177138627097
060371815003,23813.07997557538,25980.00839151254,20289.157868655217,402175.95921206975,5.92,6.46,5.04,5.88434021127267,6.4197998841048625,5.013560094781586,99.37984381802163
060371816001,3840.628247976401,4739.610125252542,0.0,902038.364620808,0.43,0.53,0.0,0.9490399082897794,1.1711831680061686,0.0,222.89853418764275
060371816002,14471.669965453686,17738.404554510875,2070.5658136650445,348011.5068966788,4.16,5.1,0.59,3.5760275272803526,4.383255224061313,0.5116479552385724,85.99551616666686
060371831011,32404.721677582213,32391.546853724423,6844.553979422676,312440.02743110387,10.37,10.37,2.19,8.007381111476274,8.004125541601132,1.6913261220578448,77.20561216397452
060371831012,455.4026694492546,1055.6553640893824,0.0,345719.1648338774,0.13,0.31,0.0,0.11253245035542345,0.26085812144116616,0.0,85.42906610678509
060371831013,4684.475215398981,6463.020613473335,675.3210440810221,309806.66728945205,1.51,2.09,0.22,1.1575590350746467,1.5970471741224814,0.16687546421044536,76.55489470163121
060371831031,10911.895869880384,10564.075560617845,1113.8365680654688,325705.65448026004,3.35,3.24,0.34,2.696388191456778,2.610439921254431,0.27523501004389594,80.4836199963574
060371831032,1805.8541518536442,0.0,0.0,332172.90702602227,0.54,0.0,0.0,0.44623627906785907,0.0,0.0,82.08171290372248
060371831041,701.5190627544935,1279.8366372199644,0.0,666818.795553726,0.11,0.19,0.0,0.1733491356084374,0.31625452045589336,0.0,164.7745128447792
060371832201,12024.312617002264,4813.370115489737,0.0,141010.49350712303,8.53,3.41,0.0,2.9712723561047936,1.1894096585307452,0.0,34.84445178895088
060371832202,19540.841923723106,19477.8419712933,2226.962512619394,204475.52845933384,9.56,9.53,1.09,4.828647197751175,4.813079570473595,0.5502944211938924,50.52700346064391
060371832203,15316.376513549865,16356.425894400973,2601.7731698604275,189753.86687324144,8.07,8.62,1.37,3.784759061075471,4.041760860075374,0.6429121516293969,46.88920165858203
060371832211,8546.756689090707,5034.484801994802,0.0,247290.88902073604,3.46,2.04,0.0,2.1119495719648063,1.244048287487572,0.0,61.106909464823424
060371832212,9793.421586622124,6315.895692854881,1420.5678704837683,459472.5793727378,2.13,1.37,0.31,2.4200071770310316,1.560691814489732,0.3510299655358903,113.53814699960277
060371832221,12982.314599392768,10934.297743882897,0.0,215375.6478320539,6.03,5.08,0.0,3.2079998014096995,2.7019238150777483,0.0,53.22048161627754
060371832222,989.683246001814,1160.953857459728,0.0,316066.17359040625,0.31,0.37,0.0,0.24455605603494068,0.2868779458133632,0.0,78.10165239392464
060371832223,639.1481834487637,597.1854268480032,0.0,397253.15144913155,0.16,0.15,0.0,0.1579369556851525,0.1475677327079078,0.0,98.16339152787125
060371833001,0.0,585.1672365249576,0.0,167888.3279971564,0.0,0.35,0.0,0.0,0.1445979732035866,0.0,41.486109333621904
060371833002,15007.40139243425,16802.052276477225,1855.8692781205755,139128.2895010298,10.79,12.08,1.33,3.7084096459083336,4.151877537210158,0.45859528592317755,34.37934905002618
060371833003,33257.19051296427,30763.106303772016,5982.256871214292,234296.1102034337,14.19,13.13,2.55,8.218030748232227,7.601729118308542,1.4782478661959786,57.89582968809249
060371834011,12729.046925798619,10629.102268958568,2458.5449255454523,286085.71679279837,4.45,3.72,0.86,3.145415996312916,2.6265083708245194,0.6075196816810726,70.69332018039186
060371834012,20035.709766559536,23013.678265876282,963.4002807961458,199253.0613480579,10.06,11.55,0.48,4.950931704831104,5.686803746851971,0.2380613938917058,49.23650373291235
060371834021,16808.33074078125,19535.70736467528,0.0,244287.62081618977,6.88,8.0,0.0,4.153428979527033,4.827378420578996,0.0,60.36478572949081
060371834022,29823.408177757272,25726.763765951087,3505.3504390768762,269176.7082771236,11.08,9.56,1.3,7.369524654415689,6.3572217743009904,0.866190957424187,66.5150131808945
060371835101,1307.1227534035793,3127.6445692361244,0.0,200976.50667807797,0.65,1.56,0.0,0.32299706660420296,0.7728578043748006,0.0,49.66237634862476
060371835102,0.0,0.0,0.0,299470.4504748896,0.0,0.0,0.0,0.0,0.0,0.0,74.00075990274144
060371835201,4387.265592630587,11189.844698637824,0.0,257839.50665697223,1.7,4.34,0.0,1.0841169378647504,2.7650708428152373,0.0,63.71352964977684
060371835202,1867.9664694189382,1506.2054310832596,0.0,169871.77626528917,1.1,0.89,0.0,0.46158456699364075,0.37219146761574506,0.0,41.976230074539245
060371836101,16120.039505234809,13801.240767436662,6225.299489351192,142350.2840864359,11.32,9.7,4.37,3.9833485112068225,3.41036086455763,1.538305005063476,35.17552125113809
060371836102,21473.295921511737,19815.32261059697,695.8406192038103,236296.8004890974,9.09,8.39,0.29,5.306166980042483,4.896472852586511,0.17194596164870607,58.39021102432907
060371836201,19031.839809228226,17790.963909599926,4536.303442226645,348593.8961686277,5.46,5.1,1.3,4.702870036081324,4.396242923550261,1.1209449925422301,86.13942768987418
060371836202,18262.356731024785,17402.16802240479,110.98736696892297,168881.1501571324,10.81,10.3,0.07,4.512726626509334,4.300169367532042,0.027425575652891977,41.731441032191825
060371837011,0.0,0.0,0.0,143214.53449484767,0.0,0.0,0.0,0.0,0.0,0.0,35.38908217799184
060371837012,11292.297207821322,12864.545653857362,1654.136925137224,248219.4252727676,4.55,5.18,0.67,2.790387409179294,3.1788984611981874,0.4087461358849576,61.336355769587776
060371837013,17570.043922552228,16450.55788847566,185.7676111991307,159450.80405162091,11.02,10.32,0.12,4.341652405877118,4.065021382379464,0.045904176429605245,39.40115176042202
060371837021,30600.866832087366,2991.607777214558,0.0,447657.64042697527,6.84,0.67,0.0,7.561638871768876,0.739242380988742,0.0,110.61861200439886
060371837022,19038.734284739076,14175.551616034074,10463.168387346312,444800.6546903232,4.28,3.19,2.35,4.704573698082449,3.502855089587592,2.5855052157103953,109.9126354540972
060371838101,49146.58575335867,38560.54857131338,19085.111135838906,196446.31286951312,25.02,19.63,9.72,12.144385820392447,9.52851906429755,4.716033667564718,48.542941079439146
060371838102,44257.98797884632,51672.5933170772,2454.159705828957,258491.55047253612,17.12,19.99,0.95,10.936387002482038,12.768575883014059,0.6064360702902107,63.87465318555506
060371838201,4814.612761376541,541.1581956315534,0.0,147335.92162010822,3.27,0.37,0.0,1.1897167230166326,0.1337231023656179,0.0,36.40749911575321
060371838202,1342.2378367242334,0.0,0.0,161320.2461811379,0.83,0.0,0.0,0.3316741926634045,0.0,0.0,39.863100970967096
060371851011,27103.516922116723,19491.474331969283,14309.812795297647,315708.65014600544,8.58,6.17,4.53,6.697424888141423,4.816448200158731,3.5360317495057485,78.01330642681252
060371851012,1433.489000223781,1746.0380300322738,0.0,499406.41542723466,0.29,0.35,0.0,0.35422284622928285,0.4314553934673029,0.0,123.40601279129646
060371851021,1459.9176105735369,1606.181277509323,0.0,780552.7936249899,0.19,0.21,0.0,0.36075349807140633,0.39689603728436024,0.0,192.8787958239647
060371851022,1720.0425886516334,0.0,0.0,682399.7342940932,0.25,0.0,0.0,0.4250317800085324,0.0,0.0,168.62464665583417
060371852021,0.0,0.0,0.0,638871.7973913831,0.0,0.0,0.0,0.0,0.0,0.0,157.86865920301128
060371852022,550.3779965013034,0.0,0.0,324860.13220342103,0.17,0.0,0.0,0.13600136477658878,0.0,0.0,80.27468689160011
060371852023,0.0,1834.6471957265023,0.0,242018.65525628612,0.0,0.76,0.0,0.0,0.4533511951576625,0.0,59.80411212927496
060371852031,2341.6793787354786,3816.4387918616267,0.0,266618.16120002966,0.88,1.43,0.0,0.5786415761562251,0.9430625635090548,0.0,65.88278242940751
060371852032,16153.757048636367,8481.81395913023,811.2665824309656,281493.35020470066,5.74,3.01,0.29,3.9916802976312002,2.095901873904403,0.2004683383231673,69.55852168280292
060371852041,2332.678208077927,0.0,0.0,692797.3012065521,0.34,0.0,0.0,0.5764173384472399,0.0,0.0,171.19394139406768
060371852042,0.0,0.0,0.0,270853.373202784,0.0,0.0,0.0,0.0,0.0,0.0,66.92932610694244
060371853101,7862.2393861864775,7643.219846496557,1206.5376314852504,225065.61916547563,3.49,3.4,0.54,1.9428016627097813,1.8886807558059404,0.29814194168265296,55.61492567902861
060371853102,4145.940216233202,4855.311999342694,1763.2074898380422,196021.82477934466,2.12,2.48,0.9,1.0244841386723673,1.1997737237396817,0.43569805938219247,48.4380477879898
060371853201,4687.376240995189,10095.6357608149,434.7641431071118,209052.0374520023,2.24,4.83,0.21,1.1582758941112437,2.4946859258297214,0.10743255943072812,51.65788346106516
060371853202,32158.032086896794,65768.219992753,37349.57935882353,347116.1745916105,9.26,18.95,10.76,7.946422786065975,16.25168108972568,9.229282055100253,85.77427473588307
060371861001,770.2079378108865,0.0,0.0,270124.4953824277,0.29,0.0,0.0,0.19032252628179785,0.0,0.0,66.74921647510034
060371861002,1897.2228340655063,0.0,0.0,238865.31810579877,0.79,0.0,0.0,0.46881397213997344,0.0,0.0,59.0249055498092
060371861003,3740.8248528541185,6912.956122064799,0.0,542725.9226410047,0.69,1.27,0.0,0.9243779522663695,1.7082286596085983,0.0,134.11049614632472
060371861004,4145.802276922095,13586.168732517206,483.259836449452,295375.6676613296,1.4,4.6,0.16,1.024450053126277,3.3572154073259384,0.11941610623360177,72.98891703357151
060371862011,3593.586749674501,6958.925494009852,0.0,88480.484066429,4.06,7.86,0.0,0.8879946246136683,1.7195879387988864,0.0,21.86400376763438
060371862012,44755.84391139561,26460.557171385408,3035.573391031805,433545.98677105445,10.32,6.1,0.7,11.059409882610321,6.538546073668929,0.7501065207624908,107.13154644462003
060371862021,0.0,0.0,0.0,186482.62770393473,0.0,0.0,0.0,0.0,0.0,0.0,46.080860855780166
060371862022,35075.541877651056,41668.603374369646,9303.069336484057,221780.9154004751,15.82,18.79,4.19,8.667355155844497,10.296536132027624,2.2988384972073814,54.80325770217152
060371862031,2172.1753939826554,0.0,0.0,589532.6069027233,0.37,0.0,0.0,0.5367562293436742,0.0,0.0,145.67667971602987
060371862032,780.5052486396282,1341.5438272881984,0.0,253176.6131912794,0.31,0.53,0.0,0.19286704720222006,0.33150269919697123,0.0,62.561303581196064
060371863011,2984.6584756052507,6040.16141722746,0.0,1043487.3715929518,0.29,0.58,0.0,0.7375251711636437,1.4925563911272455,0.0,257.85134501364604
060371863012,1257.296766042912,0.0,0.0,45389.814905746876,2.77,0.0,0.0,0.3106847969904671,0.0,0.0,11.216067527008608
060371863013,412.53341104045353,412.53200475999364,0.0,71640.05607035621,0.58,0.58,0.0,0.10193922590310218,0.1019388784036327,0.0,17.702643383594484
060371863021,21315.341798926347,25703.189737160985,0.0,541143.4286136802,3.94,4.75,0.0,5.267135666326709,6.351396504924094,0.0,133.7194533560332
060371863022,2061.2624114703913,1474.9121519026303,0.0,654730.8154217573,0.31,0.23,0.0,0.5093490344903201,0.36445872992645717,0.0,161.78750790310156
060371863023,12230.163049645673,17851.33748333229,951.7446386785329,489407.1970481453,2.5,3.65,0.19,3.022139105788324,4.411161558517932,0.2351812219999883,120.9351521193581
060371864011,11968.18174594778,5853.876634368565,766.912477297695,244798.99030536527,4.89,2.39,0.31,2.9574021158007913,1.44652441879737,0.18950820025457568,60.491147882184194
060371864012,107893.17205156833,99004.38871937025,53792.2152880483,718728.9054558241,15.01,13.77,7.48,26.660983437505294,24.464517241423508,13.292345878717057,177.60178035413963
060371864031,3363.7753128798104,5972.330186523662,0.0,184422.64506706723,1.82,3.24,0.0,0.831206981858999,1.4757949289887962,0.0,45.57182806048129
060371864032,11363.848261862786,4193.545267794035,718.3380438412995,361222.7273794093,3.15,1.16,0.2,2.8080680596825873,1.036247603098071,0.17750519634578166,89.2600798436988
060371864041,14992.42758299709,11461.120311350192,6312.343590751153,222308.52937221996,6.74,5.16,2.84,3.7047095370153476,2.832104506577266,1.5598140709443797,54.93363395392694
060371864042,9044.923139694156,9217.009110421333,0.0,178844.01434916686,5.06,5.15,0.0,2.235049182775315,2.2775725522170016,0.0,44.19331838887007
060371871011,0.0,10867.489546895704,0.0,336395.8523846396,0.0,3.23,0.0,0.0,2.6854151500760945,0.0,83.12522542747861
060371871012,42728.05928059899,33145.74240155705,3387.0497178400738,451764.1143733485,9.46,7.34,0.75,10.558333387884067,8.190491320149151,0.8369582125751261,111.63334381540238
060371871021,0.0,3433.387267813166,0.0,248471.02478736002,0.0,1.38,0.0,0.0,0.8484084705374809,0.0,61.398527363618086
060371871022,29624.713958061187,60650.72743764811,15282.415019645337,1942267.4297600938,1.53,3.12,0.79,7.320426243462367,14.987121139741106,3.776366993168998,479.9447341421187
060371872001,9552.855155398522,11483.065681051978,2250.185132362243,390150.9896595549,2.45,2.94,0.58,2.3605619172753287,2.8375273255288636,0.556032855504116,96.40840912961639
060371872002,10340.373806823514,45035.718474737805,911.0498927229039,561206.8037644026,1.84,8.02,0.16,2.555162014048209,11.128568393347951,0.22512533127691323,138.67722132617132
060371873001,44362.3273683362,37438.167552192506,17348.865636520706,708421.7040230813,6.26,5.28,2.45,10.962169827123985,9.25117267441618,4.286998061135045,175.05481541224282
060371873002,7060.839033893873,9952.46184270467,0.0,460448.0502130199,1.53,2.16,0.0,1.7447713229485968,2.4593068801789446,0.0,113.77919109370077
060371881001,49392.936198039104,96480.4492255335,1490.5198753900684,1476188.550471874,3.35,6.54,0.1,12.205260340999812,23.84083820999893,0.3683154823926546,364.77413488181423
060371881002,85165.34982203989,110105.51741104624,99767.80057043121,353785.8368126901,24.07,31.12,28.2,21.04481625555975,27.207665881496194,24.65316041809648,87.42238416328009
060371881003,3902.770279019961,8313.74305154923,0.0,278410.401548156,1.4,2.99,0.0,0.9643955385759427,2.0543706481730677,0.0,68.79670847898376
060371882011,0.0,759.0947521587185,0.0,403721.18794340285,0.0,0.19,0.0,0.0,0.18757639830190345,0.0,99.76167815313171
060371882012,17143.52412067414,12424.832525894559,0.0,238984.13050710905,7.17,5.2,0.0,4.236257067530734,3.0702429809768184,0.0,59.05426473355801
060371882013,4106.433309384977,0.0,0.0,133528.16891363775,3.08,0.0,0.0,1.014721769385049,0.0,0.0,32.99552911601654
060371882021,0.0,0.0,0.0,181535.69989496676,0.0,0.0,0.0,0.0,0.0,0.0,44.85844837245461
060371882022,0.0,0.0,0.0,428019.496286675,0.0,0.0,0.0,0.0,0.0,0.0,105.76592090530278
060371882023,1498.7577737804081,0.0,0.0,150187.59630458834,1.0,0.0,0.0,0.37035111141688726,0.0,0.0,37.11216327648193
060371883001,49490.74792077743,23633.964261430483,4624.910817662507,314934.7622590302,15.71,7.5,1.47,12.229430144059027,5.840079754402132,1.1428403518501133,77.82207456528867
060371883002,16066.566792873533,18096.591656090033,4664.515453558014,297763.66249273426,5.4,6.08,1.57,3.9701351162207055,4.471765184433649,1.1526268705109408,73.57900340732738
060371883003,8995.396110526593,8458.967312590094,0.0,310187.8680419049,2.9,2.73,0.0,2.222810787339929,2.0902563445958573,0.0,76.64909145898164
060371891011,20818.193221758265,26044.93938027781,3337.0283677973703,165462.63835118528,12.58,15.74,2.02,5.144287577519732,6.435844680852745,0.8245976677913213,40.88670836833326
060371891012,23343.415089916234,25101.933568244196,4126.360374252933,162195.0851335484,14.39,15.48,2.54,5.768283490540135,6.202822869944424,1.019645854350766,40.07927838402483
060371891013,5859.871097292788,1621.7037934103728,0.0,67584.10561141899,8.67,2.4,0.0,1.4480056828449512,0.4007317344974192,0.0,16.700396198226876
060371891021,5497.135603641684,0.0,0.0,365883.6559653891,1.5,0.0,0.0,1.3583717903146144,0.0,0.0,90.41182037992856
060371891022,27011.377291497945,25063.099944082547,15770.101049377075,171226.71447538893,15.78,14.64,9.21,6.674656689569127,6.193226872432208,3.8968768355820664,42.311042597810385
060371891023,2959.0084886852096,1702.556821546171,0.0,97361.78664015561,3.04,1.75,0.0,0.731186921361139,0.4207109528576911,0.0,24.058621428040414
060371892011,15719.208293783548,13848.332671378466,371.66326855064693,162865.48982354303,9.65,8.5,0.23,3.8843009617972126,3.4219975274451846,0.09183999375254112,40.24493899068334
060371892012,22691.93477276238,19437.859519210793,4772.3892396330175,162843.10907996833,13.93,11.94,2.93,5.607299198251481,4.803199691399754,1.179283063569312,40.23940858850479
060371892021,4898.785705533659,0.0,0.0,638058.768686386,0.77,0.0,0.0,1.2105163104917915,0.0,0.0,157.66775543471923
060371892022,602.2678627552156,0.0,0.0,178692.43072216195,0.34,0.0,0.0,0.14882362997154192,0.0,0.0,44.155861258894845
060371892023,1023.5317879249488,0.0,0.0,217878.2789194651,0.47,0.0,0.0,0.25292021289896427,0.0,0.0,53.838895225803874
060371893001,3262.710719498019,0.0,0.0,863359.1436470777,0.38,0.0,0.0,0.8062333769585674,0.0,0.0,213.34069053407634
060371893002,1992.991292708526,0.0,0.0,719752.7574120077,0.28,0.0,0.0,0.4924788736454793,0.0,0.0,177.85477968233826
060371893003,3216.050503753614,2018.1228484766639,1181.7458194677974,323960.6532536607,0.99,0.62,0.36,0.794703386547706,0.49868901632042834,0.29201575151681797,80.05242080259791
060371894001,2554.635837294707,0.0,0.0,859275.8448936829,0.3,0.0,0.0,0.6312642630843999,0.0,0.0,212.3316854379743
060371894002,511.0113417821869,0.0,0.0,210547.37780060156,0.24,0.0,0.0,0.12627365254513528,0.0,0.0,52.02739010832903
060371894003,4560.5547871742765,3089.1777324135232,669.6182476479283,377027.657013768,1.21,0.82,0.18,1.1269376303866065,0.7633524419879164,0.1654662725224161,93.1655630100587
060371895011,12563.941881321525,11616.270907309337,5886.516076975658,106823.29464453328,11.76,10.87,5.51,3.1046176513152504,2.8704430537766084,1.4545898007136715,26.396610972716797
060371895012,2120.271985973667,0.0,0.0,236134.8965677834,0.9,0.0,0.0,0.5239306179081672,0.0,0.0,58.350203694091746
060371895021,0.0,677.9035257072054,0.0,120051.46846204325,0.0,0.56,0.0,0.0,0.1675136093178153,0.0,29.665363910006565
060371895022,2368.5886828717157,6680.663370772802,0.0,129251.0177031331,1.83,5.17,0.0,0.585291010019826,1.650827870688532,0.0,31.938622034552044
060371896001,21218.441501345897,4827.784135548826,0.0,333087.6560640187,6.37,1.45,0.0,5.24319108132881,1.1929714404559217,0.0,82.30775231370332
060371896002,11608.949515437253,6844.050078850791,0.0,224753.2933777662,5.17,3.05,0.0,2.8686338984451862,1.6912016055148076,0.0,55.53774829611464
060371896003,1803.1773109015703,0.0,0.0,512820.8053244723,0.35,0.0,0.0,0.4455748172632699,0.0,0.0,126.72078072400267
060371897021,4543.963672136005,10684.962804603289,0.0,1142669.891501036,0.4,0.94,0.0,1.122837876576109,2.6403118097939684,0.0,282.35987943040794
060371897022,34208.802120709246,29139.29811283123,2414.63473562839,315943.7115515078,10.83,9.22,0.76,8.453179097572633,7.200477375856612,0.5966692374513213,78.0713913650874
060371897031,3675.143063677753,0.0,0.0,1852912.7413715415,0.2,0.0,0.0,0.9081476286964979,0.0,0.0,457.8647097819858
060371897032,23077.69535550439,36198.51724616629,0.0,1531301.224664034,1.51,2.36,0.0,5.702622714204942,8.944848412659685,0.0,378.39277326174357
060371897041,1860.7185505343116,3268.506655695429,0.0,411790.9677913533,0.45,0.79,0.0,0.459793567232812,0.8076655839835878,0.0,101.75576418081555
060371897042,6425.964290879507,22814.761751947524,424.6855120259769,561622.0802424597,1.14,4.06,0.08,1.587890357392163,5.637650405797486,0.10494207545275745,138.77983837869593
060371898011,31845.014188462173,35194.94709909372,14745.024580070574,167670.29108029717,18.99,20.99,8.79,7.8690743788672375,8.696860828638258,3.6435749236010686,41.432231238107484
060371898012,15758.811788936599,18924.88364593861,2713.7941854355713,243076.05597739044,6.48,7.79,1.12,3.8940871985744403,4.676440592551379,0.6705931474154321,60.0654015378271
060371898021,18957.483132454123,11702.783494816556,533.529131544811,142053.46792830012,13.35,8.24,0.38,4.684496101102428,2.8918207797142914,0.13183791957422594,35.10217638115633
060371898022,5598.575988296909,9189.589462095619,738.0081593470164,176953.09865174894,3.16,5.19,0.42,1.3834382552610198,2.2707970095577807,0.18236578774132503,43.72606294413736
060371899031,0.0,0.0,0.0,44746.67807445919,0.0,0.0,0.0,0.0,0.0,0.0,11.05714495497768
060371899032,0.0,0.0,0.0,39222.723302176244,0.0,0.0,0.0,0.0,0.0,0.0,9.692146003765336
060371899041,30287.26895158906,30614.944860030646,2940.7872303167383,98746.89045786351,30.67,31.0,2.98,7.484147147881047,7.5651176282341055,0.7266843503611862,24.40088803528675
060371899042,11767.95130892264,9507.129793278611,8152.011746870102,60855.57035631041,19.34,15.62,13.4,2.9079240972783564,2.3492629342259637,2.0144059724351493,15.037738927298003
060371899051,1879.4492173454314,0.0,0.0,111928.95121654718,1.68,0.0,0.0,0.4644220158003082,0.0,0.0,27.65824618758463
060371899052,18815.762490638524,21938.004719109027,3971.9391669475945,146441.62652997195,12.85,14.98,2.71,4.6494761678448135,5.420999024743909,0.9814875430129603,36.18651398636088
060371899061,12175.52674129463,14631.419951188807,3840.6948058214543,111667.24328852828,10.9,13.1,3.44,3.0086381799712822,3.6155026084448036,0.9490563550914709,27.593576750198537
060371899062,10514.122768355612,9932.587203783445,0.0,91112.15219936466,11.54,10.9,0.0,2.598096317467122,2.4543957499467934,0.0,22.51430312551843
060371899071,8377.92617751198,7123.571979635291,2758.9170938226393,81244.88489305809,10.31,8.77,3.4,2.070230643997848,1.7602729714365888,0.6817432609053264,20.076048273755056
060371899072,9552.26179034643,3864.473624121992,452.8560889890297,81011.73517744009,11.79,4.77,0.56,2.3604152935777822,0.9549322290584638,0.11190317661936275,20.01843572433831
060371901011,25402.27014239961,46158.15209525024,22511.765221118956,123099.82242374106,20.64,37.5,18.29,6.27703765366964,11.405927781316247,5.562778332463865,30.41862857855885
060371901012,19121.025953296576,37081.02777489724,993.285450314979,101274.72736707615,18.88,36.61,0.98,4.724908412232919,9.162921513510534,0.245446180105868,25.02553013902452
060371901021,56686.40812177409,50592.796174486706,15063.483808666166,202368.57400407267,28.01,25.0,7.44,14.007516502934406,12.50175219818708,3.7222679127649214,50.00636367624266
060371901022,20662.224422389674,39375.55426800185,3296.9177279878313,173874.81117142446,11.88,22.65,1.9,5.10574684785478,9.729911357875666,0.8146861128402931,42.96540154204618
060371902011,52497.247999019084,77148.33008123995,3353.8527200977333,148909.42138115774,35.25,51.81,2.25,12.972352492773993,19.063767534279584,0.8287550557844404,36.79631937444585
060371902012,19736.155979551186,15922.264447268062,4839.393452145968,77946.87865730959,25.32,20.43,6.21,4.876910352022472,3.934477230063259,1.1958401650622315,19.261093184789335
060371902021,1601.263331342305,4252.912948974795,0.0,69377.36170776289,2.31,6.13,0.0,0.39568078632072423,1.0509176766030637,0.0,17.14351942998226
060371902022,0.0,2919.8637119923224,0.0,52629.70960201019,0.0,5.55,0.0,0.0,0.7215140363839961,0.0,13.005084467710862
060371902023,12087.972059494943,30070.149103757387,1689.935836710248,89373.11434937055,13.53,33.65,1.89,2.987002946925934,7.430495665058509,0.41759223958531905,22.084577514209798
060371903021,2916.1495198822904,18876.533972228615,0.0,132534.74251038986,2.2,14.24,0.0,0.7205962395258044,4.664493127985458,0.0,32.75004810568242
060371903022,4968.133524652092,5485.913496571305,0.0,107305.08742651265,4.63,5.11,0.0,1.2276525297889678,1.355598747266123,0.0,26.515664561895935
060371903031,24115.107574887676,14646.476706112622,232.26695024019986,111927.34084333394,21.55,13.09,0.21,5.958972856414348,3.619223213613911,0.05739441334131969,27.657848255697466
060371903032,3722.7117607185733,4837.577250773179,0.0,51601.764525733386,7.21,9.37,0.0,0.9199021097246658,1.1953913719291873,0.0,12.751073707510189
060371904011,5090.383477151961,4745.157843315044,0.0,54685.95889174654,9.31,8.68,0.0,1.2578611509357909,1.1725540389942757,0.0,13.51319473284275
060371904012,7529.734357811588,6971.893935508514,0.0,56672.16012333881,13.29,12.3,0.0,1.8606378808334536,1.722792510482448,0.0,14.003995745845911
060371904013,2899.563481639759,3873.0880398380214,0.0,55574.608140936456,5.22,6.97,0.0,0.7164977402188547,0.9570608975400899,0.0,13.732784744554335
060371904021,16696.841505605076,15183.540991885047,3864.6287072707987,105419.62462248516,15.84,14.4,3.67,4.1258793895393415,3.7519346888220966,0.9549705509391088,26.049756556464573
060371904022,13387.522733833952,16251.378772196284,12362.60884636457,51728.64757054157,25.88,31.42,23.9,3.3081289120443866,4.015803150870956,3.05486717491027,12.78242719069923
060371905101,41724.617073312584,47584.51971904255,3835.708082376823,162325.0774729856,25.7,29.31,2.36,10.310377418472305,11.758390897105862,0.9478241088924141,40.11140019064928
060371905102,26411.497059508565,24205.813911684258,0.0,156071.5393994254,16.92,15.51,0.0,6.526423056008779,5.981386880369956,0.0,38.56611727946274
060371905201,16879.517608692466,15106.72139012876,5898.464552095113,101391.14196332314,16.65,14.9,5.82,4.171019637677686,3.732952151825953,1.4575423332160153,25.05429681223848
060371905202,21111.15109676895,22251.374613724278,5638.473097033605,142574.03338634604,14.81,15.61,3.95,5.216679044978057,5.498434412093136,1.3932970455348381,35.230810907245406
060371907011,91590.5444036824,116033.84012566024,12286.470919354713,214588.12135817396,42.68,54.07,5.73,22.632516413657285,28.672586327351347,3.03605308341238,53.02587958653395
060371907012,68581.48603138526,94718.0588676784,5582.195008343836,227927.69398767003,30.09,41.56,2.45,16.946854267370526,23.40534206832709,1.3793904269609099,56.32215976975453
060371907021,23810.44833210519,23573.933346771308,1655.7350840129347,101000.10053302872,23.57,23.34,1.64,5.883689918009083,5.825245792335454,0.40914104954358527,24.95766837043611
060371907022,5678.730531923597,5221.656980837665,1580.2210165967372,99010.84466521355,5.74,5.27,1.6,1.403244874340219,1.2902995401405781,0.39048111710856853,24.466112540383843
060371908011,35740.46073251423,34697.963542382524,8303.993014597223,162022.4114359675,22.06,21.42,5.13,8.83166018312017,8.574053517274228,2.051961361572723,40.03660978411476
060371908012,12285.438222272227,30975.320239029686,10222.378250214668,162176.4008217596,7.58,19.1,6.3,3.035797898405872,7.654168323733037,2.5260046770209494,40.07466139003281
060371908021,16750.805290141114,18363.280973808833,0.0,159823.41975476875,10.48,11.49,0.0,4.139214131102531,4.537665550021771,0.0,39.49322710588902
060371908022,57987.47104537888,68752.45145538832,7537.448027407472,244152.77163568232,23.75,28.16,3.09,14.329016152984552,16.989100743686496,1.8625439701014563,60.33146377130098
060371908023,19596.19887867499,24210.883610332647,3112.624280069397,82791.79357460912,23.67,29.24,3.76,4.842326199221421,5.982639630188389,0.7691462100905092,20.458297733604596
060371909011,7769.305136894408,8465.468879843413,0.0,44888.51543000633,17.31,18.86,0.0,1.9198371095870999,2.0918629168521234,0.0,11.092193728826452
060371909012,32814.955956382975,35815.592354503424,1682.8077257703992,190918.0463925449,17.19,18.76,0.88,8.108752209430245,8.850225611232059,0.41583084501238743,47.17687668279578
060371909013,35218.896886067894,70329.43338479559,20174.97683901772,254402.38512188697,13.84,27.64,7.93,8.702778949884568,17.378781464919506,4.985345347896699,62.864198421700586
060371909021,6642.240198769929,10867.785510320198,1490.3100291568526,252108.71447331083,2.63,4.31,0.59,1.6413332981135833,2.685488284231005,0.3682636282591463,62.297420061124136
060371909022,3113.7962442932308,6670.789656378285,0.0,121554.50294943573,2.56,5.49,0.0,0.7694358087571055,1.6483880227265768,0.0,30.03677182037199
060371909023,3942.7388630974847,0.0,0.0,113336.67382700088,3.48,0.0,0.0,0.9742719907911217,0.0,0.0,28.006102020240746
060371910001,45418.0197537113,69919.95992881838,2730.4782174427705,239558.35215282836,18.96,29.19,1.14,11.223037096724081,17.27759837037958,0.6747158615089814,59.19615799237018
060371910002,32487.372162977044,34640.223835679164,5515.504528717849,153920.847193169,21.11,22.51,3.58,8.02780449119821,8.559785725023493,1.3629108505527021,38.03466966141729
060371910003,49790.318543191526,115332.93611838981,1593.2049098191292,255235.63450976045,19.51,45.19,0.62,12.303455656987017,28.499389175262927,0.39368950699621663,63.07009882954834
060371911101,29379.595392248673,26164.292862474536,12529.014433250384,156282.37921895308,18.8,16.74,8.02,7.259856126752581,6.465337568600401,3.0959868909359565,38.618216933495596
060371911102,23162.09447690098,47370.28464093161,27325.116629226442,116473.55254001511,19.89,40.67,23.46,5.72347819129314,11.705452256405609,6.752183368299783,28.78124163123636
060371911201,16249.248227230493,10428.388825114147,1184.6476898051062,183478.690729738,8.86,5.68,0.65,4.015276681744451,2.5769109987177554,0.29273281929348693,45.33857186386796
060371911202,28620.9204557167,28344.509079475058,8806.32279602874,196187.20747357642,14.59,14.45,4.49,7.072383467151271,7.004080728583215,2.176089753835676,48.47891474173601
060371912011,61006.99286473283,68670.7655368645,26820.711814788036,325534.4739359091,18.74,21.09,8.24,15.07515624400444,16.968915713629176,6.627542224214106,80.44132036264581
060371912012,25529.869431031515,39836.39043340874,2271.748582474291,246764.56923997888,10.35,16.14,0.92,6.308568124561965,9.843786454322403,0.5613613000698018,60.97685301462572
060371912031,7896.909173736872,12592.391738702421,306.57761329818396,90898.63132170078,8.69,13.85,0.34,1.951368753787807,3.111647764176043,0.07575697808334085,22.461540967592097
060371912032,12412.330843281521,17188.338054654592,1331.3948176780211,114313.8572900884,10.86,15.04,1.16,3.067153747925742,4.247330831782017,0.32899482430573446,28.247569312650395
060371912041,13876.142557486812,10209.339219644167,2629.448809888425,201090.1260742464,6.9,5.08,1.31,3.4288694999605456,2.522782662397864,0.6497509512158631,49.690452312857026
060371913011,12097.894837850969,17134.32959286607,1254.9572230714643,137248.6204930847,8.81,12.48,0.91,2.989454918856814,4.23398505022931,0.3101066833320487,33.914872722785894
060371913012,23016.21439316919,30391.63491325979,5353.545386832048,136293.15978994168,16.89,22.3,3.93,5.687430437554134,7.50993653865188,1.3228898750149165,33.67877324125886
060371913021,15478.390290274006,12352.357729836698,3711.7966864191876,122534.70030806272,12.63,10.08,3.03,3.824793537175826,3.0523340688501857,0.9172049361261736,30.27898386258862
060371913022,57209.58933140431,113529.74346420717,13853.210561767215,299952.15350150224,19.07,37.85,4.62,14.136797395316535,28.053810566592333,3.4232028804104515,74.11979131288645
060371914101,14160.524545640874,18393.61276537332,0.0,159112.15096882344,8.9,11.56,0.0,3.499141819625746,4.545160698946896,0.0,39.31746876121232
060371914102,13903.675781010103,19587.454677480517,0.0,152280.3908609739,9.13,12.86,0.0,3.4356731076622893,4.840165460049635,0.0,37.62930407366999
060371914201,13941.405603388703,16813.930411916885,7322.571287927438,153127.84095132898,9.1,10.98,4.78,3.4449963498138416,4.154812688399094,1.8094467714238216,37.83871355152157
060371914202,3977.873732765924,4588.219743407857,0.0,74055.9309882654,5.37,6.2,0.0,0.9829540061633406,1.133773789949978,0.0,18.29961907676139
060371915001,15624.1789834759,16149.008994517815,1014.7746061013125,372612.9160743681,4.19,4.33,0.27,3.86081870782308,3.9905070279070087,0.25075626614385726,92.07465676614959
060371915002,11060.197669506326,10050.388770458962,0.0,145684.01979553027,7.59,6.9,0.0,2.7330343642256136,2.4835051510175763,0.0,35.999305285244574
060371915003,3245.0949355552157,1887.1437893622451,0.0,123101.58180688323,2.64,1.53,0.0,0.8018804219475378,0.4663233859537495,0.0,30.41906333160134
060371916101,25769.249949356858,24261.117451598675,5507.8569929631685,193488.36849585688,13.32,12.54,2.85,6.3677203388585575,5.9950526826969925,1.361021103312758,47.81201710662817
060371916102,23075.340226818324,25011.470431291673,0.0,224447.2193851138,10.28,11.14,0.0,5.702040749232567,6.180468941979055,0.0,55.46211576540309
060371916201,28718.75862813839,19284.450364830154,0.0,228854.1982567073,12.55,8.43,0.0,7.096559806069582,4.765291463785971,0.0,56.55110396058594
060371917101,15961.465432168417,24696.086070605383,10567.917066634804,566379.5812600559,2.82,4.36,1.87,3.9441640043909496,6.102535769222891,2.61138917806416,139.95544248247947
060371917102,16924.74898608022,19513.701741312452,0.0,142266.42682250479,11.9,13.72,0.0,4.182196554441372,4.821940712623502,0.0,35.154799669945604
060371917201,8961.217757234772,17274.681909999155,13767.02365898571,128747.20622633486,6.96,13.42,10.69,2.2143651323118343,4.268666863094282,3.4019056329211543,31.814127507390282
060371917202,23158.531309422942,33429.222186912884,5003.429469030776,135586.1035250868,17.08,24.66,3.69,5.722597713434248,8.260540700647736,1.2363743475889064,33.504055833213144
060371918101,10946.981190591898,10321.184500819472,0.0,80603.09951513304,13.58,12.8,0.0,2.705057963015095,2.55042023326799,0.0,19.91745965312284
060371918102,26991.014908359823,46527.15413428902,5646.068918278058,202004.18642452074,13.36,23.03,2.8,6.6696250351162005,11.497110170935088,1.3951740138410051,49.91632154439558
060371918103,22364.82563448711,26109.997116302045,0.0,121648.2417534732,18.38,21.46,0.0,5.526468769856575,6.451920797530404,0.0,30.059935183301942
060371918201,5973.607020131913,11724.657515048493,625.6651715662109,122092.60216362066,4.89,9.6,0.51,1.476110441444633,2.8972259678279246,0.154605230890588,30.169739031960336
060371918202,7599.785364087718,16698.911748379975,516.6258466704757,80539.89992047599,9.44,20.73,0.64,1.8779478614614755,4.126390957669963,0.12766102691730516,19.901842693176537
060371918203,30886.86429087426,52134.849616716754,13699.695577469201,202111.58596071517,15.28,25.8,6.78,7.632310382921051,12.882801902272092,3.385268501654565,49.9428605477563
060371919011,52645.4690508572,96327.92008495335,3366.0536875692064,368257.21125659044,14.3,26.16,0.91,13.008978712329915,23.803147438531017,0.8317699805057474,90.99833866559428
060371919012,74398.237922305,77408.24466603967,3053.1606164043314,404925.52336896857,18.37,19.12,0.75,18.3842049622761,19.1279938269054,0.754452418797118,100.05927591788056
060371919021,27576.2274347284,32735.442880437116,1134.2419902135857,305696.4799663122,9.02,10.71,0.37,6.814234199683871,8.089104100467015,0.2802772996678049,75.53924529524524
060371919022,26572.81064699592,34352.406527053376,1852.8818876804855,420617.87487899704,6.32,8.17,0.44,6.56628451158068,8.488664519182665,0.4578570856688878,103.93694042388299
060371920011,0.0,582.8465463813441,0.0,122937.68973672175,0.0,0.47,0.0,0.0,0.1440245181803819,0.0,30.378564719084643
060371920012,36013.70024507804,55927.21514776752,3666.284524377414,407851.21818779514,8.83,13.71,0.9,8.899179137104156,13.819915833485322,0.9059586359634457,100.7822308521432
060371920021,18925.657077678417,17804.096065355512,368.04044590964577,287409.9641740915,6.58,6.19,0.13,4.676631711696483,4.399487949907731,0.09094477478184865,71.0205488347032
060371920022,23277.878371558905,20462.66347571379,1145.9914153156583,226650.7432786918,10.27,9.03,0.51,5.75208901475034,5.056434264000488,0.28318064583967245,56.0066183776977
060371920023,23509.33645790167,22884.410107274118,3355.224199769746,344281.7574501953,6.83,6.65,0.97,5.809283553469729,5.654860889209025,0.8290939557919677,85.07387500691661
060371923001,17978.90809314323,44997.392854915466,5295.881677714788,296761.27714912745,6.06,15.16,1.78,4.442684942719263,11.119097926441786,1.308640862176684,73.3313085946183
060371923002,0.0,0.0,0.0,400601.11130829575,0.0,0.0,0.0,0.0,0.0,0.0,98.99069042600678
060371923003,3542.946403171929,4852.714897503716,1886.928823357548,182149.64597337897,1.95,2.66,1.04,0.8754811224735208,1.199131965899052,0.4662702666971563,45.010157752360925
060371924101,0.0,0.0,0.0,191430.7215148599,0.0,0.0,0.0,0.0,0.0,0.0,47.30356146446415
060371924102,1052.1150336126402,5957.990977551875,0.0,133194.61084156766,0.79,4.47,0.0,0.25998328672819093,1.4722516332858855,0.0,32.91310512137621
060371924103,4832.085367821723,4216.55294641815,0.0,129663.5916618347,3.73,3.25,0.0,1.1940342980974947,1.0419329243011568,0.0,32.04057128000042
060371924104,9709.581566155724,8818.715043257824,0.0,229626.0293783349,4.23,3.84,0.0,2.399289856791467,2.179151944814454,0.0,56.74182758432396
060371924201,15166.318855902295,18514.60254749813,1286.9296169055563,143876.49985707735,10.54,12.87,0.89,3.747679006340399,4.575057925212477,0.31800723390684044,35.55265738134366
060371924202,17451.62514443027,18131.288787413192,665.4079280309734,181033.91320097013,9.64,10.02,0.37,4.3123904885364155,4.480339032305074,0.16442587988736979,44.73445418001942
060371925101,17684.739294688305,19762.85673303029,3994.3968232147645,171750.32615378444,10.3,11.51,2.33,4.369994249561322,4.883508251896386,0.9870369507317177,42.44042986134097
060371925102,9099.091765426934,12603.249235633933,0.0,169004.41569702508,5.38,7.46,0.0,2.2484345417005653,3.114330710097083,0.0,41.76190061044877
060371925201,5063.135235752686,6361.199708803113,0.0,154524.98645314405,3.28,4.12,0.0,1.2511279638505135,1.5718866806326144,0.0,38.183955723712714
060371925202,9383.062526844225,11467.302907498974,8501.37492795655,153285.9528790938,6.12,7.48,5.55,2.3186052450261068,2.833632259357068,2.1007354945680987,37.8777838597464
060371926101,15253.998685251943,16837.774938403803,1671.2369217950097,167594.70752025393,9.1,10.05,1.0,3.76934516401882,4.1607047992125485,0.41297163708216705,41.41355413367035
060371926102,9994.59335127171,8498.202649310424,0.0,132458.74838292808,7.55,6.42,0.0,2.46971780267519,2.0999516074431273,0.0,32.73126954782671
060371926103,5999.993320212749,0.0,0.0,115362.33647482835,5.2,0.0,0.0,1.4826306381916152,0.0,0.0,28.50665416155594
060371926201,12640.662075108852,19021.341430104054,682.4864920397958,110519.29791154631,11.44,17.21,0.62,3.1235756240673025,4.700275830103059,0.16864608496168124,27.30991326991594
060371926202,10805.583572815347,9676.31511313374,1475.8534664784893,133045.3488559797,8.12,7.27,1.11,2.670117850735872,2.39106953722741,0.3646913338238054,32.87622168148896
060371927001,22586.32034515692,19589.904299514415,1739.3631228381637,192024.43266547754,11.76,10.2,0.91,5.581201304829598,4.840770774836772,0.4298059879788444,47.45027068481883
060371927002,24578.573143133923,23183.950505019817,1557.6475066296355,339197.184973121,7.25,6.83,0.46,6.073497692452733,5.728878933458803,0.384903081317095,83.8174497853717
060371941011,4493.148681702933,716.4170279222814,0.0,852120.1199432666,0.53,0.08,0.0,1.1102812189808942,0.17703050297430817,0.0,210.56346729442757
060371941012,6027.397975156686,0.0,0.0,1690680.0466104997,0.36,0.0,0.0,1.4894024759055127,0.0,0.0,417.7761378566124
060371941021,4318.732115472885,0.0,0.0,1324717.7208293534,0.33,0.0,0.0,1.0671819468484252,0.0,0.0,327.34487774185123
060371941022,2367.4278000290838,1145.0484057652413,0.0,1021607.8625693278,0.23,0.11,0.0,0.5850041496221587,0.2829476231049895,0.0,252.44480059004917
060371941023,7006.946759231404,0.0,0.0,1157263.1691958313,0.61,0.0,0.0,1.731454251859994,0.0,0.0,285.9659568820366
060371942001,39963.15241697793,47097.0020475224,14375.501141590084,717060.2318301699,5.57,6.57,2.0,9.875110022627801,11.63792265691289,3.5522636933742886,177.18944212132814
060371942002,2752.4833799737075,0.0,0.0,855797.7918803629,0.32,0.0,0.0,0.6801534555904356,0.0,0.0,211.47223982135483
060371942003,5024.603557745161,0.0,0.0,1030404.5470029986,0.49,0.0,0.0,1.241606578857894,0.0,0.0,254.61850865267766
060371943001,6662.580034540569,8433.552936365088,0.0,847261.4173106389,0.79,1.0,0.0,1.6463593809906667,2.083976315464027,0.0,209.36285572695658
060371943002,12837.52215598572,871.0465488685004,0.0,1020379.915394578,1.26,0.09,0.0,3.172220809448038,0.21524028973380865,0.0,252.1413682350111
060371943003,790.1179002712038,0.0,0.0,603317.4803329299,0.13,0.0,0.0,0.1952423851505515,0.0,0.0,149.08299612347764
060371944011,29088.86532236771,37730.91414800668,2645.719393541998,302207.90727087465,9.63,12.49,0.88,7.188015161930671,9.323511933648057,0.6537714999962728,74.6772002085632
060371944012,8797.01501770817,4534.88232755085,0.0,163558.20460768524,5.38,2.77,0.0,2.1737897517231595,1.1205938274581595,0.0,40.41611254166674
060371944021,25913.569363666258,28816.840080603673,6069.867784732968,195584.15392776224,13.25,14.73,3.1,6.4033824427846,7.12079626079587,1.499896994401698,48.32989696525247
060371944022,39111.501190663075,42585.89893628563,3235.859573303712,154824.9800037144,25.26,27.51,2.09,9.66466242147229,10.52320480177301,0.7995983142353925,38.25808574446409
060371944023,12631.36652010156,16616.42719733328,1819.2487448420711,238767.18645573978,5.29,6.96,0.76,3.1212786424012764,4.106008581218421,0.4495461550778617,59.00065669098737
060371945001,22832.651392564556,29957.99405262382,5215.50616913898,226538.06839613698,10.08,13.22,2.3,5.642071032266468,7.40278154836468,1.288779641469442,55.97877580786222
060371945002,42226.88297257319,59399.78200025473,4766.845972996211,458814.72022072115,9.2,12.95,1.04,10.434490025107047,14.678005790239407,1.1779132925524496,113.37558646289203
060371951001,15455.625330859613,19449.707887790893,2203.030081165336,369515.7597765324,4.18,5.26,0.6,3.8191681931956483,4.806127487037503,0.5443805885900006,91.30933277770947
060371951002,29824.617653865913,32012.084666826137,11629.917818405513,739124.9959386656,4.04,4.33,1.57,7.36982352247089,7.910358393155267,2.8738152789488773,182.641764073341
060371951003,2205.7836790365054,3590.2200218774788,0.0,327484.6756399269,0.67,1.1,0.0,0.545061017442363,0.8871626880570891,0.0,80.92322569865505
060371951004,14702.434090987103,16036.257317159005,569.1708368049226,459280.564850101,3.2,3.49,0.12,3.633050584549224,3.962645481662197,0.1406451767486661,113.49069917773937
060371952011,26017.48581477724,24133.32926955683,9271.138312081659,347030.0445942265,7.5,6.95,2.67,6.429060757077092,5.963475535226547,2.2909481692417897,85.75299155002374
060371952012,512.4238881536362,0.0,0.0,253806.8581616646,0.2,0.0,0.0,0.12662270035509235,0.0,0.0,62.717040505020854
060371952021,4687.931179644741,1419.8346375062886,0.0,246943.98665950168,1.9,0.57,0.0,1.158413022437932,0.35084877972128586,0.0,61.02118802451875
060371952022,9644.61326013591,10824.233390639947,0.0,261917.67378433075,3.68,4.13,0.0,2.383235838749165,2.6747263210837127,0.0,64.72126669346962
060371952023,406.4695376342398,5140.2424819731295,0.0,369140.3056545657,0.11,1.39,0.0,0.10044081015189114,1.2701815793416988,0.0,91.21655604367746
060371953001,0.0,0.0,0.0,120718.86586072412,0.0,0.0,0.0,0.0,0.0,0.0,29.830281398797798
060371953002,24729.808165294206,6628.642845401456,0.0,208768.76799767764,11.85,3.18,0.0,6.110868680294844,1.637973318922523,0.0,51.58788605449627
060371953003,26242.670042895636,27512.657281824533,0.0,250876.20820859147,10.46,10.97,0.0,6.484704991666678,6.798525672800635,0.0,61.99286113041999
060371954001,631.8636121765253,0.0,0.0,259027.40485017188,0.24,0.0,0.0,0.1561368989221013,0.0,0.0,64.00706568595159
060371954002,33099.00270458634,25202.62312861236,5168.183041349734,262883.9751881487,12.59,9.59,1.97,8.178941689499544,6.227703802168961,1.2770858419248607,64.96004497047231
060371954003,5226.882244233784,5214.755174357123,1332.0002797159727,244365.5455615034,2.14,2.13,0.55,1.2915907308453425,1.2885940666173912,0.3291444372335864,60.38404135340726
060371954004,9993.212472816704,7122.232463513881,1206.1067184925973,264093.7171319565,3.78,2.7,0.46,2.4693765801778063,1.7599419697944263,0.29803546076322424,65.25897871497376
060371955001,13723.47439805466,15328.008433723202,1212.7555204868024,318770.4466368571,4.31,4.81,0.38,3.3911443761861735,3.7876333711470993,0.299678415516302,78.76989281665925
060371955002,24306.209456693567,10730.969995592903,0.0,408677.71816590754,5.95,2.63,0.0,6.006195159817085,2.6516804342736897,0.0,100.98646344451727
060371955003,5654.192315121414,9256.303912152078,0.0,252117.03667220916,2.24,3.67,0.0,1.3971813489167917,2.287282509188354,0.0,62.29947652125755
060371955004,596.4572723845627,0.0,0.0,235674.11407575905,0.25,0.0,0.0,0.1473878018214523,0.0,0.0,58.23634186062668
060371956001,22062.16085668352,26817.43081217079,9416.635908620305,129974.5804420861,16.97,20.63,7.24,5.451678674480744,6.6267314708107765,2.3269014083370276,32.11741828117645
060371956002,17184.370566409965,16991.718056564252,4619.640651403387,153053.17622090157,11.23,11.1,3.02,4.246350444085863,4.1987449721498304,1.1415380654062581,37.82026349482716
060371956003,0.0,0.0,0.0,105761.31707683225,0.0,0.0,0.0,0.0,0.0,0.0,26.13419060074046
060371956004,16087.892297069358,15296.55996979783,4945.879319835712,138804.5570299852,11.59,11.02,3.56,3.9754047630699945,3.7798622864722637,1.2221533960185678,34.299353014275404
060371957101,8054.011908550096,15880.094256132379,3021.759806128022,187011.29961716576,4.31,8.49,1.62,1.9901896850033638,3.9240567488961324,0.7466931095954124,46.2114985305701
060371957102,3850.6253415746787,5687.342095834625,0.0,108216.02441671384,3.56,5.26,0.0,0.9515102439169448,1.4053728381254826,0.0,26.74076199435215
060371957103,20385.28688346322,19188.49010961107,1927.5218726520202,188194.3782084246,10.83,10.2,1.02,5.037314091655781,4.741579168314373,0.4763010276279823,46.50384361716875
060371957201,15532.222863027708,13637.945969045952,1263.4262279601362,108239.71795761249,14.35,12.6,1.17,3.838095855601489,3.3700098411096895,0.31219942001571127,26.74661679581422
060371957202,4995.243439780177,4152.583644740062,0.0,180748.26215341728,2.76,2.3,0.0,1.2343515357082357,1.0261257656078047,0.0,44.66386826894738
060371958021,12726.444258585447,13757.186363317378,590.409402464556,227224.66330499767,5.6,6.05,0.26,3.144772863238373,3.3994747842224258,0.14589334061780526,56.14843710472965
060371958022,15563.641263633072,11563.731941008458,646.5675707767134,175308.02535735955,8.88,6.6,0.37,3.845859511468165,2.8574603924669395,0.15977032622107817,43.319556480185824
060371958031,22422.74514226288,11723.757560386674,1236.0898755344806,218472.91879652554,10.26,5.37,0.57,5.540780991919897,2.8970035841879125,0.30544446022164873,53.98583393946048
060371958032,7945.21746264532,5674.3907696264105,1912.056571694716,158928.7708152797,5.0,3.57,1.2,1.9633059919465552,1.402172495722296,0.47247946853542316,39.27215453841739
060371958041,4250.530187562292,4499.914355067901,0.0,118044.84553348913,3.6,3.81,0.0,1.050328883435282,1.111953053278627,0.0,29.16951658578544
060371958042,4410.554930621446,5741.8214637275105,843.3597646553022,217819.3383822116,2.02,2.64,0.39,1.0898718586130993,1.418834983110744,0.20839873635920725,53.82433070186197
060371959011,11156.275938082927,9871.101184727917,1357.5362909686742,290885.74379424175,3.84,3.39,0.47,2.756775821432939,2.4392022237531794,0.33545452303533496,71.87943268363622
060371959021,13262.279709385839,11914.887948847421,3104.2777710612636,159693.30547212236,8.3,7.46,1.94,3.2771806867120343,2.944232931738473,0.7670837427981353,39.461075166441354
060371959022,2304.141490078281,0.0,0.0,188012.6846072615,1.23,0.0,0.0,0.5693657618601164,0.0,0.0,46.4589461505432
060371959031,4971.7708809579135,7007.907890152044,0.0,151967.2526320125,3.27,4.61,0.0,1.2285513401064498,1.7316917524827786,0.0,37.55192593215053
060371959032,697.3076065925852,0.0,0.0,86116.45008065969,0.81,0.0,0.0,0.1723084621270168,0.0,0.0,21.279838247779512
060371972001,0.0,1950.6249934260923,0.0,347686.0990520934,0.0,0.56,0.0,0.0,0.4820099330999414,0.0,85.91510613709816
060371972002,464.44369082399567,0.0,0.0,194995.09605559247,0.24,0.0,0.0,0.11476653539108164,0.0,0.0,48.18433759504372
060371972003,427.53539549111235,8160.912238055482,0.0,234429.8174821373,0.18,3.48,0.0,0.10564629699354672,2.0166053317047576,0.0,57.928869476201484
060371973001,4963.29647661217,6068.136307460332,0.0,278072.84481689055,1.78,2.18,0.0,1.226457269187888,1.4994691370497415,0.0,68.7132963941376
060371973002,5750.768674792533,6148.2906228573265,0.0,129593.08033048199,4.44,4.74,0.0,1.4210458871140337,1.5192756997321553,0.0,32.02314755056875
060371973003,10556.834703279268,13159.240325814428,278.72092498328215,246595.6809736453,4.28,5.34,0.11,2.6086506664396327,3.2517191005284793,0.06887344049087511,60.93511981514803
060371974101,9739.43700282109,23553.061428251578,428.3769389165019,724948.4843004977,1.34,3.25,0.06,2.406667295857531,5.820088228947684,0.10585424690269879,179.1386717571178
060371974102,5380.393317014195,4683.572483625085,2271.6329575405935,439039.381018922,1.23,1.07,0.52,1.3295241430441798,1.1573359651952955,0.5613327285264533,108.48899372578887
060371974103,3344.289046172864,3214.314900410074,0.0,229344.0372225403,1.46,1.4,0.0,0.826391820491008,0.7942745096214249,0.0,56.67214580509559
060371974201,14832.246022618287,11542.613726742942,2715.2148789570724,336180.9920298881,4.41,3.43,0.81,3.6651278114339374,2.852241968074954,0.6709442084300106,83.07213227755557
060371974202,26861.717419999313,25781.382322099056,6558.974652585017,279410.8782744354,9.61,9.23,2.35,6.63767492993213,6.3707183134531205,1.620757933560489,69.04393166208006
060371975001,23259.61866029088,24455.170565464327,1741.679207462339,229045.89383229014,10.16,10.68,0.76,5.747576941831975,6.043004251423656,0.43037830495341145,56.59847296891591
060371975002,510.16811108629554,0.0,0.0,138219.03183607094,0.37,0.0,0.0,0.12606528570236225,0.0,0.0,34.15466658787458
060371975003,562.6488479542468,0.0,0.0,273224.5376405288,0.21,0.0,0.0,0.13903355820579524,0.0,0.0,67.51525359985274
060371976001,13057.865851122711,14594.50675283992,4810.6339978415845,169135.16129126723,7.72,8.63,2.84,3.226668922288749,3.606381158485629,1.1887335491355593,41.79420855038912
060371976002,8756.734120549889,14148.730677245228,1365.7164824853387,219177.9075894651,4.0,6.46,0.62,2.1638361252650227,3.4962274912768665,0.3374758923805348,54.16004046406988
060371977001,44842.47257372546,14799.214726486662,940.9880116514593,273069.5949183703,16.42,5.42,0.34,11.08081629126133,3.6569656004029776,0.23252320157516326,67.4769664193882
060371977002,30330.500559512766,21544.992763353643,0.0,142633.33315423573,21.26,15.11,0.0,7.494829910848473,5.323883655495818,0.0,35.2454641990107
060371977003,22156.59833499604,11375.25665493332,0.0,286074.614768671,7.75,3.98,0.0,5.475014683583957,2.8108871350042093,0.0,70.69057681048481
060371990011,55423.981939001824,41418.184577028216,12099.820681069335,249854.5758489874,22.18,16.58,4.84,13.695564199466327,10.234656299584021,2.9899308050799345,61.74041027648083
060371990021,22856.37505895204,30029.886412762942,6396.634394972747,247610.65571385119,9.23,12.13,2.58,5.647933277898947,7.420546537441432,1.580642782275731,61.185925535506136
060371990022,70034.90434156347,74417.63419260064,6139.856985347402,1097586.1004548916,6.38,6.78,0.56,17.306001753338474,18.38899788504655,1.5171917025181094,271.2194320459644
060371991101,438.383126396904,3162.6308344809872,0.0,279255.9284500768,0.16,1.13,0.0,0.10832682967707552,0.7815030987942437,0.0,69.00564272662365
060371991102,0.0,9903.368360962868,0.0,622723.4178240673,0.0,1.59,0.0,0.0,2.4471756166455854,0.0,153.87830770995313
060371991201,9151.868898797164,27218.82150862716,689.0834685540942,237408.7192671783,3.85,11.46,0.29,2.2614760553747595,6.725917271975999,0.17027623335977687,58.664972138147256
060371991202,138955.26021591484,39584.010784206024,0.0,724477.5916593445,19.18,5.46,0.0,34.33659258252286,9.781422084831616,0.0,179.02231165139557
060371992011,6157.545485117755,9124.536638915184,2501.760979335418,104434.25586321203,5.9,8.74,2.4,1.5215626260014443,2.254722106870263,0.6181986011383477,25.806266633318558
060371992012,11217.840863862559,10180.710503768856,6254.0018263586235,157161.2230803945,7.14,6.48,3.98,2.771988845902713,2.5157083526405803,1.5453975069986963,38.83538398112715
060371992013,29798.33893670304,26100.081897671727,0.0,133599.46885489376,22.3,19.54,0.0,7.36332991004189,6.449470693648428,0.0,33.013147715199196
060371992021,682.0191263766201,4086.6207737862824,0.0,519772.114831371,0.13,0.79,0.0,0.16853059639119755,1.0098259852181017,0.0,128.4384867114012
060371992022,9523.62630758571,9728.755426840324,2165.6628731655446,434661.4223020919,2.19,2.24,0.5,2.353339311686698,2.404027820950133,0.5351469504028492,107.40717656701906
060371993001,636751.9543848247,1336.4709910148003,0.0,1854533.5271471583,34.33,0.07,0.0,157.34483458822518,0.3302491740545127,0.0,458.26521466934616
060371993002,6858.255929793964,2820.9951981392737,0.0,736818.25338932,0.93,0.38,0.0,1.6947119477311863,0.6970830945532469,0.0,182.0717555757384
060371994001,10864.325529038084,12118.505783782286,2397.932418950919,185172.73828969605,5.87,6.54,1.29,2.6846333042364185,2.9945479945135713,0.5925420051173493,45.757180132394915
060371994002,16542.324905002144,18455.176859072224,0.0,215726.14178997435,7.67,8.55,0.0,4.087697506004345,4.560373517805044,0.0,53.30709055945141
060371994003,2447.9365249195084,2587.7398802425555,0.0,296216.3351874077,0.83,0.87,0.0,0.6048982887976422,0.6394444502451334,0.0,73.19665050329009
060371997001,7705.34685560714,10356.342334610472,1134.2535777998505,586567.2553069285,1.31,1.77,0.19,1.9040326740916254,2.559107923198474,0.2802801630227292,144.94392537876672
060371997002,27669.941511041357,30127.371932858303,1907.581121419289,384024.77330186253,7.21,7.85,0.5,6.837391452260028,7.444635734072121,0.47137356068787645,94.89458809959842
060371998011,1207.635436678366,369.56413324971993,0.0,173250.5732974181,0.7,0.21,0.0,0.2984132152536744,0.09132128612325437,0.0,42.81114900406359
060371998012,1742.898971148074,2193.8557010884724,0.0,171788.95554763757,1.01,1.28,0.0,0.43067971512427483,0.5421135499013824,0.0,42.44997539244489
060371998021,6380.085395221849,6927.707460756775,2291.922620207107,139406.0453459413,4.58,4.97,1.64,1.576553435379385,1.71187379478323,0.5663464133595022,34.44798401403777
060371998022,26410.73759902013,21105.746074202005,651.3463220900261,166820.07676042817,15.83,12.65,0.39,6.526235389235075,5.215343434814813,0.16095118138729103,41.22213870426741
060371999001,25337.591126442767,21706.62477880166,3551.3318065011526,250422.0650013319,10.12,8.67,1.42,6.261055120758703,5.363823796330407,0.8775532007619447,61.880639899949394
060371999002,17782.77742530922,22477.567729393537,3197.0728607103565,192596.0508046292,9.23,11.67,1.66,4.394219999226731,5.554327948225835,0.7900139088241542,47.59152060314745
060372011101,3671.0914139963247,2695.549188205346,0.0,418982.5115619839,0.88,0.64,0.0,0.9071464442563972,0.6660847104149898,0.0,103.53283334759504
060372011102,518.1124559880865,995.7692934734719,0.0,594938.5057384778,0.09,0.17,0.0,0.128028376079826,0.24605995111705198,0.0,147.0125064100119
060372011201,7069.732475873096,6777.141857870922,0.0,204313.49299427576,3.46,3.32,0.0,1.7469689403214286,1.6746682240462878,0.0,50.486963625239525
060372011202,963.9972288787847,0.0,0.0,387023.1742109237,0.25,0.0,0.0,0.23820890297538236,0.0,0.0,95.6355091000235
060372011203,5373.979512603773,7282.699878860416,0.0,200934.48582433577,2.67,3.62,0.0,1.3279392574586866,1.7995943316766818,0.0,49.65199276953122
060372012001,26539.043564528998,27451.045278083322,4545.525029601278,440872.8794827388,6.02,6.23,1.03,6.557940483786657,6.783301015113207,1.1232236964081719,108.94206106310978
060372013011,17077.662433462752,9952.269758442417,0.0,413145.74026418244,4.13,2.41,0.0,4.219982290188292,2.459259415124047,0.0,102.09053574951521
060372013012,14485.598175194664,11176.265048904363,1592.1560278083043,453050.4003463514,3.2,2.47,0.35,3.5794692628615516,2.7617152382876595,0.3934303226068177,111.95119200143714
060372013021,56741.32251444081,0.0,0.0,403305.9715414801,14.07,0.0,0.0,14.021086144882354,0.0,0.0,99.65907594574317
060372013022,17171.998712284363,0.0,0.0,311768.73114654515,5.51,0.0,0.0,4.2432932923527,0.0,0.0,77.03973123950115
060372013023,0.0,0.0,0.0,276659.1530384099,0.0,0.0,0.0,0.0,0.0,0.0,68.36396554793915
060372014011,29505.442659011336,24067.736716750693,1101.1393459296905,343731.603743979,8.58,7.0,0.32,7.290953663612569,5.947267262443981,0.2720974581244611,84.93792906547645
060372014012,30042.74203759694,7390.7557518053245,0.0,964466.586928927,3.11,0.77,0.0,7.423723231520036,1.826295519380501,0.0,238.32488387540747
060372014021,3129.635923851195,7926.013602358006,671.1539047928497,1209901.127983502,0.26,0.66,0.06,0.7733498788165939,1.9585606147246164,0.1658457416670147,298.9730797679169
060372014022,0.0,5350.669705570352,0.0,305976.9585631572,0.0,1.75,0.0,0.0,1.322179278699767,0.0,75.60855306591199
060372014023,30952.812146280547,29904.36823589908,573.5751641872218,425372.5049965509,7.28,7.03,0.13,7.6486064528881625,7.389530320466425,0.14173350974657545,105.11183511281641
060372015011,8158.381068978175,10531.251722146013,0.0,206899.43283775373,3.94,5.09,0.0,2.015979866204352,2.6023289741276323,0.0,51.12596327671329
060372015012,0.0,0.0,0.0,234944.09074038168,0.0,0.0,0.0,0.0,0.0,0.0,58.05594916585832
060372015013,12684.154487007558,13272.731859774112,3776.902744188356,154781.68732653782,8.19,8.58,2.44,3.1343228331004593,3.279763469320881,0.9332929933670473,38.247387890955636
060372015014,0.0,0.0,0.0,292131.16537999804,0.0,0.0,0.0,0.0,0.0,0.0,72.18718305967198
060372015031,7674.879093909823,9825.981613322087,0.0,240633.69680238536,3.19,4.08,0.0,1.896503926214959,2.428052934849307,0.0,59.461881442207634
060372015032,29073.7749442454,21318.640777958746,7516.141304839408,198731.89822546346,14.63,10.73,3.78,7.184286248288273,5.267950861798962,1.8572789642934597,49.10772152069703
060372015041,6174.374364314779,6525.8626092847635,0.0,368344.90549189784,1.68,1.77,0.0,1.52572113261509,1.6125757694696223,0.0,91.02000838306238
060372016011,13319.264737022659,13050.72844730516,464.5260599347529,540416.0021821593,2.46,2.41,0.09,3.2912619937041474,3.224905231395728,0.11478688924161641,133.53970237018294
060372016021,724.3688412856745,5947.782345141583,232.29866414946045,184605.6100722929,0.39,3.22,0.13,0.17899543884882516,1.4697290252798823,0.057402250018965345,45.61703969789272
060372016022,37904.30773984711,105926.2457740785,1390.011776804898,690375.6037036191,5.49,15.34,0.2,9.366358423303748,26.17494536938838,0.3434793903512266,170.59552690880736
060372016023,1164.3390700333478,3925.1378611652103,0.0,190795.61665800627,0.61,2.06,0.0,0.28771445005771495,0.9699226884944427,0.0,47.14662363653969
060372017001,458.90296026682387,1588.1393495491168,0.0,986286.7513152995,0.05,0.16,0.0,0.11339739105314493,0.3924377797933503,0.0,243.71676391977832
060372017002,17228.465632857362,23623.328520963394,0.0,473436.51756796153,3.64,4.99,0.0,4.257246572301167,5.837451605696826,0.0,116.98871127411746
060372017003,17610.634925952385,25406.84409904721,4836.245183460066,235042.86231377127,7.49,10.81,2.06,4.351682661256449,6.27816790297186,1.1950622109276405,58.08035615317887
060372031001,6557.456874782929,2045.7421576214638,0.0,202833.3255526671,3.23,1.01,0.0,1.6203828824977216,0.5055138962425136,0.0,50.12120628494554
060372031002,5854.508859124295,7238.670238678073,0.0,218900.99611907627,2.67,3.31,0.0,1.4466806449368077,1.7887143706435618,0.0,54.09161414954682
060372031003,0.0,0.0,0.0,235716.16110581008,0.0,0.0,0.0,0.0,0.0,0.0,58.246731908027
060372032001,10489.352204617191,9726.675704563346,0.0,123583.29970144684,8.49,7.87,0.0,2.5919753778653827,2.4035139103835346,0.0,30.538098415697043
060372032002,1090.5215710377197,643.2329931748543,0.0,249450.09760322038,0.44,0.26,0.0,0.2694737488094482,0.15894633415073892,0.0,61.640461525265394
060372032003,1795.5926430743616,1795.5920363680325,1795.5920363680325,142952.56629754338,1.26,1.26,1.26,0.44370060502652575,0.4437004551061269,0.4437004551061269,35.3243484266647
060372033001,31876.631895327355,125386.94265220982,6546.87818318814,1491877.3257500264,2.14,8.4,0.44,7.876887284383275,30.98378829507589,1.6177688308757676,368.65091568167475
060372035001,11461.443582996711,31043.483758830087,0.0,215421.20749891998,5.32,14.41,0.0,2.8321843887407967,7.67101189629546,0.0,53.231739655138
060372035002,18507.554020823747,24911.145682522936,925.7325356026107,1311355.9673548054,1.41,1.9,0.07,4.573316196339822,6.155678156663959,0.22875349134664932,324.04311655245283
060372035003,9202.521335124242,11483.304257571395,1263.5269232462097,132854.70368103217,6.93,8.64,0.95,2.2739925449756035,2.8375862790707034,0.31222430236278836,32.82911223280867
060372036011,9367.506373009543,10118.327189397649,470.958578122784,142299.16205133806,6.58,7.11,0.33,2.3147612356986254,2.5002930999456967,0.11637639910226433,35.16288872115387
060372036012,3755.366422626744,3951.049119579211,0.0,187693.83910301488,2.0,2.11,0.0,0.9279712524121656,0.9763254998891286,0.0,46.38015771058724
060372036021,16851.385198206954,18350.93690371408,1787.6322912646879,223415.63836450115,7.54,8.21,0.8,4.1640679676530725,4.5346152638721495,0.4417335592559835,55.20720654379031
060372037101,7083.0643704575505,6455.842342597729,0.0,132268.60923525193,5.36,4.88,0.0,1.7502633232184002,1.59527338475949,0.0,32.684285141208356
060372037102,7864.99674601002,5085.3889441627325,0.0,149806.65222168458,5.25,3.39,0.0,1.94348302116082,1.256626974956237,0.0,37.01802994355834
060372037201,2599.6585224333508,1945.328123769592,0.0,128224.62612951263,2.03,1.52,0.0,0.6423896108702605,0.48070104810289005,0.0,31.684995153217873
060372037202,25812.095752865494,25906.531365847288,3546.5926830524368,192818.9435386953,13.39,13.44,1.84,6.378307767478826,6.401643315648778,0.8763821378543298,47.64659859722512
060372038001,8097.469343795599,4947.852233369919,0.0,92395.81339972474,8.76,5.36,0.0,2.0009282511172883,1.2226409135700398,0.0,22.831502716108005
060372038002,2061.8042546112,2544.722670361847,599.2943002265662,111001.41412650011,1.86,2.29,0.54,0.5094829268463251,0.6288146661879078,0.14808884666858355,27.429046781123603
060372038003,2782.2013376982145,6022.221146172458,0.0,172042.49284476473,1.62,3.5,0.0,0.687496922870375,1.488123253604575,0.0,42.51262582296765
060372038004,5228.795123352821,5267.140625884856,218.93136626600995,111955.84425387494,4.67,4.7,0.2,1.2920634135697526,1.3015387936004812,0.05409911877629008,27.664891601832316
060372039001,24712.348285722037,26262.44493656,8673.449628103497,138366.12459299972,17.86,18.98,6.27,6.106554250092794,6.4895914743090835,2.143256078988758,34.191013999686525
060372039002,16893.81644621532,20613.51327092157,4530.97424084909,310117.01564709196,5.45,6.65,1.46,4.1745529573783084,5.093710060189549,1.1196281182029142,76.63158345093353
060372041101,4533.890954488627,2182.6954162330603,528.9360312586998,405909.5122587135,1.12,0.54,0.13,1.1203488538394426,0.5393557834549035,0.1307029397759095,100.30242486784041
060372041102,6255.995959558613,6367.987989691224,282.52141172713505,86265.29808075425,7.25,7.38,0.33,1.5458902680437763,1.5735641013709774,0.06981256121747578,21.316619389623504
060372041103,2156.046307851718,2878.902417936753,0.0,111616.06108328444,1.93,2.58,0.0,0.5327706453625722,0.711392280191006,0.0,27.580929351847427
060372041201,2419.366047069126,5168.007657389891,0.0,127684.65576770621,1.89,4.05,0.0,0.5978383699697243,1.2770425036045605,0.0,31.551565570982735
060372041202,4436.002481679564,3288.489179110831,0.0,135719.74420616246,3.27,2.42,0.0,1.0961600854247207,0.8126033730548273,0.0,33.53707916468988
060372042001,33321.66952578422,17202.770635260218,1974.2809070876694,150834.64895797803,22.09,11.41,1.31,8.233963859291729,4.250897200118127,0.48785543666923975,37.27205346922713
060372042002,19652.57201248823,12454.899223975579,0.0,150370.22900075858,13.07,8.28,0.0,4.856256303956841,3.077672623875587,0.0,37.157292798537455
060372043001,3897.801900542169,4116.144577451517,0.0,186951.8964653635,2.08,2.2,0.0,0.9631678255169147,1.0171214759851612,0.0,46.19681969208365
060372043002,12041.778426365325,10094.017456432326,635.1232269783537,194869.2052672826,6.18,5.18,0.33,2.9755882515900853,2.494286034107936,0.15694236728114314,48.15322930377521
060372043003,36951.1387008036,36863.55062391124,20121.535912099305,261667.79534994214,14.12,14.09,7.69,9.13082522430821,9.109181739155746,4.972139807264566,64.65952038761961
060372044101,15773.424151887217,23723.643386844986,1742.5085899699286,197864.91309155987,7.97,11.99,0.88,3.8976979920954897,5.862239948897324,0.4305832498343316,48.89348482845742
060372044102,10834.815853604261,14433.956587658895,826.3107477818874,99013.46659574172,10.94,14.58,0.83,2.6773413046313714,3.5667083486739553,0.20418583254106193,24.466760433527188
060372044201,24138.38218263788,39358.0042614341,1475.9241452945262,179877.5418368747,13.42,21.88,0.82,5.96472413724096,9.725574656807993,0.36470879893960384,44.448708592976914
060372044202,12160.7668541615,9640.639944406674,0.0,122180.63167973573,9.95,7.89,0.0,3.0049909324308377,2.3822540110502026,0.0,30.191491599120322
060372046001,26701.7235890925,32367.94045878203,1055.1346037451399,309004.28448817774,8.64,10.47,0.34,6.598139593313509,7.998292274373829,0.26072943875764915,76.35662159343964
060372046002,13257.444021240271,13213.708834740952,7682.850588209615,273474.2795482809,4.85,4.83,2.81,3.2759857621481676,3.265178562204716,1.8984737253547725,67.57696616923616
060372047001,11118.537779616185,13005.580322104981,0.0,249143.27704608697,4.46,5.22,0.0,2.747450519389147,3.21374888669561,0.0,61.56464451445298
060372047002,31230.135248783256,24599.75036993395,5619.927179775472,483044.16190738144,6.47,5.09,1.16,7.717134483921753,6.07873069915957,1.3887142495761087,119.36281189361067
060372047003,9356.038126100751,9506.462284475427,0.0,278877.8383502621,3.35,3.41,0.0,2.311927370171469,2.3490979892085204,0.0,68.91221462827998
060372048101,1069.5488518311836,3176.8572426713886,0.0,234193.9362323539,0.46,1.36,0.0,0.2642912770295133,0.7850185208170405,0.0,57.870581949992804
060372048102,29695.947516286036,34346.622268697494,8599.910215694803,216761.57366217155,13.7,15.85,3.97,7.338028439040782,8.48723519781513,2.1250840944326366,53.56295134721396
060372048103,7503.240338143977,9517.943533972735,1855.3580627308938,319137.34841407207,2.35,2.98,0.58,1.85409106599689,2.3519350677452726,0.45846896184929836,78.86055622027892
060372048201,476.23391491870024,476.2340539307313,0.0,124399.7144067293,0.38,0.38,0.0,0.11767996321358698,0.11767999756420795,0.0,30.739838882881266
060372048202,12970.071507952254,7565.431944345164,1524.020163951061,195743.7434966972,6.63,3.86,0.78,3.204974467628954,1.86945894657129,0.3765935839767788,48.36933240656232
060372049101,21342.11177275311,17440.767134974303,2566.8381672847095,211730.644710841,10.08,8.24,1.21,5.2737506709210376,4.309707415967825,0.6342795244913677,52.31978172956122
060372049102,15609.721014438916,12672.052818990745,1900.379180481145,306611.140643409,5.09,4.13,0.62,3.857246065868955,3.131332445808776,0.46959392232505237,75.76526287077226
060372049201,9988.863036915876,9374.040323442616,965.6761453385234,239753.15540500064,4.17,3.91,0.4,2.4683018111603654,2.3163758100128775,0.2386237722676176,59.24429492430925
060372049202,112232.22253483413,35943.87553810452,24424.42607635909,670227.8451334335,16.75,5.36,3.64,27.733186162377976,8.88192507625163,6.035407122715293,165.61690734161328
060372051101,0.0,0.0,0.0,187612.0049760236,0.0,0.0,0.0,0.0,0.0,0.0,46.35993605742003
060372051102,10484.0349494742,11970.629790931924,7870.633577689445,99350.80420570643,10.55,12.05,7.92,2.590661455504916,2.9580070408904464,1.9448759126032305,24.550118372320743
060372051201,17312.184424017752,9112.49256728604,733.5447417184639,327565.4503259858,5.29,2.78,0.22,4.277933936126825,2.2517459519559258,0.18126285322557428,80.94318555826652
060372051202,71817.6271607414,58147.443368718596,5465.017930479877,1138684.6856993174,6.31,5.11,0.48,17.746522155621655,14.368546174967602,1.3504353404361285,281.3751136305491
060372060101,91490.74663393626,115697.64315720895,19867.326595090937,1123450.7380297575,8.14,10.3,1.77,22.60785584769459,28.58951024721409,4.909323317012705,277.61072318041164
060372060102,29213.71074088593,4840.421414494178,0.0,315254.45586618775,9.27,1.54,0.0,7.218865136698043,1.19609418009042,0.0,77.90107257603796
060372060201,7068.85052449845,148313.41478413704,4799.536926416144,873544.5917696846,0.81,16.98,0.55,1.7467510053905613,36.649042936932105,1.1859914030678074,215.85756957782712
060372060501,161457.18764557506,106365.81427726203,22956.87959091813,1784697.2265392216,9.05,5.96,1.29,39.89693994377552,26.283565112048496,5.6727684886096075,441.00828896736635
060372060511,255576.72760820572,216361.77022612837,19073.757302034104,3145022.8970463565,8.13,6.88,0.61,63.15438476975548,53.46415776663863,4.713228074131267,777.1520826976093
060372060512,50092.5236215503,121257.14755773553,3103.9305453436286,585787.7634232701,8.55,20.7,0.53,12.378132158156177,29.963293702874594,0.7669979414547239,144.75130873950476
060372060521,16492.91789615751,145036.20212254775,12638.540386220579,924411.5708325681,1.78,15.69,1.37,4.075488768236639,35.839226052041056,3.123051343325211,228.42707384324328
060372060531,28505.691188577137,22454.78216942614,605.540494580664,380722.38238795014,7.49,5.9,0.16,7.043909695138567,5.548697513738149,0.14963231490717094,94.07854953306241
060372060532,13298.20412637497,17001.88593425979,1300.835544581388,207489.862671602,6.41,8.19,0.63,3.2860578034761194,4.201257509446498,0.3214434634698316,51.27186166603596
060372060541,6503.624943025179,14222.263540878108,0.0,418748.3959790752,1.55,3.4,0.0,1.6070807224656083,3.5143978575952426,0.0,103.47498212717299
060372062011,27683.040231372775,39104.05129582322,0.0,101635.22021806659,27.24,38.47,0.0,6.840628216544254,9.662821512365998,0.0,25.1146098624847
060372062012,19410.132220038136,44996.78605565576,5310.479438363791,99202.02572188414,19.57,45.36,5.35,4.79634812656064,11.118947983079241,1.3122480473904226,24.513354408321728
060372062021,77052.54962472196,114362.49783440362,15512.651137106724,377895.3526412093,20.39,30.26,4.11,19.040099668034607,28.259588652908175,3.8332595768018134,93.37997526907499
060372063011,15348.279552247484,56480.07480456524,0.0,135446.74657488664,11.33,41.7,0.0,3.7926424736228084,13.956530429876128,0.0,33.46961998087383
060372063021,2021.3134023504067,2147.760998809643,0.0,24992.599577222336,8.09,8.59,0.0,0.49947741935249107,0.5307233009111568,0.0,6.175805852385641
060372063022,2200.2915797449155,6403.314915374024,0.0,21429.974991039504,10.27,29.88,0.0,0.5437038901518592,1.5822935748178877,0.0,5.29546214499263
060372063031,26134.24749548551,48472.93215511604,4820.6900185457525,434792.78541079134,6.01,11.15,1.11,6.457913196729257,11.977922391021973,1.1912184459677044,107.43963709810495
060372071011,6145.831690726738,15441.255910080188,0.0,120491.05298978424,5.1,12.82,0.0,1.5186680843700242,3.8156174319924863,0.0,29.773987612421067
060372071012,3043.2768122680764,4293.82745730196,3043.2749345288103,179696.5263625793,1.69,2.39,1.69,0.752010077605682,1.0610278717907893,0.7520096136062042,44.40397869514969
060372071021,86963.59853673418,79630.49842573614,7481.55766489071,415049.1906299655,20.95,19.19,1.8,21.48917319017712,19.677124689912038,1.8487331607514135,102.56088857825586
060372071031,610.0558282520992,1487.1085520930746,0.0,43546.851196896576,1.4,3.41,0.0,0.15074807815650249,0.36747252604804315,0.0,10.760661276703013
060372071032,82978.29336443357,117189.94296940742,15625.385522999357,280584.83808469365,29.57,41.77,5.57,20.50438283531271,28.95826556157077,3.861116850232279,69.33402344882104
060372073031,26183.11247239943,47560.60229434462,0.0,76097.38266418377,34.41,62.5,0.0,6.469987995489955,11.752480772752167,0.0,18.804072771885984
060372073032,25042.090500809292,43516.43177884168,3580.4549167751907,100923.76244335204,24.81,43.12,3.55,6.188035325937758,10.75314447480055,0.8847496780357212,24.938804817666078
060372073041,8953.918795086149,15247.516398441594,761.57530752702,25160.484144263053,35.59,60.6,3.03,2.212561519485784,3.767743356063769,0.188189356882438,6.217291032366687
060372073042,14329.565583584228,4267.978904373761,444.4283941136371,25158.289544701183,56.96,16.96,1.77,3.5409127697903444,1.0546405552590925,0.10982064786229,6.216748735004783
060372073051,51742.80742796219,136981.15490405605,1788.5345919326726,202776.40127222627,25.52,67.55,0.88,12.785926167668672,33.848780536379635,0.44195652260674395,50.107139988912465
060372073061,16737.984825002066,55408.17079911761,1042.3337822645892,135752.55470334966,12.33,40.82,0.77,4.13604612517376,13.691657181713808,0.2575662868826046,33.545186815113446
060372073062,1572.8817800916215,12618.917608906675,0.0,25623.94431687634,6.14,49.25,0.0,0.3886675522722942,3.118202449451614,0.0,6.331814535115131
060372073071,10179.307226570807,19469.355716100326,0.0,48861.87365510479,20.83,39.85,0.0,2.515361595293252,4.810982571146907,0.0,12.074031928745105
060372073081,9073.374247803,19465.13083330218,0.0,45915.46798606079,19.76,42.39,0.0,2.2420796046977145,4.809938579871417,0.0,11.345959231938968
060372074001,1836.4767164901914,144751.2876482816,0.0,869423.6749403347,0.21,16.65,0.0,0.453803279583876,35.768822152192,0.0,214.83926885271617
060372075011,4851.537610053569,4851.5397482605285,0.0,72773.18689865417,6.67,6.67,0.0,1.1988410518345867,1.1988415801970331,0.0,17.982646109173256
060372075012,0.0,35794.69714933836,0.0,61556.38780155497,0.0,58.15,0.0,0.0,8.845062293588912,0.0,15.210914689444003
060372075021,0.0,19060.657767936365,0.0,63775.04274276472,0.0,29.89,0.0,0.0,4.709991108761003,0.0,15.759156265035651
060372075022,23031.844363293727,189051.64272044602,7629.274903611085,354616.18968160346,6.49,53.31,2.15,5.691292687284078,46.715678291430066,1.8852348853746883,87.62756882570528
060372077111,68738.75103733141,308258.4841813021,51407.09213752361,693965.0769148115,9.91,44.42,7.41,16.985715296656284,76.1723303241108,12.702969112760487,171.48250505592523
060372077121,7839.447449795227,84424.1689974794,839.9316849302542,152843.63002831023,5.13,55.24,0.55,1.937169652573446,20.86166648517058,0.20755163941104937,37.76848350297188
060372077122,20907.892386184874,137905.52616394006,1795.2927155063326,254442.58579899254,8.22,54.2,0.71,5.166452723762655,34.07719764917056,0.4436264913104154,62.874132225352
060372079011,6007.107956729768,59528.11400457994,751.5345725071285,153520.60817833315,3.91,38.78,0.49,1.4843887031621534,14.709717319122634,0.18570823722513702,37.93576844697824
060372079012,0.0,15873.492188994334,7747.945203158485,49767.655978783696,0.0,31.9,15.57,0.0,3.9224253425775144,1.9145589550131712,12.297855615363996
060372079021,137293.34380794698,287974.20010125235,10144.564037677315,626622.2805061968,21.91,45.96,1.62,33.92592409456542,71.15997456872176,2.50677636634834,154.84173766030884
060372079022,6601.7686929716665,35657.35720020815,0.0,73173.20320297044,9.02,48.73,0.0,1.631332571234753,8.811124853068408,0.0,18.081492290644416
060372080011,70823.7932055393,39790.9314796744,0.0,575991.2640594811,12.3,6.91,0.0,17.50094043700642,9.83255330221878,0.0,142.33054102717284
060372080021,19137.203696135268,13885.489737002292,1136.1190413027055,185780.0566707032,10.3,7.47,0.61,4.728906019548352,3.4311792383203605,0.2807411290932152,45.907251772605704
060372080022,12473.117387357694,14733.289421670694,467.81781142683633,209413.03448792602,5.96,7.04,0.22,3.0821744300877554,3.6406751028080886,0.11560029874976281,51.74708777133561
060372083011,9282.884785549848,16112.694997080685,995.6988355733525,92956.56822418344,9.99,17.33,1.07,2.2938507860490405,3.981533643717709,0.2460425405907656,22.97006825091543
060372083021,22316.01573291744,21066.101732290615,0.0,133782.3835251797,16.68,15.75,0.0,5.514407580509827,5.205547104583785,0.0,33.05834691457614
060372083022,10094.174121998212,13335.952347975413,0.0,109947.73869147463,9.18,12.13,0.0,2.494324747012357,3.2953855921744037,0.0,27.168677910809052
060372083023,3947.8850416494256,14636.231422331397,0.0,196249.75379251668,2.01,7.46,0.0,0.9755436392052972,3.616691548856912,0.0,48.49437027373711
060372084011,19930.93517891196,21503.998959696615,6427.587438989732,108146.47065196472,18.43,19.88,5.94,4.925041340382386,5.313753866005358,1.5882914460251178,26.723574884781343
060372084012,15975.596228525084,15883.189042567363,1017.9643537118741,121533.8015115779,13.14,13.07,0.84,3.9476558002150988,3.9248214872787086,0.2515444699439491,30.031656383673212
060372084021,16222.34049483048,22459.732294967755,5068.749970093971,183924.35679363055,8.82,12.21,2.76,4.008627636265329,5.54992071639842,1.2525153949217536,45.4486983465931
060372084022,15817.505444319637,9518.910325301795,0.0,156833.0513710481,10.09,6.07,0.0,3.908590716677568,2.352173967085439,0.0,38.754290985702376
060372085011,12586.302349691083,19212.864652210526,580.8470419168372,113843.73367642834,11.06,16.88,0.51,3.1101430433814943,4.747602248961499,0.14353042986693462,28.131399237760203
060372085012,10624.47274541966,14853.35796813937,2204.041090721429,129380.27931919544,8.21,11.48,1.7,2.6253643906444264,3.670344686785439,0.5446304144920259,31.97056327549819
060372085021,1299.0973073461655,5155.176493496019,0.0,56729.19898244192,2.29,9.09,0.0,0.32101393569474157,1.2738718539558975,0.0,14.01809035488304
060372085022,2182.269287845073,15245.132583892135,0.0,124660.16579760204,1.75,12.23,0.0,0.539250484837036,3.767154302660178,0.0,30.804197823176526
060372085023,9285.189042532442,18632.54723503858,4303.851455721593,79660.17796474005,11.66,23.39,5.4,2.294420180349723,4.604202692219185,1.0635048557440991,19.68445866371937
060372086101,16978.721422894443,20624.295909317167,1657.329819185608,215934.51828319518,7.86,9.55,0.77,4.1955334340290635,5.096374508163516,0.40953511718676777,53.35858151229753
060372086102,6058.345160824546,10217.628252056533,3601.37385428887,134203.6422496445,4.51,7.61,2.68,1.4970496920253045,2.5248309269141154,0.8899188600699267,33.16244221238139
060372086201,15365.85209012163,20562.2020228426,3615.4349981899036,143090.42033903353,10.74,14.37,2.53,3.7969847422975453,5.08103077465944,0.8933934443974564,35.35841290217392
060372086202,8648.10228368529,4368.064715526643,0.0,65518.38613137003,13.2,6.67,0.0,2.1369926137771174,1.0793722978034763,0.0,16.189945798105228
060372086203,8728.528059104106,12223.685271702927,5411.481307615416,115730.10820268012,7.54,10.56,4.68,2.1568662556917766,3.0205384119987224,1.337206152820742,28.59753253465959
060372087101,7181.202372370644,7380.405996253159,0.0,91168.4779005311,7.88,8.1,0.0,1.7745137516175606,1.8237380390866913,0.0,22.52822150939157
060372087102,1702.7562115542119,2188.4180797850245,1702.757406795943,79214.88937016626,2.15,2.76,2.15,0.4207602232016888,0.5407698844149199,0.42076051855235275,19.574425455694232
060372087201,5907.928168579133,8288.429054438298,749.0628276062239,89554.04043098069,6.6,9.26,0.84,1.459880843777358,2.048115423260512,0.18509745575850947,22.12928532262343
060372087202,11772.96470491503,32448.057413664887,4157.785810214852,75185.01985242296,15.66,43.16,5.53,2.909162934407502,8.018089605072143,1.027411248691908,18.578623011249373
060372088011,696.8247634261794,29123.222239243976,2928.3525318166703,240448.44483949253,0.29,12.11,1.22,0.17218914898219329,7.1965049409814155,0.7236116694448977,59.416104685249465
060372088012,3560.006338925071,3739.3283149784293,0.0,28013.650263522577,12.71,13.35,0.0,0.8796967244056063,0.9240081497037174,0.0,6.922323734655503
060372088021,9127.199332740827,13580.203928492883,0.0,118446.48522785191,7.71,11.47,0.0,2.255380072843779,3.3557414721521313,0.0,29.26876391567331
060372088022,12178.533172767735,19723.007566868444,0.0,93052.81754152231,13.09,21.2,0.0,3.0093810853672984,4.873661308490815,0.0,22.993851975192403
060372089021,13372.975878391353,24649.648020422734,4991.5145643370015,88722.96546816308,15.07,27.78,5.63,3.304534305781096,6.091060677117916,1.2334301105194063,21.923922226908573
060372089022,41915.40499934052,57720.5335030767,33525.854313162425,95331.97350904898,43.97,60.55,35.17,10.357522141712769,14.263054449766065,8.284419019066611,23.55704367997125
060372089031,6837.829545645256,9981.54716939953,0.0,55480.42694346669,12.32,17.99,0.0,1.6896644782841248,2.4664940209269752,0.0,13.709512063826535
060372089032,31146.648573941122,48337.62440395186,3225.0988131360145,103810.82576266518,30.0,46.56,3.11,7.696504477287462,11.944487117555084,0.796939272489277,25.652213700504813
060372089041,3906.2650351658,7092.0758672054735,1648.2719931687272,53911.66668597638,7.25,13.15,3.06,0.965259111626495,1.752490112559886,0.4072968796336033,13.321862961968863
060372089042,4215.294586472278,11183.197472456499,0.0,58195.49565864266,7.24,19.22,0.0,1.0416219767867092,2.763428277454002,0.0,14.38042015439966
060372091031,3618.3177486484255,3618.3153728543607,0.0,39112.30510475192,9.25,9.25,0.0,0.894105787549184,0.8941052004776854,0.0,9.664861072969881
060372091032,3886.6443211767155,16177.260974879006,0.0,84907.04140650302,4.58,19.05,0.0,0.9604107276115641,3.9974882442913637,0.0,20.980986856002332
060372091041,2284.4210353789003,9102.64824781763,0.0,69959.6158474564,3.27,13.01,0.0,0.56449273137892,2.2493133676383996,0.0,17.28739756128206
060372091051,6164.09463985623,5765.999447720685,728.0880626923572,83228.79602197789,7.41,6.93,0.87,1.5231809573813828,1.4248094930684845,0.17991447847328432,20.566283390063738
060372091061,19672.642044908644,81680.91673897338,13050.491732376699,221629.4489986436,8.88,36.85,5.89,4.8612157169741455,20.183794089371787,3.2248467378630314,54.76582953916749
060372092011,7884.062495693933,68397.42552980638,0.0,168183.85605450196,4.69,40.67,0.0,1.9481942705094208,16.901371926914837,0.0,41.55913590696653
060372092021,1158.4584897167954,102122.6696419732,2868.4415363528924,243024.0517892641,0.48,42.02,1.18,0.28626132701534496,25.235061238325095,0.7088073400567433,60.05255102308225
060372093001,21613.53437367633,50724.78621010917,0.0,151457.32694591643,14.27,33.49,0.0,5.340820656260981,12.534367646289434,0.0,37.42592055096786
060372093002,5859.632890746462,14471.945096199546,1840.1611158722556,44884.11287789298,13.06,32.24,4.1,1.4479468207254533,3.5760955135682617,0.45471371449865833,11.091105834507053
060372093003,4680.352535203251,26858.2805907655,0.0,109981.84613700458,4.26,24.42,0.0,1.1565402986122137,6.636825670933272,0.0,27.177106044147603
060372094011,23390.691756061497,35305.04836655851,1205.0352763905958,126938.619865658,18.43,27.81,0.95,5.779965809162455,8.724067444335164,0.2977707016538892,31.36721608481891
060372094012,17214.3297726907,19999.663544198123,2369.8486930946046,88734.02032388301,19.4,22.54,2.67,4.253753525182317,4.942024489304037,0.5856023653266055,21.926653941248315
060372094021,17388.367502959383,20911.811512894048,6584.563914979406,66195.8296711027,26.27,31.59,9.95,4.29675918491004,5.167421161063143,1.6270811780059178,16.357345742413337
060372094022,20833.555145627135,32921.436509864834,5046.44917590884,70037.84749736758,29.75,47.01,7.21,5.148083591577419,8.135064127217214,1.247004748667616,17.306729022976167
060372094031,19262.784267639694,23337.751120758265,4279.504327384131,70817.13643325587,27.2,32.95,6.04,4.759937654574817,5.7668838932807365,1.0574885493086406,17.499295512751985
060372094032,13072.547168499907,16426.537762241645,0.0,67384.45559157233,19.4,24.38,0.0,3.2302967548196815,4.0590858799235185,0.0,16.651061603912744
060372095101,28039.940612007456,28858.05784733008,1487.1235029477828,88694.99337289452,31.61,32.54,1.68,6.928820221246764,7.1309813927660235,0.367476220484699,21.9170101716368
060372095102,21226.357169501967,21058.67085880864,8943.124676097172,93794.55331769786,22.63,22.45,9.53,5.2451470855280835,5.203710895757387,2.209894234595411,23.177138877112107
060372095201,7154.640045513341,56733.87557295833,2281.423980922992,140326.45496889076,5.1,40.43,1.63,1.7679500577068312,14.019245965566562,0.5637521430943149,34.67542218502275
060372095202,26397.413088670186,32421.168765713806,7470.422531696537,90854.44151658956,29.05,35.68,8.22,6.522942831022189,8.011445275463055,1.8459816094157797,22.450621428943126
060372098101,5170.505138679626,8476.726183175833,3450.6108989216627,79385.55635681115,6.51,10.68,4.35,1.2776596446713675,2.0946446570863726,0.8526645224727958,19.616598186532972
060372098102,16026.620283927532,20939.781628746056,6863.404707801726,70447.97946715966,22.75,29.72,9.74,3.9602641188893224,5.174332727210435,1.6959842384848838,17.40807483982352
060372098201,4398.993278889348,6755.681039300345,0.0,90255.53068114146,4.87,7.49,0.0,1.0870149122514488,1.6693651402868077,0.0,22.302627338484907
060372098202,12192.791387196117,15077.09876786982,0.0,88855.5455637628,13.72,16.97,0.0,3.0129043668826645,3.7256322424526003,0.0,21.9566834820067
060372100101,10115.405578842263,31686.484090721224,0.0,125398.27256679849,8.07,25.27,0.0,2.4995711542549097,7.829900738590934,0.0,30.986587977942314
060372100102,10504.506799857949,39252.58276555927,0.0,190308.5945072193,5.52,20.63,0.0,2.5957201599033306,9.699524437855004,0.0,47.02627784218651
060372100103,7310.002570264703,13370.478233445137,0.0,93277.81211653781,7.84,14.33,0.0,1.8063409736512184,3.3039171242738914,0.0,23.04944934547965
060372110001,20124.57627839851,23749.203602115882,3900.330541839822,344235.4356667152,5.85,6.9,1.13,4.97289109813873,5.868556015642222,0.9637926663893649,85.06242864493952
060372110002,0.0,4392.892048353933,0.0,739952.2692035016,0.0,0.59,0.0,0.0,1.085507265352576,0.0,182.8461877490259
060372110003,19520.538754591413,36326.74506395841,0.0,322521.10974156763,6.05,11.26,0.0,4.823630175397896,8.97653419648991,0.0,79.69670185390356
060372110004,50224.71127084474,64036.70607041358,2129.204579358691,283594.5013830793,17.71,22.58,0.75,12.410796437660327,15.82381468143029,0.5261379098040646,70.07772744625635
060372110005,3507.8626434681614,47861.08225276306,0.0,966521.3357045152,0.36,4.95,0.0,0.866811736648619,11.826730987500392,0.0,238.8326233554184
060372111211,8938.617992557543,29262.085636605087,1865.2578766655522,102251.88272251106,8.74,28.62,1.82,2.2087806088401996,7.23081883375816,0.46091525914807613,25.266990485881948
060372111212,4952.325107853088,3281.20666187355,1266.6721099133156,111679.33796309569,4.43,2.94,1.13,1.223746184925458,0.8108038238548677,0.313001494913949,27.59656540937124
060372111221,58130.26459879787,52027.06579835056,18346.827129146666,245762.05230409122,23.65,21.17,7.47,14.364301208473204,12.856167940718725,4.533599716459925,60.7291256847559
060372111222,1719.3211962842115,7452.288071093271,0.0,119802.60329879692,1.44,6.22,0.0,0.42485352007239313,1.8415004866107085,0.0,29.603867988908693
060372111231,16260.9975931686,68498.62379164346,0.0,172036.94078957272,9.45,39.82,0.0,4.018180013296584,16.926378562009905,0.0,42.5112538802515
060372111241,0.0,0.0,0.0,80032.56334928391,0.0,0.0,0.0,0.0,0.0,0.0,19.776477096219875
060372111242,34319.4032856079,87318.30057466304,24901.075955024797,252209.8540794599,13.61,34.62,9.87,8.480509240615627,21.576821972566712,6.153189872809261,62.322412202083044
060372111243,0.0,0.0,0.0,62808.46437088188,0.0,0.0,0.0,0.0,0.0,0.0,15.520309547733628
060372112011,2384.8019862262654,1628.7940158212984,0.0,34599.1115551246,6.89,4.71,0.0,0.5892974045300948,0.4024837666109581,0.0,8.549626659254072
060372112012,2528.869261492027,3086.2673013061067,0.0,104772.3355991421,2.41,2.95,0.0,0.624897203541576,0.7626332587988843,0.0,25.889807955431873
060372112021,15546.331319006413,17912.500704588336,2551.8520249077737,179171.462299551,8.68,10.0,1.42,3.8415821309980194,4.426275319638169,0.6305763680625938,44.27423253956038
060372113101,1114.8407820055056,0.0,0.0,61228.57328657348,1.82,0.0,0.0,0.27548315671262336,0.0,0.0,15.12990995866903
060372113102,12485.019651960763,6712.443990661915,1879.985142525821,82713.20937464687,15.09,8.12,2.27,3.08511554372282,1.658681032889494,0.46455444579644617,20.43887915489563
060372113201,17677.56316022825,20467.579665552435,2646.856854617633,93965.41927429986,18.81,21.78,2.82,4.36822098811811,5.0576490809659305,0.6540525727492715,23.219360774497996
060372113202,5303.923033489545,5344.527006213057,1966.0981067106347,92311.02618388824,5.75,5.79,2.13,1.3106279244629186,1.3206613846318445,0.4858334226606029,22.810551338795193
060372114101,46551.60264891399,46285.24128511854,16141.945070940168,180573.27237481653,25.78,25.63,8.94,11.503151530467797,11.437332204059008,3.9887614943766994,44.620627352953385
060372114102,2665.7026273617557,2917.8906979860576,0.0,90226.8442276243,2.95,3.23,0.0,0.6587094646122515,0.721026494005338,0.0,22.295538761445606
060372114201,13127.758974114995,12262.334616823286,1433.1520185839772,189340.95023975126,6.93,6.48,0.76,3.243939889107689,3.0300888731681446,0.3541395762526317,46.7871677363493
060372114202,13554.601537675444,16780.21702535508,1966.0272605733091,191751.73900277005,7.07,8.75,1.03,3.3494149836027165,4.1464819291521895,0.4858159161988136,47.382886613271815
060372115001,12539.121270979113,16813.141273887028,4231.47208599481,213987.21031313605,5.86,7.86,1.98,3.0984843449283406,4.154617688145196,1.0456195239774093,52.87739123352202
060372115002,16239.61596258267,9929.151380142614,0.0,273149.99581057305,5.95,3.64,0.0,4.012896497314258,2.453546739435372,0.0,67.49683391252627
060372115003,1656.7304551955615,0.0,0.0,421921.5174288288,0.39,0.0,0.0,0.4093870111193697,0.0,0.0,104.25907751345599
060372117011,1182.1912669402502,1111.3597512330132,0.0,99745.53553458252,1.19,1.11,0.0,0.292125823984422,0.2746229752756877,0.0,24.64765860791971
060372117012,2507.783729988293,20311.25211926465,0.0,386374.5114950423,0.65,5.26,0.0,0.6196868552359079,5.019019703006661,0.0,95.47522105217209
060372117013,10851.477234779408,21313.16864183458,0.0,165410.57378757925,6.56,12.89,0.0,2.681458421582426,5.26659866751456,0.0,40.87384293448247
060372117031,12960.279730616345,15193.47880641137,4454.796049089716,92498.6882740415,14.01,16.43,4.82,3.2025548667551225,3.754390376271574,1.1008040770687353,22.85692365116944
060372117032,1397.2996527153286,1611.8038538784988,0.0,91613.52439167231,1.53,1.76,0.0,0.34528026370815895,0.39828540616289365,0.0,22.638194892355642
060372117041,21036.55265689988,30378.35257499586,7647.269703205733,92439.7136567725,22.76,32.86,8.27,5.198245369037355,7.5066544013883965,1.889681497192949,22.8423507058723
060372117042,6678.943609811792,5989.752870661361,3210.5892047756533,92510.22168981582,7.22,6.47,3.47,1.6504029085002292,1.4801001679988242,0.7933538701804508,22.85977362027397
060372118021,15991.349290969663,48168.348384129036,5109.844102204517,139719.95765390756,11.45,34.47,3.66,3.9515484667197427,11.902658102103523,1.2626699761129923,34.52555343464501
060372118022,13694.610177068304,23925.67872050043,4818.476551504883,92741.44297580958,14.77,25.8,5.2,3.3840118718485876,5.912163967090099,1.1906714863502055,22.91690964435279
060372118023,17797.692721724496,43223.99861156057,1674.1100900509875,92962.91496222366,19.14,46.5,1.8,4.397905649237123,10.6808826654459,0.4136816124200798,22.97163656403993
060372118031,6195.776942311959,6195.781608907926,0.0,69915.09383810883,8.86,8.86,0.0,1.5310098248154638,1.5310109779564405,0.0,17.276395933178545
060372118032,854.5175569473973,1888.5848137950786,1034.0661290948317,69615.85257294276,1.23,2.71,1.49,0.2111558868798768,0.4666794708459283,0.2555233052922534,17.202451806198965
060372118041,17858.73181813501,20579.682588186843,12739.885765996816,92809.31883897645,19.24,22.17,13.73,4.412988738440054,5.08535031642709,3.148094332054753,22.93368213541305
060372118042,11151.846644253326,7067.317914744865,0.0,93153.89908863872,11.97,7.59,0.0,2.7556813190915457,1.7463722892727613,0.0,23.018829769451894
060372119101,3517.4098794334577,3517.409807717806,0.0,47602.129385965345,7.39,7.39,0.0,0.8691709100337806,0.8691708923124571,0.0,11.762742340568327
060372119102,2135.987112464824,3890.9204102054755,1309.6696984952814,42793.470788211125,4.99,9.09,3.06,0.5278139102345693,0.9614673722222035,0.3236264304426639,10.574496923424906
060372119103,2883.404088769908,0.0,0.0,47572.97702746462,6.06,0.0,0.0,0.7125046672794724,0.0,0.0,11.755538635900338
060372119211,19852.83216010841,19733.856485206186,6285.095750097975,92667.34765260507,21.42,21.3,6.78,4.905741664127197,4.876342134595169,1.5530809828856198,22.8986002912474
060372119221,6109.824714041162,4780.821300267728,1342.7194693748565,44684.065861087176,13.67,10.7,3.0,1.5097705666606558,1.1813666711290063,0.33179320668326373,11.041673140107886
060372119222,1662.354910372149,846.1250778706676,0.0,48211.87592832295,3.45,1.76,0.0,0.4107768442613253,0.2090820601361663,0.0,11.913413992515888
060372121011,7402.67479401988,7402.67867647023,0.0,46427.71038894946,15.94,15.94,0.0,1.829240778853652,1.8292417382280268,0.0,11.472537086308431
060372121012,50704.12648894511,68294.66727967482,2990.166454207445,139351.7062465879,36.39,49.01,2.15,12.529262518010185,16.87597981031718,0.7388862223172519,34.43455653016347
060372121021,21620.545282864066,35738.58176414361,7281.8159998399815,69563.42292083777,31.08,51.38,10.47,5.342553089650247,8.831195879924184,1.7993759204141666,17.18949615701537
060372121022,11014.123866997106,14516.555837404343,5305.058016915119,69099.30509630311,15.94,21.01,7.68,2.72164927968093,3.587119067791206,1.310908384975254,17.074810144938024
060372122021,11324.969223651387,15631.768609963689,0.0,135105.99029630137,8.38,11.57,0.0,2.7984608401142834,3.862694145371538,0.0,33.385417270666686
060372122022,19522.928330530965,26682.67953514561,6399.895437460811,71369.80355205393,27.35,37.39,8.97,4.8242206524719835,6.593433705098281,1.5814486034237247,17.635862531966936
060372122031,23640.213944182964,20519.92183537429,0.0,52797.546529194326,44.78,38.87,0.0,5.841624084642732,5.070583112806579,0.0,13.046557875626975
060372122032,10985.131818768561,13931.353110670425,4588.61315531988,53517.012028680314,20.53,26.03,8.57,2.714485188543901,3.4425123247659957,1.1338710041505722,13.224341672329924
060372122041,25091.486624181933,42788.57408245892,3132.398298106904,141580.46736193664,17.72,30.22,2.21,6.200241373846753,10.573286921082076,0.774032476360806,34.985295395770905
060372122042,13276.165703581013,12659.11429922481,0.0,71609.9715343378,18.54,17.68,0.0,3.2806119906046836,3.128135267946394,0.0,17.695209332845394
060372123031,11787.90655060637,7954.712208404353,0.0,52069.88826113281,22.64,15.28,0.0,2.9128551448868842,1.9656521947192749,0.0,12.866749601719897
060372123032,26232.57536436886,33344.595007377895,4331.320687074391,103582.25639835282,25.33,32.19,4.18,6.482210542278531,8.239628869166252,1.0702926506361419,25.595732980544703
060372123041,4835.347921741761,44970.80123624773,1212.4188027418234,205680.664620283,2.35,21.86,0.59,1.1948404927284628,11.112526994367066,0.29959521074948214,50.82479909141513
060372123051,4256.850773442982,6868.92861389605,0.0,108061.11565180286,3.94,6.36,0.0,1.051890734220426,1.6973492254075107,0.0,26.702483204906216
060372123061,12838.842868114096,16572.16966960287,2217.0471282476565,82898.55141677083,15.49,19.99,2.67,3.172547164522329,4.095072307945805,0.5478442763563206,20.484678170916574
060372123062,4398.526977064801,5906.1045571907225,0.0,79031.18415120813,5.57,7.47,0.0,1.0868996865612153,1.459430219589577,0.0,19.529030907486074
060372124101,2227.827319117427,47210.634028596,0.0,89518.22580332513,2.49,52.74,0.0,0.5505081195334841,11.666001730942952,0.0,22.120435335394497
060372124102,4145.365138169956,4145.492651239787,1820.3008297598783,45092.65645442644,9.19,9.19,4.04,1.0243420337881755,1.0243735429539382,0.4498061309228123,11.14263807453888
060372124103,1745.4980527949447,1194.0219770097199,0.0,22582.7229134944,7.73,5.29,0.0,0.4313219621860891,0.29504925610916577,0.0,5.580312360106329
060372124201,10617.862091641528,12779.808921969969,3346.4699941338104,80661.54150219887,13.16,15.84,4.15,2.6237308625208335,3.157959558740872,0.8269307444688577,19.93190098263044
060372124202,0.0,0.0,0.0,62796.2497539666,0.0,0.0,0.0,0.0,0.0,0.0,15.517291250161303
060372125011,3975.902976015479,6782.100444869903,0.0,79598.2588991223,4.99,8.52,0.0,0.9824670215647429,1.675893517578209,0.0,19.669158129389803
060372125021,34154.44032073784,88907.41101559457,8079.619210756551,199926.21804092664,17.08,44.47,4.04,8.439746004253458,21.969499714266554,1.996517387183435,49.40284437429085
060372125022,25338.089832237947,19167.958907841024,11842.293638556066,85164.03538700884,29.75,22.51,13.91,6.261178353644461,4.736505797869006,2.926294487001582,21.044491451589987
060372126101,30143.449302461086,38359.05875300039,3314.165413329689,198330.71381646814,15.2,19.34,1.67,7.448608538620805,9.478729845881569,0.8189481087061184,49.00858669427356
060372126102,7456.306559385186,3217.03299865743,0.0,158833.6892230935,4.69,2.03,0.0,1.8424934766930035,0.794946166325703,0.0,39.248659365309706
060372126201,0.0,638.7180448388714,0.0,149309.7313568944,0.0,0.43,0.0,0.0,0.15783066611987132,0.0,36.89523812370537
060372126202,28284.266457888843,19678.39228018229,14313.006439093033,139316.059530499,20.3,14.12,10.27,6.989194452595572,4.862636631054966,3.5368209160740776,34.425748034786274
060372127011,34799.49287131254,36370.31503441196,3091.2361368822453,469629.9134249901,7.41,7.74,0.66,8.599141960829586,8.987300570659345,0.7638610848093738,116.04807890527401
060372127021,7468.926623317073,11049.223748662287,0.0,285509.53961009235,2.62,3.87,0.0,1.8456119624050324,2.730322649329257,0.0,70.55094369786661
060372127022,14305.860285966806,22817.618798189822,0.0,259402.90650161388,5.51,8.8,0.0,3.5350550631797986,5.6383563972990585,0.0,64.09985416477272
060372127023,1318.8262770015303,24092.34863643255,0.0,335725.1372431672,0.39,7.18,0.0,0.3258890702673846,5.953349000245606,0.0,82.95948810658926
060372128001,13855.949106127238,20636.890238685533,1648.2052834042115,322458.5324377654,4.3,6.4,0.51,3.4238795894591996,5.099486634726409,0.40728039529179505,79.68123866537633
060372128002,6945.262343119354,3675.4298841190707,530.3400927358625,196041.60640177297,3.54,1.87,0.27,1.7162117006860464,0.9082185035710623,0.13104989092282715,48.44293593334599
060372128003,8082.145472317226,9841.272698852948,525.0708035395669,262790.97755886015,3.08,3.74,0.2,1.9971416400100714,2.4318314443724574,0.12974782120591571,64.93706475581142
060372129001,11632.166639574607,7449.6618951587625,1533.646228898989,181449.39884851524,6.41,4.11,0.85,2.874370974761718,1.8408515444046119,0.37897223642776423,44.83712291945019
060372129002,13408.727850592288,23994.155297465993,635.0687209491731,192179.84323062116,6.98,12.49,0.33,3.313368810510011,5.92908489776274,0.1569288985480102,47.48867347180267
060372131001,47985.87904082941,49400.289698823835,10426.647860210827,253239.3889082369,18.95,19.51,4.12,11.857568945421404,12.207077430616343,2.5764807969212,62.576815798681714
060372131002,24039.099194875194,23459.26549705889,3809.9680462068773,283816.2861598917,8.47,8.27,1.34,5.940190776676662,5.796910749590246,0.941463607435661,70.1325316581342
060372132011,10006.626391390446,14462.621497918544,5858.83289276133,119944.06707794215,8.34,12.06,4.88,2.4726912316439402,3.573791602258388,1.4477491369181643,29.638824450018163
060372132012,18249.573051482123,15894.641022295262,609.9181316979335,113779.67030474325,16.04,13.97,0.54,4.5095677104993905,3.9276513330979252,0.15071405259695864,28.115568833861886
060372132013,24953.612852610713,29909.007950951258,7097.667199448491,101227.25659176493,24.65,29.55,7.01,6.16617202292833,7.390676819024292,1.7538717608467065,25.0137998549827
060372132021,12838.565240646629,11287.494917046177,655.7185945731317,136600.5586986316,9.4,8.26,0.48,3.1724785612810744,2.7892007372853853,0.16203159344710724,33.75473316585327
060372132022,21417.323157498922,23957.33307545036,5491.0409261784025,201329.06830537852,10.64,11.9,2.73,5.292335808839325,5.919985928545098,1.356865762715131,49.74949622402954
060372133101,18456.541090886123,22215.6106750769,1097.4213378819022,155522.78804047516,11.87,14.28,0.71,4.560710626827827,5.489596950390908,0.2711787183275144,38.430517865578715
060372133102,15797.118393246588,19055.02896128746,514.2962698270634,156574.55148969474,10.09,12.17,0.33,3.9035529666451723,4.708600200346821,0.12708537594275668,38.69041427391134
060372133201,35536.78234055323,38917.33310662918,17896.77457703441,155806.94702010872,22.81,24.98,11.49,8.781330156378031,9.616682442998346,4.422389308889954,38.500735078638385
060372133202,15016.06392452853,19345.96201730025,1734.7182982730733,155641.20558209554,9.65,12.43,1.11,3.710550204205962,4.78049132413427,0.42865822683283966,38.459779477373225
060372134011,2997.444046455934,11146.658207069842,1365.2210868523548,93780.97151780584,3.2,11.89,1.46,0.7406845545259771,2.7543992283421024,0.33735347745366917,23.17378274126878
060372134012,2795.2921464576825,1866.3779068034178,0.0,35266.70807334905,7.93,5.29,0.0,0.690731732162597,0.4611920246225481,0.0,8.714593351556077
060372134013,11809.937457790169,15753.213645849377,4798.388877195611,67056.40431064361,17.61,23.49,7.16,2.9182991006106045,3.8927038672913645,1.1857077139272245,16.56999836699806
060372134021,8376.952886505615,5633.267740355897,1615.762931861482,127450.60759636527,6.57,4.42,1.27,2.0699901385524417,1.3920107738873204,0.39926371563813695,31.49373100832184
060372134022,28326.500385664833,34132.25286518912,8060.239525769147,123628.65574322478,22.91,27.61,6.52,6.9996306834295146,8.434263364586304,1.9917285627319088,30.54930613770242
060372134023,14163.064493626907,10821.649599098557,4752.563917626324,140776.48159147997,10.06,7.69,3.38,3.4997694544417417,2.6740878522892455,1.1743841198121385,34.786626185268034
060372140001,8342.72298461972,10576.178883399956,731.4797929474329,191633.34910526717,4.35,5.52,0.38,2.061531745589344,2.613430717447525,0.18075259327179852,47.35363183248751
060372140002,18591.117618840224,22768.778872236046,4253.4427966931935,292765.4076035883,6.35,7.78,1.45,4.593965211104452,5.626287788765422,1.0510486048256382,72.34390772627484
060372140003,13397.216079281754,13557.3772921379,0.0,274688.99327133945,4.88,4.94,0.0,3.310524189868959,3.3501008874680207,0.0,67.87712846714595
060372140004,28475.259145917484,41867.524207643844,6603.258610313735,252468.00048490777,11.28,16.58,2.62,7.036389773628328,10.34569054041561,1.6317007378279194,62.38620156807561
060372141001,8057.7043983064505,10979.92704883899,1889.5393507749168,182680.08576015104,4.41,6.01,1.03,1.9911021190931713,2.7131990618850055,0.46691534207045576,45.1412322782166
060372141002,697.3339121393432,0.0,0.0,494387.3001592961,0.14,0.0,0.0,0.17231496236918314,0.0,0.0,122.16576239838483
060372141003,17712.849484712322,16408.601945391343,11769.412241050495,203392.85633520858,8.71,8.07,5.79,4.376940428790321,4.054653843058799,2.908285101469108,50.25946935240807
060372141004,13854.093721273097,16391.121398411222,967.6242916430118,227839.64814306263,6.08,7.19,0.42,3.4234211138770485,4.050334305829021,0.23910516970334209,56.30040316773622
060372144001,8272.195161003396,6821.649511438245,743.0340711478814,130598.62629329777,6.33,5.22,0.57,2.0441039408305834,1.6856663047592495,0.1836077175940981,32.27162336929312
060372144002,4446.489444954392,2747.193534461565,0.0,106547.91232372443,4.17,2.58,0.0,1.0987514704851793,0.6788463062972552,0.0,26.328562519284013
060372144003,13870.924434662962,16234.264112322855,1630.2404763476106,107108.92120841345,12.95,15.16,1.52,3.427580073729616,4.011574026314252,0.40284119479108965,26.46719083374156
060372145011,471.9776928314135,2.3814542447725726,0.034062163152517144,90084.61848541412,0.52,0.0,0.0,0.11662822783109901,0.0005884701596011267,8.416943819399571e-06,22.26039401516231
060372145012,121355.96513732533,196989.09707072092,139531.54598726175,538543.9978648539,22.53,36.58,25.91,29.987712058574793,48.67706597653295,34.47899589788564,133.077120029247
060372145013,22345.96273966187,0.9094138217746419,0.9094138217746419,123732.57810967129,18.06,0.0,0.0,5.521807647035209,0.0002247210493411356,0.0002247210493411356,30.574985913706154
060372145031,32000.623171509134,0.0,0.0,64831.27134731666,49.36,0.0,0.0,7.907526195982775,0.0,0.0,16.02015603727999
060372145032,12919.067750640384,1.4044445804119832,0.0,115236.79314177729,11.21,0.0,0.0,3.1923711647221458,0.00034704581379219605,0.0,28.4756317283517
060372145033,12913.291674798635,1.8396630631585587,0.0,52250.03993577182,24.71,0.0,0.0,3.190943865297887,0.0004545906429928495,0.0,12.911266050003519
060372145041,0.0,0.0,0.0,62195.78813843136,0.0,0.0,0.0,0.0,0.0,0.0,15.368913953598078
060372145042,2113.5497195025864,0.0,0.0,71618.59441373716,2.95,0.0,0.0,0.5222695096875068,0.0,0.0,17.697340092748714
060372145051,22252.85791218705,11675.73185955736,843.052326868508,124379.35021466928,17.89,9.39,0.68,5.498800943125609,2.885136175064257,0.20832276682762402,30.734806781434003
060372146001,27455.67027587748,32911.280609206835,3135.9170529464955,193215.98341325123,14.21,17.03,1.62,6.784443876957417,8.132554549510976,0.7749019796177327,47.744709286884934
060372146002,19019.651325106217,23499.265415787333,2027.7895996391107,161090.89523966616,11.81,14.59,1.26,4.6998581960628485,5.8067949447662945,0.501077722553973,39.80642711908487
060372146003,23048.18348129563,24235.53807364634,4311.197170812218,226890.0933279583,10.16,10.68,1.9,5.695330171270776,5.988731880750389,1.065320021473717,56.06576306292588
060372147001,22808.403201801077,32408.668006405755,2914.862710406417,210921.03448271,10.81,15.37,1.38,5.63607917383797,8.00835627056561,0.7202782619793932,52.11972268529919
060372147002,2109.8031793916725,15378.706500198681,1873.2348987695325,186888.10823640716,1.13,8.23,1.0,0.5213437194642175,3.80016113620317,0.46288642423805215,46.18105727743428
060372147003,886.7475914125741,15057.761186661295,0.0,195542.4755102102,0.45,7.7,0.0,0.2191201018410942,3.7208538220714154,0.0,48.319598003984325
060372148001,58756.871929878376,61235.309746212806,34186.67466839216,202396.95373873497,29.03,30.26,16.89,14.519139252049975,15.131574574097943,8.447711285026923,50.013376461402316
060372148002,25584.682420175726,30535.42137344834,7048.177141205439,166413.78609792405,15.37,18.35,4.24,6.322112709153801,7.545466946746585,1.7416425011257248,41.12174209512278
060372148003,27105.281330454465,17143.234157089264,0.0,208269.5399819346,13.01,8.23,0.0,6.697860882936785,4.236185415968481,0.0,51.46452412522699
060372149021,65256.80338092116,100871.07703674282,37230.81619621887,321858.8993495172,20.27,31.34,11.57,16.12530729277033,24.925785970168157,9.19993503850058,79.53306610236442
060372149022,10004.281797007512,20777.278741209346,0.0,185343.13649421438,5.4,11.21,0.0,2.4721118697545594,5.13417738919616,0.0,45.79928644572374
060372149031,1807.4207443225,4.87344007270774,4.87344007270774,53607.840341368516,3.37,0.01,0.01,0.4466233924974793,0.001204253268223816,0.001204253268223816,13.246785837184762
060372149032,0.0,8040.081248152142,0.0,82870.53545915117,0.0,9.7,0.0,0.0,1.9867473438516376,0.0,20.477755277021803
060372149041,9382.103863898526,10193.522970495285,0.0,117497.93763556673,7.98,8.68,0.0,2.318368354253211,2.51887438211855,0.0,29.03437270104192
060372149042,2585.467738702828,2648.129894406161,0.0,58705.43963239232,4.4,4.51,0.0,0.6388829918432116,0.6543671477318387,0.0,14.506430054559951
060372151011,5868.068466702174,46874.943767450575,7138.369734574926,297703.2208491059,1.97,15.75,2.4,1.4500312969398848,11.583050860907798,1.763929576315805,73.56406795192208
060372151012,9974.182452403065,10560.243286965682,0.0,57258.4424643087,17.42,18.44,0.0,2.464674159724166,2.6094929458117266,0.0,14.148869267358739
060372151021,24340.611232791354,32793.632042286044,0.0,124609.65770250058,19.53,26.32,0.0,6.014696023822877,8.10348295550295,0.0,30.791717001069305
060372151022,1298.09069297003,1198.122463699322,0.0,45212.116228812374,2.87,2.65,0.0,0.32076519586533625,0.29606250843680093,0.0,11.172157227658499
060372151023,14455.166513667777,16387.294248384427,898.6474125778591,87926.66928326002,16.44,18.64,1.02,3.57194943553127,4.049388596461719,0.22206061168953298,21.727153154377255
060372161001,697.2227294807244,0.0,0.0,265159.92246443377,0.26,0.0,0.0,0.17228748853591264,0.0,0.0,65.52244379037789
060372161002,0.0,0.0,0.0,255558.95717365303,0.0,0.0,0.0,0.0,0.0,0.0,63.1499935997465
060372161003,4846.3393194693,4936.734223753824,0.0,154325.30283425853,3.14,3.2,0.0,1.1975565262567838,1.219893593562699,0.0,38.134612826895264
060372162011,30050.35838228815,30827.714850092114,5053.631382121681,297385.4577567683,10.1,10.37,1.7,7.425605271280342,7.6176942377930095,1.248779510473616,73.48554698177381
060372162012,10397.458627808264,11350.848702000108,0.0,164498.95206234098,6.32,6.9,0.0,2.5692679805136307,2.8048557984838154,0.0,40.648576300313714
060372162021,22440.336897874487,27583.851216257146,1310.6176466910636,263945.96985397086,8.5,10.45,0.5,5.5451280094009805,6.816118077126754,0.32386067354319376,65.22246956748639
060372162022,3483.4296565483573,1635.190006527858,887.545074036279,238609.99761988042,1.46,0.69,0.37,0.8607742140954185,0.40406425033436294,0.2193171640890382,58.961814483739964
060372163011,7549.5550687458035,54814.53398215014,4079.8106302846627,563890.8788745928,1.34,9.72,0.72,1.8655356851698033,13.544966329604108,1.0081431621102879,139.34047073016137
060372163021,3066.266086307991,50867.280656393494,0.0,361186.10062439204,0.85,14.08,0.0,0.7576908509369682,12.569578790795475,0.0,89.25102917542836
060372163022,10743.021252346125,37101.28845842616,2714.6475860329947,347813.723983307,3.09,10.67,0.78,2.6546583646708535,9.167928037442735,0.6708040272956026,85.94664294441043
060372164011,12941.014402760611,19731.777450445534,3269.7029189018695,192015.1372171887,6.74,10.28,1.7,3.1977943005662417,4.875828393917555,0.8079611870595504,47.447973729523504
060372164012,6814.233747185069,6159.680325763415,0.0,99584.31692189367,6.84,6.19,0.0,1.6838338295045978,1.5220901566135618,0.0,24.607820621131623
060372164013,15038.25850853326,17354.74473281567,1351.1727518863686,119923.57361168311,12.54,14.47,1.13,3.716034605352956,4.2884508174676945,0.33388205828292067,29.633760404220638
060372164021,0.0,0.0,0.0,109480.02015910903,0.0,0.0,0.0,0.0,0.0,0.0,27.05310214444959
060372164022,7290.539091152998,12763.917706927012,0.0,119966.55058969563,6.08,10.64,0.0,1.8015314432206424,3.1540327539857054,0.0,29.644380246766726
060372167001,13474.504665737042,12925.421896640191,5841.534542856498,191889.6732263431,7.02,6.74,3.04,3.329622615508051,3.193941308393326,1.4434746215661782,47.416970902205215
060372167002,18937.2045023043,18119.464049943814,660.9755440073749,197638.21665752892,9.58,9.17,0.33,4.679485142463625,4.477417076041955,0.1633306139424095,48.83746691964895
060372167003,11639.600546133683,13759.596436491896,2179.109595973265,388438.24434973905,3.0,3.54,0.56,2.8762079330777897,3.4000703262735787,0.5384697079717342,95.98518054647825
060372168001,7599.425123459468,7088.042433047018,1366.436478095892,196283.04691667014,3.87,3.61,0.7,1.8778588440636117,1.751493429273538,0.3376538071705353,48.502597183881285
060372168002,989.0446587607197,1500.0363133909418,0.0,175130.058353619,0.56,0.86,0.0,0.24439825769113,0.37066704543506906,0.0,43.27557987583795
060372168003,15240.920986764007,14760.680904489347,2397.0862132269067,153609.59484746004,9.92,9.61,1.56,3.7661135943452457,3.647443685618943,0.5923329031291176,37.95775753179833
060372168004,20205.69052367216,24821.306192285858,0.0,214825.80026334844,9.41,11.55,0.0,4.992934864659497,6.13347833515811,0.0,53.08461132306378
060372169011,18314.079634818132,20398.774216568214,1502.494585749408,285900.27221106924,6.41,7.13,0.53,4.525507634381778,5.040646884247665,0.37127449776395804,70.64749582628268
060372169012,470.74740484380004,4527.989133982993,0.0,228123.3390446491,0.21,1.98,0.0,0.11632421704860532,1.1188904822320471,0.0,56.370504716191505
060372169013,11599.280245849057,13642.122946179898,8547.092445837185,189162.49411460824,6.13,7.21,4.52,2.8662445698950867,3.371041994637753,2.1120325392637245,46.743070267470685
060372169021,0.0,421.02589446331535,0.0,155176.31412813126,0.0,0.27,0.0,0.0,0.10403776425891204,0.0,38.34490229730055
060372169022,18022.113641841195,19713.423618193723,3554.3983207571036,236216.81828039032,7.63,8.35,1.5,4.453361266311773,4.871293063197586,0.878310952936936,58.370446990135925
060372170011,14208.423613356163,11723.711975773886,0.0,268373.749561927,5.29,4.37,0.0,3.510977937025454,2.8969923199847805,0.0,66.31659776127347
060372170012,25000.27981389253,29130.414211024257,1147.4727643945657,183142.64621542912,13.65,15.91,0.63,6.177703680197786,7.198282115911683,0.2835466951689019,45.25553345596972
060372170013,5045.691879497685,6116.553814899959,0.0,97030.10255985032,5.2,6.3,0.0,1.2468176166490537,1.5114333636953,0.0,23.97666050684999
060372170021,18280.730956366944,21780.842503073047,1650.5905956425877,184955.61568549305,9.88,11.78,0.89,4.517266996471672,5.382163395398114,0.40786981878237727,45.70352796845819
060372170022,13556.511593849911,18474.705277138557,1778.3103057722108,160412.12549898328,8.45,11.52,1.11,3.349886968762332,4.565199095000776,0.4394300464748336,39.638699463385066
060372170023,16532.801249881923,15952.733892749664,0.0,425985.19945644593,3.88,3.74,0.0,4.0853441595729,3.942006394012083,0.0,105.26323521105158
060372171011,15714.92252593689,14491.762514994118,0.0,207652.62681366233,7.57,6.98,0.0,3.883241925498585,3.580992504399189,0.0,51.312081561448956
060372171012,15281.928045681505,15029.798977827046,2498.7199709340553,188276.07556943415,8.12,7.98,1.33,3.7762466592819006,3.7139442097907636,0.617447151597284,46.524031474725874
060372171021,12987.020459154754,17254.05277201579,4102.16914631294,205680.48286321235,6.31,8.39,1.99,3.209162644681316,4.263569292083564,1.013668071742495,50.824754178264854
060372171022,8387.588835792947,9597.314351063824,0.0,128261.26915017783,6.54,7.48,0.0,2.0726183388583532,2.3715480237799267,0.0,31.694049840817456
060372171023,4312.792701443321,2986.0294433991044,1452.0191118754076,167983.5416192363,2.57,1.78,0.86,1.0657142856789583,0.7378639446833231,0.35880173653758723,41.509637132026825
060372172001,61471.13495800706,57166.0836810929,47472.92950029696,243421.97648155893,25.25,23.48,19.5,15.189848253017937,14.126046915000357,11.730816353534726,60.15088035596697
060372172002,100932.08663720055,99748.56492745738,62853.38971252555,271548.1867493736,37.17,36.73,23.15,24.940861770762424,24.648407187201666,15.531410841418031,67.10101827342102
060372172003,22344.06861125277,23485.060016314197,3991.93240259276,231392.46207491157,9.66,10.15,1.73,5.521339597712131,5.803284714110592,0.9864279791338217,57.17832260964761
060372172004,8683.780933167654,10318.07258542178,5888.056736174822,172720.79665344124,5.03,5.97,3.41,2.14580900006769,2.5496512622265497,1.4549705058927918,42.68023834436129
060372181101,30983.41383051587,33661.11936403743,6177.886897123208,334183.8105629426,9.27,10.07,1.85,7.6561682937446704,8.317843741062255,1.5265890983746326,82.57861798930685
060372181102,20011.255899746782,14852.5625993016,3179.825226855761,264436.92810824927,7.57,5.62,1.2,4.9448890227439914,3.6701481468653747,0.7857519256811083,65.34378799419432
060372181201,22204.180305117206,20561.581552235835,642.0464031061995,222477.64329074704,9.98,9.24,0.29,5.486772444461707,5.080877453033466,0.15865312135917883,54.975422913275985
060372181202,12930.235260961972,13024.080789364318,0.0,131591.76060314238,9.83,9.9,0.0,3.1951307166202003,3.2183204517150497,0.0,32.51703220177539
060372181203,9872.107282829775,9349.918690392624,0.0,91153.59766894046,10.83,10.26,0.0,2.4394508360084326,2.3104152246764484,0.0,22.524544524088046
060372182101,780.8884783997087,234.2511887961482,0.0,87896.19522531921,0.89,0.27,0.0,0.19296174533827432,0.05788472936660917,0.0,21.71962285066494
060372182102,3944.5778626956253,3950.012640811301,0.0,157314.37140271103,2.51,2.51,0.0,0.9747264174883382,0.9760693804078017,0.0,38.873227755734234
060372182103,14002.413825817419,10110.998112684863,0.0,143279.67615533297,9.77,7.06,0.0,3.4600718098897234,2.4984820456487817,0.0,35.405179032855465
060372182201,3980.821017634291,3980.818589076987,3980.818589076987,300907.93832213193,1.32,1.32,1.32,0.9836822961150308,0.9836816960054517,0.9836816960054517,74.35597088558866
060372182202,2162.000063994572,659.6971616635982,0.0,292582.7867438032,0.74,0.23,0.0,0.5342418505454146,0.16301471878568968,0.0,72.29878112905376
060372182203,4063.135931845413,3749.8077548658916,455.7742135360781,79300.65574968758,5.12,4.73,0.57,1.004022754391607,0.926597675694671,0.11262426089872984,19.595618789622907
060372183001,13830.238981504815,17261.00417679141,0.0,193082.39624931567,7.16,8.94,0.0,3.4175264793068076,4.265287021612376,0.0,47.71169917978152
060372183002,12201.421010747312,10138.914206553252,0.0,136316.2020137955,8.95,7.44,0.0,3.0150367933022006,2.5053802626732034,0.0,33.68446709877411
060372183003,7676.177703884787,10236.44971671969,0.0,153184.35716119633,5.01,6.68,0.0,1.8968248197281996,2.5294818121194753,0.0,37.85267901111992
060372183004,12131.70156890467,9177.068473262814,0.0,203370.37564971708,5.97,4.51,0.0,2.9978087440299963,2.2677030058359042,0.0,50.253914254044055
060372183005,11191.936708859119,8265.561902617452,0.0,214872.6132560688,5.21,3.85,0.0,2.7655877897990035,2.0424648269867545,0.0,53.09617906548757
060372184001,3819.4169566213786,4752.248638534359,0.0,133946.04743705716,2.85,3.55,0.0,0.9437984840480854,1.17430621265185,0.0,33.098789147953035
060372184002,7492.712182966637,8713.540951842624,0.0,186392.98408714135,4.02,4.67,0.0,1.851489502195648,2.1531628608348385,0.0,46.05870943565634
060372184003,445.92615675040935,0.0,0.0,151268.95587166052,0.29,0.0,0.0,0.11019075306999687,0.0,0.0,37.37937304480647
060372184004,6568.296026534643,9375.396759587235,0.0,185071.97011321815,3.55,5.07,0.0,1.6230612952261092,2.3167109926838294,0.0,45.732279773706594
060372185001,20773.33417082054,24058.230840386674,1576.8444375428255,249161.72992461908,8.34,9.66,0.63,5.13320266462551,5.94491830923887,0.3896467462533977,61.56920432004182
060372185002,2971.4177665502048,5572.539884949018,0.0,274106.4579245017,1.08,2.03,0.0,0.7342533207017008,1.377004594011321,0.0,67.7331808480475
060372186001,0.0,0.0,0.0,142882.0410753656,0.0,0.0,0.0,0.0,0.0,0.0,35.3069212647354
060372186002,2885.129017221752,3265.147092641969,0.0,136029.58805375927,2.12,2.4,0.0,0.7129309063825688,0.8068354178736995,0.0,33.61364324684554
060372186003,10697.629806117493,6965.330701103882,0.0,151724.9047386906,7.05,4.59,0.0,2.643441894035181,1.721170699941233,0.0,37.49204046352346
060372187011,34912.39122140109,39811.244072344874,33581.79621172495,228461.23230650226,15.28,17.43,14.7,8.62703975069523,9.837572653179205,8.2982425632509,56.45399995955692
060372187012,3981.0588688797757,4667.596474743219,0.0,321454.68576707796,1.24,1.45,0.0,0.9837410704377787,1.1533882074262192,0.0,79.43318275088156
060372187021,23779.751037838945,23220.393214734046,1157.9690932527456,236854.97464656096,10.04,9.8,0.49,5.876104451399414,5.7378841231444335,0.28614039451540724,58.52813886243422
060372187022,8449.845837353787,3004.1703521522945,0.0,122823.93233155759,6.88,2.45,0.0,2.0880023789780466,0.7423466608609411,0.0,30.35045465208684
060372188001,8243.391306093057,22199.045666000224,2195.536460802574,226716.27704246916,3.64,9.79,0.97,2.036986353275239,5.485503647504008,0.5425288746716901,56.02281212339488
060372188002,8802.156904947575,9060.874138429466,0.0,184937.17939651868,4.76,4.9,0.0,2.175060339730914,2.2389907604025865,0.0,45.698972262238335
060372189001,2397.4097326394876,1207.1868242431647,0.0,352920.8268461807,0.68,0.34,0.0,0.5924128465169755,0.2983023607067431,0.0,87.20863554553289
060372189002,525.9613982224104,0.0,0.0,196783.3807578033,0.27,0.0,0.0,0.12996789194475236,0.0,0.0,48.62623236855543
060372189003,0.0,0.0,0.0,153717.05081605283,0.0,0.0,0.0,0.0,0.0,0.0,37.98431047990837
060372190101,10756.597176516168,10395.244554182618,0.0,198678.74042511737,5.41,5.23,0.0,2.6580130485916613,2.5687208710057687,0.0,49.09458594216455
060372190102,11979.9620776569,9111.532671244715,0.0,242187.24177183854,4.95,3.76,0.0,2.960313099161583,2.251508756478465,0.0,59.84577076451076
060372190201,17599.37135291279,16705.528652531542,1661.5723917997566,293581.1295297407,5.99,5.69,0.57,4.3488993717438165,4.128026030294468,0.41058347971098913,72.54547700400786
060372190202,10315.221097131502,9004.605607889043,0.0,234757.2889495028,4.39,3.84,0.0,2.5489466441248316,2.2250865036987983,0.0,58.009789438064445
060372190203,9454.610577734606,7642.890617845141,0.0,198174.7709790555,4.77,3.86,0.0,2.336285153434606,1.8885994016344425,0.0,48.97005237994763
060372193001,11711.708128174945,20476.778258161226,605.3172201334486,252441.1632617382,4.64,8.11,0.24,2.894026104644771,5.059922102701488,0.1495771425897199,62.37956994580678
060372193002,30930.67355285852,31030.653061938552,3617.4332152216393,191452.97475444936,16.16,16.21,1.89,7.6431358873154664,7.667841362045588,0.8938872145793376,47.309060359721784
060372193003,25213.81342749248,24899.86399597159,4151.869185031613,207932.35668658637,12.13,11.97,2.0,6.230468985242465,6.152890391205096,1.0259492187690056,51.38120431840561
060372195001,25418.40354518511,28565.715756617796,0.0,258043.22697246892,9.85,11.07,0.0,6.281024304319314,7.0587420889216554,0.0,63.76387003605026
060372195002,4199.944635599277,0.0,0.0,299559.5758287776,1.4,0.0,0.0,1.037828921320734,0.0,0.0,74.02278325731234
060372197001,11064.839377424229,12465.937242855363,464.55211806204073,239774.6886704025,4.61,5.2,0.19,2.734181355231326,3.080400177741518,0.1147933283451002,59.24961591007062
060372197002,24295.57865013184,17409.655089587213,0.0,179994.9687827463,13.5,9.67,0.0,6.003568230306346,4.302019462124225,0.0,44.477725423231036
060372197003,45075.73669970268,48650.76854247126,21742.43939751463,672744.3952980055,6.7,7.23,3.23,11.138457112093533,12.021866719358128,5.372673781349577,166.23876043001113
060372198001,13429.234854343711,5013.419602834505,1097.8992018679821,106421.73190204974,12.62,4.71,1.03,3.3184362014947553,1.2388429634133848,0.2712968010900841,26.2973826580524
060372198002,5807.76256462096,4428.734146450744,0.0,159396.41021908613,3.64,2.78,0.0,1.4351293840013848,1.094364040675372,0.0,39.38771075168405
060372198003,26574.843360599163,21194.441283525008,5875.396939800692,180324.72539432862,14.74,11.75,3.26,6.566786806051022,5.237260498348884,1.4518422020804658,44.55921005652741
060372199011,13617.76405630422,13171.63118414447,13171.63118414447,166750.40477086947,8.17,7.9,7.9,3.365022781862907,3.25478094830283,3.25478094830283,41.204922380709924
060372199012,12919.794015114287,3593.7535309049795,0.0,150274.64661005515,8.6,2.39,0.0,3.1925506285820155,0.8880358371532473,0.0,37.13367387542114
060372199013,19820.47416687098,16403.255968786496,2628.879481110118,207876.3851679945,9.53,7.89,1.26,4.897745829864749,4.0533328234705435,0.6496102670109194,51.36737345495267
060372199021,9955.523661108096,10190.866359748936,882.2438545589755,262275.90298084315,3.8,3.89,0.34,2.4600634719835064,2.518217919306663,0.21800720422785796,64.80978705572649
060372199022,41189.08481997145,86684.67236118035,0.0,378825.70107233286,10.87,22.88,0.0,10.178044516722474,21.420249031165714,0.0,93.60986937304516
060372199023,17580.617175665633,14025.53287873078,287.7592307361329,159732.47820668077,11.01,8.78,0.18,4.344265113621055,3.465784652279039,0.07110685448175016,39.470754959957524
060372200001,28189.40660450932,27691.341115068444,9938.587982820834,275229.30568536336,10.24,10.06,3.61,6.965754072340306,6.842679409576387,2.4558785747399274,68.01064257232477
060372200002,24491.486206533842,27532.700013413538,3389.7845247688724,250112.3787308309,9.79,11.01,1.36,6.051978041763363,6.80347833963558,0.837633998084506,61.8041147559421
060372200003,5726.806468877661,4337.602864738231,0.0,163950.0602908098,3.49,2.65,0.0,1.4151246970806446,1.0718450105442097,0.0,40.512942189725315
060372200004,697.6934939328564,3056.4444225876587,697.6946970522988,152564.3922614569,0.46,2.0,0.46,0.17240381696543788,0.7552638649767133,0.17240411426272664,37.69948234807355
060372200005,7821.732816906557,7223.177628530512,1197.254010385871,129957.66407881268,6.02,5.56,0.92,1.9327922714559405,1.784886063303127,0.2958479089494942,32.11323815677674
060372201001,9.703567907794202,20168.462043445343,0.0,372207.4701645074,0.0,5.42,0.0,0.0023978038494480297,4.983735506851606,0.0,91.97446889992916
060372201002,14574.20185785076,11490.739126099541,0.0,205237.55254362893,7.1,5.6,0.0,3.6013637096636817,2.839423475094509,0.0,50.715303712680814
060372201003,123038.85120736435,113130.03180499411,44034.72739059403,403938.3112373121,30.46,28.01,10.9,30.403562262877564,27.955039664565618,10.881218109655372,99.81533048749856
060372211101,15474.296376440614,18212.737172532532,4986.07195144843,94548.84999284113,16.37,19.26,5.27,3.8237819090363323,4.500465366579873,1.2320852115853977,23.3635296447628
060372211102,17217.470135347136,18444.05534678564,1893.2170599229898,139687.1304509021,12.33,13.2,1.36,4.254529525694481,4.557625332268976,0.4678241237924156,34.51744165612385
060372211201,23188.91755015984,21824.98232344681,3856.1555282806917,125566.87847007022,18.47,17.38,3.07,5.7301063170428925,5.3930705825494645,0.9528767828125188,31.02825140398789
060372211202,28717.69834136509,16476.074804382664,1934.2938376983116,191943.58445650854,14.96,8.58,1.01,7.096297803502002,4.07132674961853,0.47797441663402845,47.43029265730061
060372212101,7133.946151645671,9716.676347585682,0.0,137873.44746854086,5.17,7.05,0.0,1.7628364851686198,2.401043015463143,0.0,34.06927083090697
060372212102,23849.59599523928,20584.68444503305,1835.714358000868,220926.0505599735,10.8,9.32,0.83,5.893363516241381,5.086586302171116,0.45361489669855704,54.5920159996565
060372212201,8591.088665588699,16845.33014085068,0.0,215432.10554655697,3.99,7.82,0.0,2.122904241928536,4.162571730395245,0.0,53.23443262135658
060372212202,35400.97419993862,31754.78090470118,3233.7785310306463,443983.5662917582,7.97,7.15,0.73,8.74777123398511,7.846777248862442,0.7990840774906574,109.7107285136774
060372213021,19553.42408019267,12110.785870480682,1043.4158427573861,228050.12157490468,8.57,5.31,0.46,4.831756316325267,2.992640362392285,0.2578336698534477,56.352412285400256
060372213022,69929.78292342597,68498.16209796838,31191.571701322428,234105.8643938282,29.87,29.26,13.32,17.28002568520924,16.926264475018204,7.707605223815718,57.848818924737394
060372213031,23159.61085770409,18973.5709006121,442.62932763676963,138755.4391764862,16.69,13.67,0.32,5.722864475624073,4.6884714751900605,0.10937608885423887,34.28721572834968
060372213032,21609.029387302533,24231.333155295368,0.0,95216.57802258883,22.69,25.45,0.0,5.339707449884578,5.987692822797233,0.0,23.528528834269924
060372213041,4412.699609325323,5725.425583424934,0.0,173681.1935708383,2.54,3.3,0.0,1.0904018202623453,1.414783472854086,0.0,42.91755759099458
060372213042,3553.2295289193235,0.0,0.0,53575.23575676516,6.63,0.0,0.0,0.8780221381840057,0.0,0.0,13.238729068868771
060372214011,898.7410489110322,268.4993806250252,0.0,231947.13275726282,0.39,0.12,0.0,0.2220837497313609,0.06634764187304447,0.0,57.31538472019867
060372214012,9509.672450972266,22021.235199839677,446.0028631976728,310376.16633220424,3.06,7.1,0.14,2.349891238625295,5.441565724434552,0.1102097076459089,76.69562097983568
060372214021,15016.996144533667,17260.975896887267,934.7109562352175,264990.618694483,5.67,6.51,0.35,3.7107805607859428,4.265280033495874,0.2309721074020423,65.48060791772038
060372214022,28270.928372701936,28821.64734001885,3609.7960370047745,267336.63127369253,10.58,10.78,1.35,6.98589853996742,7.121984160467469,0.8920000267427265,66.06032025103272
060372215001,5134.1188738922665,13247.891608341743,0.0,210624.40422514116,2.44,6.29,0.0,1.2686684028309219,3.273625309514945,0.0,52.046423752347934
060372215002,15209.53051398112,7426.108237615944,617.7472701042481,170106.71748875472,8.94,4.37,0.36,3.758356839593796,1.8350313088725467,0.15264867482941025,42.03428531518606
060372216011,20283.759091082848,19199.99543326081,3761.5812035894264,206330.54290956896,9.83,9.31,1.82,5.01222602779011,4.744422195703745,0.9295069582326841,50.985387513996365
060372216012,6746.275469321185,5274.244824253772,0.0,163575.5241078666,4.12,3.22,0.0,1.667040973329191,1.3032942792484508,0.0,40.42039228336588
060372216021,12216.587628717032,29261.745696223898,0.0,277479.23118031,4.4,10.55,0.0,3.018784546221175,7.230734832660589,0.0,68.56661127002626
060372216022,14589.629025658158,24516.04629194311,520.5086425479341,245326.95442578834,5.95,9.99,0.21,3.6051758458496868,6.058046971037286,0.12862048667376366,60.621610657562314
060372217101,9728.492182209104,13766.983135485803,1320.0765795857035,195182.10447388978,4.98,7.05,0.68,2.403962771785116,3.4018956193462513,0.3261980267643961,48.23054838158465
060372217102,12587.323835629852,13541.439825084246,0.0,132807.96591162888,9.48,10.2,0.0,3.1103954580540574,3.346162653592107,0.0,32.817563078471345
060372218101,10058.007229256913,12168.168810449179,1975.3848106899216,182500.5670781383,5.51,6.67,1.08,2.485387713185036,3.006819995662908,0.48812821718997723,45.09687224581736
060372218102,25223.967394186104,24282.928156738337,16333.294137058028,121842.84971403894,20.7,19.93,13.41,6.232978085055698,6.0004422253105965,4.036044878353139,30.108023857634088
060372218201,0.0,985.4192183143838,0.0,74158.46903583503,0.0,1.33,0.0,0.0,0.24350239184665168,0.0,18.324956780120985
060372218202,0.0,1696.6280952827,744.4231571133209,130109.76087630622,0.0,1.3,0.57,0.0,0.41924593269274174,0.18395096821147872,32.15082209394131
060372219001,64212.36460748229,3847.665869363573,0.0,268696.6197662845,23.9,1.43,0.0,15.867220851240617,0.9507789424072781,0.0,66.3963807262856
060372219002,14235.184525715229,16292.576260629367,2330.739948088926,141339.69329833076,10.07,11.53,1.65,3.5175907024823507,4.025983271965702,0.5759383839732752,34.92579882893617
060372220011,4573.128076691354,5779.63502291154,2893.5755432385317,233358.43761145705,1.96,2.48,1.24,1.1300445578890213,1.4281789170775447,0.7150180884160175,57.6641257445608
060372220012,14375.259832341477,16365.916908644353,4432.2063597904,240951.31686015002,5.97,6.79,1.84,3.55220406456036,4.044106140770494,1.095222043277203,59.5403670677432
060372220021,13048.500261972707,13578.894051464116,505.39545548342244,168409.4686856501,7.75,8.06,0.3,3.2243546348091727,3.3554177944892625,0.12488593681900288,41.6148860022502
060372220022,5044.337247293176,4129.246463268182,301.01137243415144,160990.56598442674,3.13,2.56,0.19,1.246482879741411,1.0203590224778274,0.07438153001129597,39.78163522019662
060372220023,5825.558383140298,1655.8975899328966,200.65465626126064,143709.737560464,4.05,1.15,0.14,1.4395268265251262,0.40918120563092814,0.04958284537860175,35.51144952042468
060372220024,6663.67154604448,6187.547586628415,857.0969520432511,182611.35533791446,3.65,3.39,0.47,1.6466290993572166,1.5289763067400528,0.21179326928899228,45.12424862101143
060372221001,13805.943050480035,6901.312657312432,0.0,160009.32253845554,8.63,4.31,0.0,3.4115228240028292,1.7053514968093648,0.0,39.53916468416775
060372221002,4197.839331697245,2318.9093002877253,1307.9000574990612,165090.7781798867,2.54,1.4,0.79,1.0373086893969181,0.5730149672353558,0.323189142629233,40.794819718852075
060372221003,5938.595726750897,6071.540149458954,909.9145461377857,153848.42746877,3.86,3.95,0.59,1.4674589624380583,1.500310244725265,0.22484478102590014,38.01677435779393
060372222001,20303.01039330223,19636.108355847082,5041.49347897854,254494.22214202536,7.98,7.72,1.98,5.01698312816877,4.852188045802186,1.2457801692872186,62.88689184359469
060372222002,13384.97991215504,17683.159206241395,0.0,227387.45812216136,5.89,7.78,0.0,3.3075005671234163,4.369603801202897,0.0,56.18866458012577
060372225001,17561.763356424017,19005.842235788157,12248.394441369785,160429.50161772454,10.95,11.85,7.63,4.3396062334252425,4.6964458957791955,3.026644180794988,39.64299319583504
060372225002,8339.253164945354,6448.02878749986,0.0,243790.49741326022,3.42,2.64,0.0,2.0606743344750877,1.5933426132464166,0.0,60.24194386137365
060372225003,4702.428193588081,3889.0202420536516,0.0,248259.80834643453,1.89,1.57,0.0,1.1619953125985358,0.9609978304461952,0.0,61.34633464441106
060372226001,2087.5311854826514,15221.873626580791,6066.097832759708,154893.12544536937,1.35,9.83,3.92,0.5158401899132944,3.7614068891412296,1.4989654189812325,38.27492484981949
060372226002,4739.014773524767,6534.865761064364,0.0,280249.5385294749,1.69,2.33,0.0,1.1710360533903699,1.6148004967245273,0.0,69.25116912432296
060372226003,12777.722370145611,6808.108335441661,252.73263849221883,216812.17993662428,5.89,3.14,0.12,3.157443960556363,1.6823202072990997,0.06245159504382292,53.57545642996723
060372227001,18243.08498285734,43440.69958089282,0.0,821899.8511611959,2.22,5.29,0.0,4.5079644738268785,10.734430641137049,0.0,203.09587624899373
060372240101,63615.41578954824,126676.44503261344,4552.040063619649,490537.7654631316,12.97,25.82,0.93,15.719711585868652,31.302431272688345,1.124833596374553,121.21452165881801
060372240102,19788.04361897155,34337.031777217504,697.1556037471503,339881.4031484353,5.82,10.1,0.21,4.889732066954872,8.48486533575951,0.17227090140591153,83.98652377858951
060372240201,83261.33186712048,133247.3445324476,4209.844172581703,784524.5266179919,10.61,16.98,0.54,20.574323172489056,32.92613590017727,1.0402751501831247,193.86023242028617
060372240202,20573.36488602502,89797.36162822801,1719.3390291323096,447843.8541232981,4.59,20.05,0.38,5.083789178224397,22.189411299888278,0.42485792666512506,110.66462641086312
060372242001,11265.2051721519,14789.970857198885,665.0857471168074,148268.9934623883,7.6,9.98,0.45,2.783692821370479,3.6546813905563886,0.16434626724967336,36.6380661892761
060372242002,15620.309586263922,28960.136607538778,1458.6438407768953,219936.61622649382,7.1,13.17,0.66,3.859862558948966,7.156205603747089,0.3604387426999059,54.3475214512453
060372243101,21309.667918614203,20742.332432903746,12535.139039208765,112065.37225646879,19.02,18.51,11.19,5.265733619967778,5.125541968351436,3.0975003140276383,27.691956560694607
060372243102,9534.793098665004,10916.433250162367,0.0,68733.4347820727,13.87,15.88,0.0,2.3560986858561113,2.6975094025422193,0.0,16.984401621372605
060372243201,16858.398258083358,17719.220545557237,1187.6618608296142,150188.56509887462,11.22,11.8,0.79,4.165800932489084,4.378514752210754,0.29347763717430525,37.11240267076361
060372243202,30793.06216332701,38194.24079629976,0.0,140591.04674595853,21.9,27.17,0.0,7.609131372411056,9.438002441818421,0.0,34.74080423702816
060372244101,2421.5028352308773,11976.561424268557,0.0,246907.0397177534,0.98,4.85,0.0,0.5983663818235483,2.9594727794088187,0.0,61.01205823638399
060372244102,20564.662297581228,23093.931413744816,4498.252488611599,206376.64204589513,9.96,11.19,2.18,5.081638721787242,5.706634731569966,1.1115423971339948,50.996778858663546
060372244201,1929.3314900643434,1732.4498625940855,0.0,105799.19256943706,1.82,1.64,0.0,0.47674819382896405,0.42809768416904964,0.0,26.14354983878883
060372244202,7528.92604712021,20459.321367400047,1668.1338345020906,252869.96525466707,2.98,8.09,0.66,1.8604381429117165,5.055608411050716,0.41220484751292435,62.48552922584335
060372246001,18103.45919041746,7840.357692230015,0.0,228583.3731015367,7.92,3.43,0.0,4.473462189123366,1.937394578377522,0.0,56.48418160730661
060372246002,33932.18078095935,33452.84068398976,512.7785722817133,490361.9874273376,6.92,6.82,0.1,8.384824475891778,8.266376958377597,0.12671034471186118,121.17108596022959
060372247011,8624.28811825569,41673.11804302593,4045.101150279352,235494.8467698335,3.66,17.7,1.72,2.1311080053443137,10.297651730948132,0.9995662628130486,58.192043944611356
060372247021,84561.53298664051,88270.48238357929,17406.176715417776,395577.8485458367,21.38,22.31,4.4,20.89560986611209,21.812111221685058,4.3011599371482,97.74941516487952
060372260011,135757.2338548617,132661.46246557165,43946.95433271377,1034784.0546973954,13.12,12.82,4.25,33.54634305863277,32.78136128854712,10.859528914705331,255.70070857213997
060372260021,205431.53421121702,396572.5401318518,2343.474494525997,1142413.8822522615,17.98,34.71,0.21,50.76323762664781,97.99520880868397,0.579085158928419,282.2966181673304
060372260022,237654.14203942814,259980.24138102328,19536.002737425308,1425970.0828509675,16.67,18.23,1.37,58.72561742590479,64.24251672038348,4.827451408775067,352.3648812836537
060372264101,3830.78012122038,9002.097006260357,0.0,142840.46040831527,2.68,6.3,0.0,0.9466063831709959,2.2244666147363925,0.0,35.29664645814227
060372264102,15268.603134964524,15628.381464919266,1982.6133307656282,139650.95387646655,10.93,11.19,1.42,3.772954002136165,3.8618571636032515,0.4899144234007278,34.50850222989778
060372264201,11110.36011496839,13159.24751954713,1793.7073148501681,127178.70963810188,8.74,10.35,1.41,2.7454297744468428,3.251720878138543,0.4432347302764956,31.42654355962502
060372264202,1277.176765184986,1883.0207435339964,0.0,130788.95540561962,0.98,1.44,0.0,0.3155972517620362,0.4653045591415535,0.0,32.31865471719771
060372264203,16125.765188155863,19510.94181784687,0.0,168983.78997174627,9.54,11.55,0.0,3.98476335826919,4.821258720682719,0.0,41.75680388273571
060372267011,25469.663822255116,10724.906203369206,0.0,186995.24763145926,13.62,5.74,0.0,6.29369099463881,2.6501820385831154,0.0,46.20753199851879
060372267012,18293.275284978823,13981.611217890852,48.82566462741021,189121.50990407757,9.67,7.39,0.03,4.52036676757856,3.454931373522517,0.012065084483144082,46.73294284849337
060372267021,15005.71508128785,18313.38819170028,1005.8700873969578,195395.97926114078,7.68,9.37,0.51,3.70799294934923,4.525336775066378,0.2485559116526362,48.28339799247452
060372267022,8098.125546072577,5654.69913371244,0.0,211233.51331379276,3.83,2.68,0.0,2.001090402231261,1.3973065865180618,0.0,52.19693788605431
060372270101,13451.423282130156,15116.142878079538,0.0,334759.7357187892,4.02,4.52,0.0,3.323919081407081,3.7352802522000186,0.0,82.72093219463886
060372270102,3298.101582856958,3512.6798151493326,0.0,114983.24361342963,2.87,3.05,0.0,0.8149786497493304,0.8680020856944877,0.0,28.412978275428532
060372270103,19821.241296899476,14623.276898251836,0.0,129461.64854227334,15.31,11.3,0.0,4.897935391823076,3.613490416242506,0.0,31.990670048406542
060372270201,10812.364738842707,11256.283555860584,2136.9891921385356,168259.37074965524,6.43,6.69,1.27,2.6717935133538546,2.7814882419735096,0.5280615295146023,41.57779599451876
060372270202,20097.843547947294,14492.696148728428,0.0,271871.0399930573,7.39,5.33,0.0,4.966285296582924,3.5812232103192563,0.0,67.18079704735939
060372281001,98613.79608825536,35434.21745168527,1447.23463056225,641412.225783958,15.37,5.52,0.23,24.367999700313597,8.755985820389176,0.3576194654575769,158.49641273004852
060372281002,2385.675349200718,4313.4486900699585,552.7983909290323,184977.88600975063,1.29,2.33,0.3,0.5895132172210562,1.0658763839987817,0.1365994572649537,45.70903108542925
060372281003,3257.308136995519,2445.668721924851,0.0,176947.95839873966,1.84,1.38,0.0,0.8048983697483794,0.604337902473555,0.0,43.724792759956664
060372282101,2005.43979584417,10847.97607165005,0.0,207899.84085196,0.96,5.22,0.0,0.4955549657615078,2.6805932653317672,0.0,51.37316948068654
060372282102,14407.612831818858,13856.045125965025,0.0,203144.5038681715,7.09,6.82,0.0,3.560198664837825,3.4239033164778445,0.0,50.198100121302566
060372282201,2166.7436176804144,5757.290589024713,0.0,90526.00924094766,2.39,6.36,0.0,0.5354140081884646,1.4226574872182727,0.0,22.369464046184508
060372282202,3463.1440170663327,3431.2154750009086,1286.5059704072096,109373.89966347591,3.17,3.14,1.18,0.8557615234129075,0.8478718088461404,0.31790254857725925,27.02687919889468
060372282203,10872.484669659034,19124.790572872196,1224.296555712085,166322.49334314634,6.54,11.5,0.74,2.6866494717920024,4.725838669989232,0.30253026742817135,41.09918316412824
060372283101,16864.61173816002,17350.303627465804,1832.0903929091392,180679.01090979582,9.33,9.6,1.01,4.167336316853666,4.28735339643608,0.4527193954221416,44.64675591397522
060372283102,15377.439481086316,10365.901424014106,1580.7439744514445,130732.8528651329,11.76,7.93,1.21,3.799848048962083,2.561470025632038,0.39061034280874724,32.30479147752946
060372283103,18078.92262934721,20448.590379332938,0.0,234921.2965540162,7.7,8.7,0.0,4.46739907284021,5.052956726150873,0.0,58.05031659974125
060372283201,6369.9880312851565,7062.067644021377,0.0,101111.52374381707,6.3,6.98,0.0,1.5740583224119962,1.745074919122828,0.0,24.985201645442263
060372283202,10301.849263652153,5960.331788672138,0.0,235936.70956500448,4.37,2.53,0.0,2.5456423921120015,1.4728300603107005,0.0,58.30123061916823
060372284101,4741.307302037298,4857.638032527031,0.0,143997.6435735572,3.29,3.37,0.0,1.171602549522983,1.2003484990570026,0.0,35.582592645616764
060372284102,10451.897657037578,4163.676630428502,0.0,133723.71681196653,7.82,3.11,0.0,2.5827201575980423,1.0288669020679566,0.0,33.04385005402818
060372284201,18837.54129550356,10606.316542516555,1261.1055012520274,158397.08468714013,11.89,6.7,0.8,4.654857827728887,2.6208778952000595,0.311625955957223,39.14077203490265
060372284202,7395.942568414623,6889.444264821474,1243.135277488565,119002.21706384516,6.21,5.79,1.04,1.827577209677342,1.7024187531554846,0.3071854169591023,29.40608824299987
060372285001,22050.735825628024,18700.55068912748,3901.0490724708916,178731.4979935874,12.34,10.46,2.18,5.448855487823502,4.621006711682908,0.9639702191750512,44.16551499190331
060372285002,10426.857198245216,7732.507658745657,0.0,169507.31188841813,6.15,4.56,0.0,2.576532525476043,1.910744254712123,0.0,41.886168965661334
060372285003,16821.83062545087,10080.006118198198,957.3454454622624,100668.45555177485,16.71,10.01,0.95,4.156764873678082,2.490823757028726,0.23656521149680568,24.8757171108317
060372286001,24280.01626286837,24721.415323546105,2339.6915561858286,244023.26802091,9.95,10.13,0.96,5.999722680665066,6.108794763933087,0.5781503745068048,60.299462731171296
060372286002,20230.46035764065,32751.75938963438,3311.59537821942,282955.3532651667,7.15,11.57,1.17,4.999055623931159,8.093135997696416,0.8183130391998115,69.91979050676554
060372287101,22384.873547094998,19789.107560833552,942.9747431272215,222374.55839855951,10.07,8.9,0.42,5.531422716949168,4.889994972714541,0.2330141336143543,54.94995008166848
060372287102,9733.283124228365,11294.712619453046,0.0,182419.53701934894,5.34,6.19,0.0,2.405146639340373,2.7909842703919514,0.0,45.07684928222991
060372287201,7115.152813671488,3341.688093697938,677.5712640241377,124577.6246142234,5.71,2.68,0.54,1.7581925502194677,0.8257491111375135,0.16743150566787393,30.783801452570998
060372287202,4642.264314584977,4203.728259555824,1531.4129044104752,119818.9238144901,3.87,3.51,1.28,1.1471284943269295,1.0387638751618449,0.3784203699280901,29.6079008761648
060372287203,6923.707998539857,6454.924145742952,0.0,159756.55805115704,4.33,4.04,0.0,1.7108855061464552,1.5950464933754285,0.0,39.4767052191125
060372288001,10648.283496667224,5471.404243753516,0.0,159457.61081874472,6.68,3.43,0.0,2.6312481554144753,1.3520134328137798,0.0,39.4028337492087
060372288002,6004.307184925718,7927.3600760115705,1220.9931252212746,219720.97712649897,2.73,3.61,0.56,1.4836966173771111,1.958893335610416,0.30171397197658945,54.29423586918183
060372288003,45112.64699744378,25478.955488632608,0.0,465297.1799175928,9.7,5.48,0.0,11.147577845296915,6.295987015403487,0.0,114.97743713913303
060372289001,4506.775469990419,4768.631957758161,0.0,250443.95961151415,1.8,1.9,0.0,1.1136484716988457,1.1783546189983458,0.0,61.88605017595055
060372289002,35010.22314795469,14371.16849412827,152.45773178209183,265059.76001284184,13.21,5.42,0.06,8.651214546225926,3.551193072870474,0.03767312596963258,65.49769310956857
060372291001,11080.360049056104,6933.30671184697,0.0,246052.1458908988,4.5,2.82,0.0,2.738016596715547,1.7132573998598033,0.0,60.80080937118517
060372291002,7170.845948653439,9332.1894325593,309.2374941494509,228996.00026268425,3.13,4.08,0.14,1.7719546235842851,2.306034229656415,0.07641424895575037,56.58614399936568
060372292001,14597.790243394713,13531.540808399222,2620.4728363497825,164544.30433180512,8.87,8.22,1.59,3.6071925266717146,3.3437165532980044,0.6475329398505577,40.65978309016005
060372292002,12365.89748701202,6403.930286519439,0.0,281134.2887592365,4.4,2.28,0.0,3.0556798157119665,1.5824456363395192,0.0,69.46979566735135
060372293001,13423.265656559499,6493.922834110967,782.8885367710957,248987.78231548954,5.39,2.61,0.31,3.3169611805992343,1.604683279141326,0.1934559705250925,61.52622092973257
060372293002,486.82899441149857,0.0,0.0,123103.81993396822,0.4,0.0,0.0,0.12029806437332985,0.0,0.0,30.41961638484845
060372293003,16373.66322200069,7680.255520502172,0.0,130842.6476145344,12.51,5.87,0.0,4.046020296487376,1.8978324701589915,0.0,32.33192235096342
060372294101,20745.59046131832,17450.845874168343,5800.678119424496,236581.59838680847,8.77,7.38,2.45,5.12634704470565,4.312197926661076,1.4333787794686292,58.46058611748401
060372294102,14799.337102104007,26970.314114956775,15925.179262711017,305845.1635732685,4.84,8.82,5.21,3.656995840076584,6.664509757665668,3.9351974966451966,75.5759858146601
060372294201,12670.330765331126,6291.546021229104,0.0,216862.1073917623,5.84,2.9,0.0,3.1309069170823087,1.554674879594044,0.0,53.5877937728148
060372294202,41301.26444033293,15034.848377315888,630.0633252016055,367294.28532183025,11.24,4.09,0.17,10.20576470460474,3.715191943577634,0.15569203832241338,90.76039448516073
060372311001,6381.148322627366,7933.0575898511515,0.0,195513.96544763996,3.26,4.06,0.0,1.5768160904613975,1.96030122194116,0.0,48.312553014097254
060372311002,64550.51327992797,80789.23394067746,8488.196906892554,698569.0762237475,9.24,11.56,1.22,15.950779207937922,19.963454471351163,2.0974791346460973,172.62017806143442
060372312101,1442.6699407372116,376.2226318080674,376.2226318080674,117866.11558254535,1.22,0.32,0.32,0.35649150603708146,0.09296663694951338,0.09296663694951338,29.12535145307787
060372312102,2672.521351595002,1629.8691373021688,0.0,202824.90711802122,1.32,0.8,0.0,0.6603944080650274,0.4027494349146121,0.0,50.11912604444101
060372312201,17849.7430331096,27081.561699120426,0.0,179210.26335854104,9.96,15.11,0.0,4.410767561287424,6.691999634387727,0.0,44.283820490043446
060372312202,374118.2784426649,29191.518353528336,16065.480499528761,785993.2736001184,47.6,3.71,2.04,92.44663990841389,7.213381278354378,3.9698666872893607,194.2231677035833
060372313011,2916.3025028207553,3466.2210881260335,0.0,233934.22843378846,1.25,1.48,0.0,0.7206340424331718,0.8565218842309164,0.0,57.806406755358296
060372313021,12553.494037021183,11276.480935186086,6928.519394831802,120903.1001498563,10.38,9.33,5.73,3.1020359327639047,2.786479123096375,1.712074428062566,29.875806683093135
060372313022,6989.387636360675,10107.641879928804,0.0,163285.08745842625,4.28,6.19,0.0,1.7271152981047937,2.497652702473303,0.0,40.348623824313876
060372313023,7924.937367678315,6416.7643258659145,0.0,139347.9719561297,5.69,4.6,0.0,1.9582946713435432,1.5856169965279947,0.0,34.43363376689529
060372314001,13535.711762724632,10509.922764248045,1867.1133701908275,202007.82501651932,6.7,5.2,0.92,3.344747218557667,2.597058473849958,0.4613737615834491,49.91722066005939
060372314002,12148.407977019426,13849.842074437955,6509.9579105422035,204507.8283055389,5.94,6.77,3.18,3.0019369873801396,3.4223705090639873,1.6086456328197218,50.53498492646174
060372314003,0.0,0.0,0.0,214533.46148454282,0.0,0.0,0.0,0.0,0.0,0.0,53.01237283760938
060372315001,18673.172085827107,29394.987373465432,11829.183422789738,319565.73553038907,5.84,9.2,3.7,4.614241311470331,7.263659568142684,2.9230548821335267,78.96641298207206
060372315002,15034.733649797467,11444.116364916918,0.0,298381.7860423525,5.04,3.84,0.0,3.7151635937904297,2.8279027399074246,0.0,73.73174506284963
060372315003,10489.025150648473,18485.9617561907,0.0,301280.47177035356,3.48,6.14,0.0,2.591894561069682,4.567980631550933,0.0,74.44802590542075
060372316011,8216.177675159639,6791.5714378055745,0.0,160291.03648680256,5.13,4.24,0.0,2.0302617186223304,1.678233850900451,0.0,39.60877771683867
060372316012,1216.2103886055268,3153.806986670959,0.0,159105.670100056,0.76,1.98,0.0,0.30053213202069806,0.7793226785151385,0.0,39.3158673036633
060372316021,3103.1097726879234,4518.724197302379,1043.373841577639,159989.10861252845,1.94,2.82,0.65,0.766795124114538,1.116601066519315,0.25782329113590424,39.53416971429059
060372316022,0.0,1265.4709587825769,609.2880095507902,155032.74100539368,0.0,0.82,0.39,0.0,0.3127046840055881,0.1505583460234179,38.30942460603805
060372316031,13703.145530126607,13711.83834443593,2911.2546149556974,179150.7759633307,7.65,7.65,1.63,3.3861210035220166,3.388269044717945,0.7193866821766731,44.269120834557505
060372316032,24174.720583158072,17212.70438851851,8803.91487309851,141121.3383304373,17.13,12.2,6.24,5.973703551563409,4.253351884006417,2.175494743121458,34.87184214129962
060372317101,10165.482713982456,12372.911302428041,5035.50840249417,71161.08893475421,14.29,17.39,7.08,2.51194548383651,3.0574129672458827,1.244301224679438,17.584288026841318
060372317102,2142.233268917542,7918.805241601456,0.0,130494.00426130682,1.64,6.07,0.0,0.5293573691075217,1.9567793899901162,0.0,32.24577070216812
060372317103,8689.316115410613,14480.823568648782,3568.8705964947026,122139.03698621647,7.11,11.86,2.92,2.1471767733873266,3.578289431889676,0.8818871301537734,30.181213326511237
060372317201,6421.784261517732,13515.263322923814,0.0,187507.8998869251,3.42,7.21,0.0,1.586857449642178,3.3396942990402776,0.0,46.334211129665675
060372317202,27207.523917551665,25459.510910072648,12439.05865114912,133546.8191909252,20.37,19.06,9.31,6.723125576423628,6.291182155400959,3.0737583330846463,33.00013769990012
060372317203,6431.702729955497,13840.619889950582,3488.5343175600096,151197.31335064306,4.25,9.15,2.31,1.5893083565690616,3.4200916576482743,0.8620356033019635,37.36166979232118
060372318001,20231.43824917388,10718.782668074069,641.9048771419334,145104.27410821337,13.94,7.39,0.44,4.999297266191511,2.648668880058083,0.15861814953179135,35.85604700602619
060372318002,18697.676616963887,20627.16395543416,4563.985485375753,129983.45837415426,14.38,15.87,3.51,4.620296512984559,5.097083217793321,1.1277853743743813,32.11961206596679
060372318003,20459.966174290574,11671.004830840127,3055.742126843041,130050.29718909416,15.73,8.97,2.35,5.0557677463033714,2.883968100829879,0.7550903239188368,32.136128296829334
060372318004,14897.49160676002,11593.715402209322,752.5447767432295,115133.53850537512,12.94,10.07,0.65,3.6812503463923285,2.864869467084685,0.1859578641282585,28.450116952035287
060372319011,13609.186320504079,16819.28607014959,3727.468472093933,244765.8863123044,5.56,6.87,1.52,3.362903177185889,4.156136100369694,0.9210775187036032,60.4829677073508
060372319021,12846.827692447952,18111.52365001994,2295.5678032628703,123760.8606014119,10.38,14.63,1.85,3.1745202575852947,4.475454960489763,0.5672471577090143,30.58197466961656
060372319022,21741.964570301137,25344.45734122901,0.0,200325.72691695683,10.85,12.65,0.0,5.372556448989856,6.262751799382693,0.0,49.50156516750181
060372321101,13563.569063246723,13176.85462797458,966.8794256830579,142014.5063612037,9.55,9.28,0.68,3.351630907429824,3.2560716893830417,0.23892110931616575,35.09254876825642
060372321102,16478.128921705218,21338.972765184506,562.3089022119171,238022.8659365735,6.92,8.97,0.24,4.071834333063098,5.2729750052583695,0.13894955578345874,58.81673108516495
060372321201,9379.285145821304,9014.976524662106,2294.6991941741394,158573.9319056458,5.91,5.69,1.45,2.317671833847491,2.2276492130441703,0.5670325197287976,39.1844719342929
060372321202,11017.930013846228,8979.462678482105,0.0,137003.91463325862,8.04,6.55,0.0,2.7225897990500023,2.2188735505364945,0.0,33.85440458794633
060372321203,20388.548089759068,18409.410197336798,0.0,226304.8730903406,9.01,8.13,0.0,5.0381199532815595,4.5490643293984325,0.0,55.92115199286705
060372322001,10890.531350998426,16309.433620929962,395.5571099668943,176652.40729754863,6.16,9.23,0.22,2.6911089038685896,4.03014881641331,0.09774429055041889,43.651760492353816
060372322002,8525.944481913264,4351.358465777472,0.0,184151.266106619,4.63,2.36,0.0,2.1068067635710506,1.0752440935863214,0.0,45.50476885893757
060372322003,8349.448441660168,6506.177494555424,0.0,162160.51525087227,5.15,4.01,0.0,2.063193642216865,1.6077114716852041,0.0,40.07073597997887
060372323001,8193.575742682538,18108.42460559621,0.0,282589.13227613,2.9,6.41,0.0,2.024676659475681,4.474689169935255,0.0,69.82929532956835
060372323002,494.25429809084187,1435.324058719647,0.0,184479.638403265,0.27,0.78,0.0,0.12213289687152352,0.35467629905891834,0.0,45.58591142056353
060372323003,3081.810458638206,4734.71746916726,0.0,161695.77052018302,1.91,2.93,0.0,0.7615319489912936,1.1699741663578274,0.0,39.955895056017056
060372324011,21650.70226491441,14751.504710572826,544.2143506001397,162817.76655612647,13.3,9.06,0.33,5.350005042203695,3.6451761987207845,0.13447829470495318,40.233146314483506
060372324012,9347.464740460757,7442.339956400365,0.0,224027.095804107,4.17,3.32,0.0,2.309808840442433,1.8390422539346387,0.0,55.358300967655055
060372324013,10383.822208942776,10383.826139250457,2950.551331553722,182855.39075229532,5.68,5.68,1.61,2.565898348028028,2.565899319228207,0.7290971123220351,45.18455108517351
060372324021,13349.565412403694,10206.631124543073,1966.2777832376105,198538.34818743265,6.72,5.14,0.99,3.298749453652891,2.522113477524859,0.48587782169734195,49.05989426471644
060372324022,6432.771046286752,7340.5582510034465,0.0,344728.31461813994,1.87,2.13,0.0,1.589572343283624,1.8138914467961547,0.0,85.18422168624845
060372325001,30096.656000081457,15901.495173160187,513.937469336592,269126.99441962544,11.18,5.91,0.19,7.437045661786179,3.929345030662036,0.12699671441068816,66.50272861917323
060372325002,24406.792633439447,15525.42590076407,3134.8217384244563,207150.85359917927,11.78,7.49,1.51,6.031049804076055,3.8364162896485143,0.7746313215049376,51.18809069987412
060372325003,6855.795877330361,6794.635903940137,0.0,152798.38867255548,4.49,4.45,0.0,1.6941040555287383,1.6789910969736253,0.0,37.75730412050002
060372325004,6482.953392702673,6848.746272441964,0.0,138619.12239799136,4.68,4.94,0.0,1.6019726711376479,1.692362060223598,0.0,34.25353111879934
060372326011,7004.581297626217,8622.503035916157,0.0,263865.9726515752,2.65,3.27,0.0,1.7308697335676984,2.1306669018918534,0.0,65.20270182827211
060372326021,16489.46960841528,19029.471577312706,4941.148144431205,266304.22555852646,6.19,7.15,1.86,4.074636677778686,4.702284833230436,1.220984297115449,65.80520724295772
060372326022,5611.241613367164,5697.4053839707685,0.0,265116.71114018856,2.12,2.15,0.0,1.3865679993755253,1.4078595307791784,0.0,65.51176603961657
060372327011,26880.53911045035,29284.80156486536,4802.1798807310415,277477.43834395474,9.69,10.55,1.73,6.6423258709308906,7.236432061876295,1.1866444913019905,68.56616825051478
060372327021,42209.113687113815,25187.455504850168,2771.836022060711,299760.98693033576,14.08,8.4,0.92,10.43009913904521,6.223955800713254,0.6849355975957421,74.07255302439458
060372327022,14331.306715007584,5310.912320292036,0.0,153967.60501209545,9.31,3.45,0.0,3.541343012734897,1.3123550148444318,0.0,38.04622377009968
060372328001,18334.72192619207,14216.252143830594,534.0548375656235,152694.0705485772,12.01,9.31,0.35,4.5306084556660915,3.5129124090346657,0.13196782436103843,37.73152655068043
060372328002,32063.654387878007,24565.671281056013,0.0,273953.17048414634,11.7,8.97,0.0,7.923101548747945,6.070309572902334,0.0,67.69530269662435
060372340011,4908.016928589072,5740.871547395145,0.0,218534.0160663199,2.25,2.63,0.0,1.2127973953863078,1.418600253673073,0.0,54.00093140361962
060372340012,0.0,0.0,0.0,255505.73878853375,0.0,0.0,0.0,0.0,0.0,0.0,63.13684305039053
060372340013,9482.856969169075,8378.27391101836,548.8980304454724,203218.86400503834,4.67,4.12,0.27,2.3432649887650916,2.070316570818591,0.1356356571998042,50.21647491128899
060372340021,6467.556447416528,7062.420605029708,2479.8970971263643,328039.2998043483,1.97,2.15,0.76,1.5981680030992857,1.7451621376874347,0.6127959181847262,81.0602763143753
060372340022,13728.972953479206,13076.035225302214,0.0,236613.28685070516,5.8,5.53,0.0,3.3925030988218747,3.2311586724263948,0.0,58.468416507443315
060372342001,603.6304636629267,0.0,0.0,298119.854817569,0.2,0.0,0.0,0.14916033598862938,0.0,0.0,73.66702044763134
060372342002,1852.6482025784164,4846.054919394979,2032.440013897485,193889.66860506273,0.96,2.5,1.05,0.45779934082259777,1.1974862494679295,0.5022268649432688,47.91118052319629
060372342003,52604.988704511656,69522.19588491642,24732.810876314303,390916.47636867425,13.46,17.78,6.33,12.998975800904276,17.179308734577265,6.111610666346902,96.59756501488137
060372343011,63287.8773803737,55197.02839808641,6859.440296769663,248485.67118716415,25.47,22.21,2.76,15.638775082324427,13.639482758163101,1.6950046111845134,61.40214656782881
060372343012,5488.951884833371,8554.022841945503,3288.8801425699467,255511.657361068,2.15,3.35,1.29,1.3563495493566662,2.1137450774377893,0.8126999822295318,63.13830556151435
060372343021,5119.243154416564,4554.045978723804,185.81782852536077,224676.92559196643,2.28,2.03,0.08,1.2649925324952798,1.125329268791556,0.04591658540115959,55.51887740527278
060372343022,7031.277261364824,7820.1399651534775,761.5765201740014,141639.09194377504,4.96,5.52,0.54,1.7374664498709604,1.932398669215875,0.18818965653403297,34.99978184542944
060372345011,2269.5089505268193,3547.0350700666536,0.0,220419.03442124402,1.03,1.61,0.0,0.5608078749630757,0.876491454066234,0.0,54.46672958328575
060372345012,23393.26471075259,22921.509256842324,849.4425368030855,531383.3414180645,4.4,4.31,0.16,5.780601600112896,5.664028288715184,0.2099018220911631,131.3076832864078
060372345021,8463.701716901713,6747.462201545632,0.0,159751.0378032993,5.3,4.22,0.0,2.0914262413793,1.6673342212482125,0.0,39.47534113615982
060372345022,5801.758592073766,4330.241901897801,645.3445618773633,121775.51159570509,4.76,3.56,0.53,1.433645770074792,1.0700260770135597,0.15946811414046652,30.09138424621592
060372345023,33420.08754169295,37704.26723740305,4140.683452499985,263344.4797957018,12.69,14.32,1.57,8.258283480656095,9.316927338638425,1.023185164064788,65.07383813718911
060372346001,16100.831381256148,15289.880371991234,278.6513443731807,313193.1952696187,5.14,4.88,0.09,3.978602080403807,3.778211721908218,0.06885624674767327,77.39172399001953
060372346002,12183.135983045007,9422.864658645904,489.3412788239856,192979.75532963008,6.31,4.88,0.25,3.010518464556685,2.3284405659881666,0.12091886337143147,47.68633605616847
060372346003,4668.518924905487,4973.530847621319,0.0,242393.15027935765,1.93,2.05,0.0,1.1536161498254511,1.22898623734018,0.0,59.896651864808604
060372346004,45292.43623978116,52645.79271083384,2889.5223666934007,555300.926173096,8.16,9.48,0.52,11.192004734608386,13.009058690451909,0.7140165266796792,137.2178471910731
060372347001,8952.415793667793,6247.95849810338,1956.4953852111057,144297.71320019363,6.2,4.33,1.36,2.2121901197469556,1.5439041680648533,0.48346053850133885,35.65674146517347
060372347002,7049.133575306565,4465.133711877329,0.0,144082.47516560275,4.89,3.1,0.0,1.7418788411391317,1.1033585691753474,0.0,35.603554988529645
060372347003,50431.829697445915,50227.61331514288,35103.86923636837,278672.56598789897,18.1,18.02,12.6,12.46197651547449,12.411513548423654,8.674354998626297,68.86149072287358
060372347004,7345.08409610225,15130.340538020331,788.6954321937724,175010.23595840632,4.2,8.65,0.45,1.815009807475756,3.7387885703756294,0.19489088563365295,43.24597111716061
060372348001,0.0,752.8001681978897,0.0,155362.0114779138,0.0,0.48,0.0,0.0,0.18602097273108575,0.0,38.39078911175601
060372348002,1545.5171998334113,4063.2451262700697,0.0,173509.5520459878,0.89,2.34,0.0,0.38190561722890026,1.004049736921566,0.0,42.875144046520795
060372348003,2521.580098740559,4231.206349621113,0.0,172928.967082704,1.46,2.45,0.0,0.6230960121992983,1.0455538590894173,0.0,42.73167837769445
060372348004,464.5714973426476,1614.7770871898592,0.0,152392.06071060436,0.3,1.06,0.0,0.11479811706962713,0.39902010811448824,0.0,37.65689829446131
060372349011,13600.899950260078,9740.013747357301,1215.4771228553911,181805.41812686392,7.48,5.36,0.67,3.3608555705057666,2.4068098125361606,0.300350938107794,44.9250971990362
060372349012,21605.91882943971,9537.267154159292,2133.3817559954723,143609.62942851387,15.04,6.64,1.49,5.33893881429731,2.356710038282798,0.5271701126303522,35.48671226229117
060372349021,13760.493716358758,5192.9319345073645,0.0,109879.56149386732,12.52,4.73,0.0,3.4002920489573625,1.2832014266094671,0.0,27.151830958386935
060372349022,7691.017250050863,8966.50507331137,0.0,194052.9990103599,3.96,4.62,0.0,1.9004917514443675,2.215671656567879,0.0,47.95154034530244
060372349023,667.6093098640995,8276.488702874605,0.0,143789.46759132374,0.46,5.76,0.0,0.1649698531849993,2.045164898132514,0.0,35.53115124011466
060372351001,5765.82757507038,6631.48649004927,0.0,290331.6768034737,1.99,2.28,0.0,1.424767022411667,1.6386759988179782,0.0,71.74251974852412
060372351002,941.9975955182985,424.7782044251759,0.0,292800.4288352712,0.32,0.15,0.0,0.23277267518170164,0.10496498024342063,0.0,72.3525616610893
060372351003,6789.42225938885,7343.307804408243,2476.7548059116616,299300.47897876764,2.27,2.45,0.83,1.6777027773479454,1.8145708762391113,0.6120194411154362,73.95875903135368
060372351004,531.1178941996784,16.828409576855393,0.0,299049.6600513322,0.18,0.01,0.0,0.1312420898502491,0.00415839056797455,0.0,73.89678032461056
060372352011,6982.5603561559465,9561.123219564066,0.0,180727.98748908835,3.86,5.29,0.0,1.725428240425421,2.3626050004249506,0.0,44.65885829028426
060372352012,7492.171366253626,11521.378037203334,265.3645842311352,245693.2518732349,3.05,4.69,0.11,1.8513558634754754,2.8469945149105507,0.0655730168143104,60.712124728044046
060372352013,12146.489725073377,13029.455085158741,3064.965390177259,226188.53036055816,5.37,5.76,1.36,3.0014629770012613,3.219648469127448,0.7573694419234108,55.892403078243234
060372352021,41924.78621108843,40569.26468916957,5891.237396807157,322016.14383166266,13.02,12.6,1.83,10.35984028962036,10.024883626859648,1.4557564642516625,79.57192206010858
060372352022,16812.01286145355,17135.913743932913,426.4218182285348,285408.41757556965,5.89,6.0,0.15,4.154338851360369,4.234376502482984,0.10537112605928432,70.52595589895115
060372352023,10166.468754982197,9068.773053231454,603.8783878190437,244133.72130626047,4.16,3.71,0.25,2.512189139873893,2.240942624757908,0.1492215993818016,60.326756332382125
060372360011,80907.3957779459,31722.40414530552,31722.40414530552,606400.831593546,13.34,5.23,5.23,19.992652897224243,7.838776777381308,7.838776777381308,149.84490881292945
060372360012,724.2322565210194,162.63470458848863,0.0,1105827.1114593074,0.07,0.01,0.0,0.17896168801845244,0.040187910717138224,0.0,273.2558302138857
060372360013,740.9510981065735,0.0,0.0,249392.9800563692,0.3,0.0,0.0,0.18309300374613988,0.0,0.0,61.62634747206227
060372360014,15798.815547414908,34725.31769513108,4809.416661165737,241381.92600496617,6.55,14.39,1.99,3.9039723425733435,8.580812875623872,1.1884327386919002,59.64677290473624
060372361011,26089.77352129709,51702.246430399784,19787.236457417293,394621.84628298203,6.61,13.1,5.01,6.446923438372067,12.775903326893326,4.889532612991101,97.51318186103336
060372361012,76751.92148464959,75581.8606263194,8731.904276358007,238016.74015467835,32.25,31.75,3.67,18.96581283680226,18.676684502064777,2.1577005371442177,58.81521737149296
060372361021,90265.80689670224,155726.78181037976,81234.42082791823,289959.170505598,31.13,53.71,28.02,22.30516664665109,38.48092582390792,20.073462546946978,71.65047143768864
060372361022,808.6548737042995,0.0,0.0,208102.704814191,0.39,0.0,0.0,0.19982297104198332,0.0,0.0,51.42329825745957
060372362031,74658.71779045505,3634.2967829302916,0.0,268937.03118043434,27.76,1.35,0.0,18.448570939459838,0.8980542929108815,0.0,66.45578768048816
060372362032,0.0,0.0,0.0,70410.52477901384,0.0,0.0,0.0,0.0,0.0,0.0,17.39881958482151
060372362041,5970.07324041141,753.2834912817868,0.0,153169.28458752646,3.9,0.49,0.0,1.4752372254587773,0.18614040446610405,0.0,37.84895449705353
060372362042,0.0,0.0,0.0,76705.75954533198,0.0,0.0,0.0,0.0,0.0,0.0,18.954405973177916
060372362051,0.0,0.0,0.0,134553.18126134924,0.0,0.0,0.0,0.0,0.0,0.0,33.24881518320635
060372362052,0.0,0.0,0.0,32444.49067685715,0.0,0.0,0.0,0.0,0.0,0.0,8.017208245212675
060372362061,0.0,0.0,0.0,108574.61023611057,0.0,0.0,0.0,0.0,0.0,0.0,26.829370480042897
060372362062,47245.26952359783,37861.12379645879,35085.13263904628,166377.20631778697,28.4,22.76,21.09,11.674560348147683,9.35568743849952,8.669725084597625,41.11270303459802
060372364001,2602.7741045725284,0.0,0.0,436733.8780129377,0.6,0.0,0.0,0.6431594879832543,0.0,0.0,107.91929152602142
060372364002,0.0,8711.579305683234,0.0,445564.20587458217,0.0,1.96,0.0,0.0,2.152678127512319,0.0,110.10131306075321
060372364003,1315.8106375531722,0.0,0.0,458230.70943903667,0.29,0.0,0.0,0.32514388953113066,0.0,0.0,113.23127425590296
060372371011,7879.988242134108,8956.602334512629,1201.4498509506911,120334.05113809758,6.55,7.44,1.0,1.9471875005293264,2.213224636519447,0.2968847237328395,29.735191609968982
060372371012,5139.311456403325,4884.314227266038,251.93295013563807,82770.79737294077,6.21,5.9,0.3,1.2699515179131167,1.206940330334077,0.06225398774741519,20.453109459181974
060372371013,1020.5098809801366,3173.549641846893,0.0,79043.83184272134,1.29,4.01,0.0,0.25217348343060814,0.7842011948535624,0.0,19.532156220122125
060372371014,57280.82591770052,75457.4125241411,55798.78054555177,346793.3465435291,16.52,21.76,16.09,14.154400339147676,18.645932706303146,13.788178952111213,85.69450218791361
060372371021,13363.179744070483,24964.662836611587,0.0,267689.2896724043,4.99,9.33,0.0,3.3021136282728336,6.168902533440072,0.0,66.14746403917398
060372371022,5532.732662716938,8522.460745186647,1660.3873671658923,192273.96147279063,2.88,4.43,0.86,1.3671680151765142,2.1059459134782883,0.41029065374679013,47.51193059593698
060372372011,9503.355133456049,11412.62808893959,0.0,161399.1832268828,5.89,7.07,0.0,2.348330195470601,2.8201218174603033,0.0,39.88260673976779
060372372012,4319.939084261674,2264.8960154501156,0.0,170841.91176101184,2.53,1.33,0.0,1.067480195331398,0.5596679938812635,0.0,42.21595577628463
060372372013,1500.8793383948541,3683.281183046483,746.6627557544239,121165.28752852429,1.24,3.04,0.62,0.37087536145024713,0.9101586017875332,0.1845043850880218,29.940594595314764
060372372021,37070.1104314186,26435.923368065003,0.0,184758.76268250952,20.06,14.31,0.0,9.160223779185639,6.532458928302453,0.0,45.65488453206299
060372372022,65087.90741072228,98745.11070440317,51301.52196974085,299554.0435771847,21.73,32.96,17.13,16.083572189626064,24.400448248629015,12.676882156178975,74.0214162081721
060372372023,0.0,0.0,0.0,195403.13002209,0.0,0.0,0.0,0.0,0.0,0.0,48.285164983986654
060372372024,41442.679433899866,34926.53808184118,818.0049224296387,428802.8210543157,9.66,8.15,0.19,10.240709110535274,8.630535516040842,0.20213341839899485,105.95948467082331
060372373001,3023.380855160413,4370.695866534914,0.0,139576.26246649565,2.17,3.13,0.0,0.7470936795349383,1.0800224693770726,0.0,34.490045580544596
060372373002,11290.702214807874,11840.685162222166,0.0,189346.95166405028,5.96,6.25,0.0,2.7899932778222682,2.9258970238435125,0.0,46.78865072059006
060372373003,23433.808490114432,23102.704558627192,2383.0408586478907,243356.1191959427,9.63,9.49,0.98,5.7906201861782245,5.708802622882792,0.5888622204280283,60.13460666628238
060372373004,0.0,0.0,0.0,269044.4038563541,0.0,0.0,0.0,0.0,0.0,0.0,66.48232004653048
060372373005,11700.805033359446,9709.911289842657,748.9442357945994,156371.9831965147,7.48,6.21,0.48,2.891331891241214,2.3993713332889053,0.18506815108365912,38.64035855855193
060372374011,4725.636211722576,8313.982865300002,0.0,173049.29866441753,2.73,4.8,0.0,1.1677301387727572,2.0544299074414334,0.0,42.76141295909632
060372374012,10261.525619836735,5405.376843705832,0.0,168511.2787608696,6.09,3.21,0.0,2.5356782027248466,1.3356977069377116,0.0,41.64004381972452
060372374013,0.0,1476.8852842210874,0.0,174549.0502912749,0.0,0.85,0.0,0.0,0.3649463015406947,0.0,43.13200965695691
060372374021,7981.137119698305,6795.611577018886,0.0,170930.36661654434,4.67,3.98,0.0,1.9721819325048027,1.6792321910419368,0.0,42.23781344710361
060372374022,8746.261483474686,9386.492959249148,0.0,175929.56635993134,4.97,5.34,0.0,2.1612482802855877,2.319452923334122,0.0,43.47314260672381
060372374023,11707.345718514927,10177.186694242186,1087.6387441435975,174371.29158932163,6.71,5.84,0.62,2.8929481297416157,2.5148376003432746,0.2687613867700723,43.088084525101635
060372375001,7739.5843180970805,4499.7055640832095,0.0,129440.92343971002,5.98,3.48,0.0,1.9124929353206697,1.111901459902708,0.0,31.985548764031687
060372375002,18234.577496854574,22323.90845360852,561.693840936068,207886.6304401462,8.77,10.74,0.27,4.505862228252838,5.516357914267011,0.13879757083226438,51.36990511683595
060372376001,2809.2573628581995,4350.242698321714,488.28470127429694,103361.40190722323,2.72,4.21,0.47,0.6941826122885183,1.0749683814435378,0.12065777737296601,25.541158647265387
060372376002,4690.8761270057175,7507.863007073562,0.0,108422.07351473907,4.33,6.92,0.0,1.1591407347789668,1.8552333523661315,0.0,26.79167783532064
060372376003,15202.033717711918,9878.758085388868,1674.6413450405578,184188.26133751433,8.25,5.36,0.91,3.756504340891913,2.44109428511186,0.41381288838693386,45.51391057958042
060372376004,6826.256254164693,6216.510823072585,2760.3588926075695,107772.1804917844,6.33,5.77,2.56,1.6868046556779897,1.536133278330113,0.6820995371440756,26.63108577197058
060372377101,20265.085587515765,19281.04242002126,8926.636025375608,178331.29819760204,11.36,10.81,5.01,5.007611704567838,4.76444934228395,2.2058198002689804,44.06662346865326
060372377102,21024.34732558113,23857.696509839912,724.7442286457576,253948.22902827026,8.28,9.39,0.29,5.195229365985902,5.89536519699185,0.17908819908563642,62.75197400694179
060372377201,3675.803405435692,2165.526978833135,520.2591759223303,178884.82988596038,2.05,1.21,0.29,0.9083108026984921,0.5351133701819999,0.1285588421280805,44.20340412765922
060372377202,1985.578922094849,5765.021038298311,0.0,146339.08422864697,1.36,3.94,0.0,0.49064723697741064,1.4245677228349378,0.0,36.16117523187545
060372378001,12956.93918777124,18097.544422269482,1171.437374978479,226059.15813174628,5.73,8.01,0.52,3.2017294006410757,4.472000618083871,0.2894684794089519,55.86043450429142
060372378002,2919.3379981875805,3161.893632770605,0.0,239543.6778933508,1.22,1.32,0.0,0.7213841296737329,0.7813209322843816,0.0,59.19253190388423
060372378003,0.0,543.6967172979716,0.0,263117.660999124,0.0,0.21,0.0,0.0,0.13435038473036084,0.0,65.01778999193682
060372378004,9837.679378112209,8393.479423759818,635.1032738282223,244067.8735758345,4.03,3.44,0.26,2.430943515480083,2.074073934844973,0.15693743675036845,60.31048500383647
060372379001,34883.11204416555,32062.36504652996,4770.247890647885,245110.2674771069,14.23,13.08,1.95,8.619804708435398,7.922782945562294,1.1787539247114862,60.56806614644943
060372379002,22022.60038377214,14659.297661177909,1442.7537185347646,243096.3666587759,9.06,6.03,0.59,5.441903068730956,3.6223913406060917,0.3565122079817043,60.070420416498706
060372379003,622.8590007081127,0.0,0.0,244386.98766500817,0.25,0.0,0.0,0.1539118109702356,0.0,0.0,60.389339812573276
060372379004,11615.039162208697,10590.384680105471,0.0,247188.8861231493,4.7,4.28,0.0,2.8701386829336446,2.6169410462614864,0.0,61.0817039999045
060372380001,13927.699410270343,16732.534648630033,1619.4256018144822,202048.41617730728,6.89,8.28,0.8,3.4416094757348668,4.134699357262286,0.4001687810940614,49.9272509543301
060372380002,912.6193094911647,1887.4887345932452,0.0,224592.99741195713,0.41,0.84,0.0,0.22551314260611527,0.46640862377664105,0.0,55.49813830033574
060372380003,3537.994466810711,8112.263819592337,0.0,264541.72923112195,1.34,3.07,0.0,0.874257472349981,2.0045840457026483,0.0,65.36968491563995
060372380004,529.7518957547882,529.7521359459196,0.0,163250.57463289588,0.32,0.32,0.0,0.13090454428344092,0.1309046036359621,0.0,40.34009551939568
060372380005,2562.987675118895,6611.217608106258,986.0955671847231,484975.27362991637,0.53,1.36,0.2,0.6333280471558977,1.6336674490135372,0.24366952129226177,119.83999999246338
060372380006,15105.830190468583,15753.899279532649,1704.6721025454056,324166.60662424134,4.66,4.86,0.53,3.732731931593962,3.892873291064216,0.42123365017591724,80.10331298879969
060372381001,24065.416575748222,11879.446990556273,0.0,244315.30551889353,9.85,4.86,0.0,5.946693943116508,2.935475280220377,0.0,60.37162676851323
060372381002,37104.56869192726,21904.609107968186,3349.758832313094,246084.8114142975,15.08,8.9,1.36,9.168738600793326,5.412746789513623,0.8277434340817335,60.80888119780543
060372381003,14990.368026457207,16667.969886671064,0.0,248023.50184766352,6.04,6.72,0.0,3.7042006095109064,4.118745057129078,0.0,61.28794203688908
060372381004,0.0,0.0,0.0,245326.2808770869,0.0,0.0,0.0,0.0,0.0,0.0,60.621444220053505
060372382001,6182.270110222848,11856.212713860927,4145.745144067094,291711.6214387919,2.12,4.06,1.42,1.5276722139196712,2.9297339654144596,1.0244359352903476,72.083511494038
060372382002,26269.373316042198,22112.52221455625,3271.806618578428,258218.40357014962,10.17,8.56,1.27,6.491303514163981,5.46412323702909,0.8084810225706187,63.807157116044266
060372382003,25745.98674278906,26562.998159978506,5416.714931236683,235270.05350301648,10.94,11.29,2.3,6.361971875325472,6.5638597932330995,1.3384994093821307,58.13649631866328
060372382004,2929.9890152017256,2301.223798205521,0.0,241430.7014222946,1.21,0.95,0.0,0.7240160532960265,0.5686447844968943,0.0,59.6588255728414
060372383101,13400.154298668574,13240.20551239274,696.9809271013419,162657.30532376328,8.24,8.14,0.43,3.311250239691373,3.2717260338434735,0.17222773786671564,40.19349548044971
060372383102,4719.03813485162,12392.216953792835,0.0,234412.52725029105,2.01,5.29,0.0,1.1660997184706101,3.062183497590852,0.0,57.92459696686546
060372383201,39196.429530071415,26691.424353882707,1787.8954372634275,194782.0028919228,20.12,13.7,0.92,9.68564867117916,6.595594596868173,0.4417985840483836,48.13168112754708
060372383202,23249.95357763675,21920.813589097772,1228.684674976809,139772.27306131212,16.63,15.68,0.88,5.745188647895814,5.4167510040046265,0.30361459531300444,34.53848085334833
060372383203,12324.031539091899,7262.325405611549,2396.664968093497,133726.83985536892,9.22,5.43,1.79,3.0453345146806803,1.7945596896923282,0.5922288111897352,33.044621774859465
060372384001,13017.183147676713,19523.647196447197,2784.752436523876,251294.45726548193,5.18,7.77,1.11,3.21661600733461,4.824398288108437,0.6881273131188504,62.09621272317119
060372384002,33701.18452848118,41757.326969337344,10509.236212181153,400498.330055927,8.41,10.43,2.62,8.327744058805672,10.318460209807256,2.5968888231395715,98.96529262543253
060372384003,29041.226051004636,42753.8452500125,13115.784392916004,325426.2001101651,8.92,13.14,4.03,7.17624324160768,10.564705239692493,3.2409809056526027,80.41456531763244
060372384004,12671.471199639764,11508.467838282275,0.0,324329.8164080041,3.91,3.55,0.0,3.131188724537183,2.8438043352813454,0.0,80.14364300467555
060372392011,31620.15474413046,18944.00209676419,2041.9711337086774,181050.4379702869,17.46,10.46,1.13,7.8135104000991555,4.681164864635695,0.5045820559400228,44.7385375394451
060372392012,16942.079729880887,13948.990285383356,1804.8153437890826,121854.86963306906,13.9,11.45,1.48,4.186479074499346,3.4468705655514373,0.44597958400479437,30.11099404431123
060372392013,22749.43732650797,20387.209513888374,1099.7033558751373,146963.45165159812,15.48,13.87,0.75,5.621508388730122,5.037789183980409,0.27174261725424764,36.31545978209947
060372392021,78196.33382881401,74147.32929187785,14742.57293926395,972141.8525973423,8.04,7.63,1.52,19.32273490010289,18.322204089440998,3.6429691099643273,240.2214833262631
060372392022,6149.780374171711,11815.07828575133,336.14596153835896,181396.96842896685,3.39,6.51,0.19,1.5196438252989872,2.9195694268650043,0.08306347605458328,44.8241670806272
060372392023,14174.174203082715,7020.47419545597,0.0,122087.938000826,11.61,5.75,0.0,3.5025147234348086,1.7347969541485382,0.0,30.16858649223374
060372393101,24146.384518715073,17362.273449045955,431.74012839886586,188857.84490903973,12.79,9.19,0.23,5.966701557549944,4.290311203763737,0.10668530912268469,46.66778980931501
060372393102,14998.695674108929,11568.908034049036,324.85785269668276,225793.9308969435,6.64,5.12,0.14,3.7062584160606096,2.858739432912241,0.08027412361321799,55.79489542725999
060372393103,21058.18498201314,15057.62487361498,2484.762499804259,120205.68089287661,17.52,12.53,2.07,5.203590832986489,3.7208201383841066,0.6139981853694387,29.703470631554623
060372393201,5410.25206952907,7369.621070096996,957.2527890084754,163478.27571036003,3.31,4.51,0.59,1.3369024014745015,1.8210730257947774,0.23654231558844724,40.396361681002944
060372393202,15411.377071287803,15424.8689796321,394.3711207191675,183595.16083394364,8.39,8.4,0.21,3.808234210134898,3.811568133293035,0.0974512262249434,45.367352253397215
060372393301,64465.76296988963,26167.4404269706,1780.0596162823222,796143.595225581,8.1,3.29,0.22,15.929836950246438,6.466115348725894,0.43986231051573915,196.73136680085764
060372393302,15104.855249313377,20219.28759427395,0.0,183380.8165262161,8.24,11.03,0.0,3.732491018387897,4.996294773977388,0.0,45.31438662147089
060372395011,10740.09840480363,10656.206190371282,1853.9260484156912,161112.88437982224,6.67,6.61,1.15,2.653936113313895,2.633205895664464,0.4581151034056738,39.81186075395128
060372395012,9048.517959843812,20348.549695248003,9210.41890406969,152604.80922910167,5.93,13.33,6.04,2.235937482179702,5.028236134747829,2.2759440767625314,37.70946959828116
060372395013,9256.693873982762,9580.878408422892,371.5760825773268,160497.08149498233,5.77,5.97,0.23,2.287378870855283,2.3674866139038664,0.09181844962934527,39.65969254718433
060372395021,5549.300504080759,10062.742259765513,0.0,167150.8908011061,3.32,6.02,0.0,1.371262017936809,2.4865577647051222,0.0,41.30388463398382
060372395022,4071.65394712675,2400.6596111479403,570.2978769879744,238161.28151355727,1.71,1.01,0.24,1.006127601807045,0.5932159089855286,0.14092367444302795,58.85093431911652
060372395023,473.8421862775472,0.0,0.0,105605.3427094153,0.45,0.0,0.0,0.11708895419534893,0.0,0.0,26.095648495180797
060372396011,19200.259561853178,15598.400367829878,1225.243823045734,152650.68607018766,12.58,10.22,0.8,4.7444874633003185,3.854448673170174,0.3027643422840041,37.720806012598224
060372396012,45113.53756002633,36798.81170905506,362.29838399387063,269637.31039492943,16.73,13.65,0.13,11.147797908103596,9.09318440490444,0.08952588038174294,66.62883044291951
060372396021,15695.775522749325,10219.522361431616,1006.7216845725862,154166.00806862954,10.18,6.63,0.65,3.8785105979719683,2.5252989715337857,0.2487663458975762,38.09525023306879
060372396022,20884.57759135927,16072.277030370598,579.7209113522044,203922.45033307854,10.24,7.88,0.28,5.160691512493445,3.971546146635686,0.14325215694417923,50.39033487927445
060372397011,8987.562425702841,7575.9646930234785,0.0,198759.98230885703,4.52,3.81,0.0,2.2208750416632626,1.8720616454513428,0.0,49.11466124883715
060372397012,16552.522673659638,14788.275376173195,0.0,210931.0386381991,7.85,7.01,0.0,4.090217429518568,3.654262428070765,0.0,52.12219476595758
060372397021,13580.909954390747,10344.872519392442,1720.079614554184,118951.97246430645,11.42,8.7,1.45,3.3559159349509486,2.556273670133665,0.42504092930830634,29.393672532064194
060372397022,28202.199326761325,28394.78736948972,2941.68244732066,168039.59688920883,16.78,16.9,1.75,6.968915222852391,7.016504764616806,0.7269055633004361,41.523488690896635
060372397023,15477.33565626773,18683.390308838265,2309.9667614588284,199280.73416713116,7.77,9.38,1.16,3.8245329314373975,4.61676628936542,0.5708052177667563,49.24334183542571
060372398011,7683.402011315379,5424.458915535678,1111.6006415369948,124154.58436598431,6.19,4.37,0.9,1.8986099849716722,1.3404129895764096,0.2746825005661448,30.679265930653912
060372398012,11058.685508189894,9410.679215118054,573.9425505515665,122421.85760907902,9.03,7.69,0.47,2.732660701026677,2.3254294773168707,0.14182429289428264,30.251099824410467
060372398013,4751.753374674928,5132.7853088230095,371.79507718271054,124185.04478921684,3.83,4.13,0.3,1.1741838302869383,1.2683388717257718,0.09187256437484786,30.68679286515644
060372398021,18201.840290241027,13925.598101258558,2269.4018426413395,162195.10930333566,11.22,8.59,1.4,4.497772688324428,3.4410902309699294,0.5607814080281761,40.07928435650933
060372398022,9508.379429264814,9570.29133814408,366.0202159191082,162807.88122182555,5.84,5.88,0.22,2.3495717260030298,2.364870491864001,0.09044556507938545,40.230703595180145
060372398023,13630.495853574428,11259.972682588224,919.6341990424648,162423.3557707482,8.39,6.93,0.57,3.3681688774841243,2.7823998450408243,0.22724655956463932,40.135685286907844
060372398024,5418.387093702627,5039.516785542221,0.0,122021.76352813364,4.44,4.13,0.0,1.338912609726153,1.2452917177015934,0.0,30.152234423915704
060372400101,25918.524254068347,17505.05017207886,2095.2442410612525,181419.67015391967,14.29,9.65,1.15,6.404606822867535,4.325592100373415,0.5177461274543221,44.82977679903163
060372400102,35984.04779993494,45260.34258737901,4683.404076466397,407015.45954273804,8.84,11.12,1.15,8.891851858335635,11.18407422038888,1.1572943508801061,100.57571039334188
060372400201,11200.415233952073,8220.89550380051,332.97794881374654,302719.711236778,3.7,2.72,0.11,2.7676828789763768,2.031427519468329,0.08228064306177509,74.80366972279417
060372400202,3994.332900202485,6979.317180996444,0.0,200415.05599122774,1.99,3.48,0.0,0.9870211550113839,1.7246268343904674,0.0,49.52363886247563
060372400203,20527.31166848096,10928.716253402334,1105.1490635841496,216680.76396142968,9.47,5.04,0.51,5.072409180335382,2.7005445987433934,0.27308828093504184,53.54298283528589
060372402001,27636.364841420327,36321.63573248366,1454.257548155807,200007.64752825297,13.82,18.16,0.73,6.829094476504926,8.975271653186796,0.35935486618854523,49.4229660388193
060372402002,22178.841823716193,23768.07153861725,0.0,303314.2951357789,7.31,7.84,0.0,5.4805111693493105,5.87321838428889,0.0,74.95059460397101
060372402003,43450.49848808266,32878.105653499144,4123.119932640253,243492.7739008993,17.84,13.5,1.69,10.736852003836157,8.12435683942567,1.0188451237899427,60.168374779279965
060372403011,17121.99296367986,7958.918826314559,2076.7197624887763,217980.03011790614,7.85,3.65,0.95,4.2309366027682325,1.9666916726426629,0.51316862911019,53.86403849450939
060372403012,24913.330793768917,19681.727703280747,3062.2714879097343,250931.61656095926,9.93,7.84,1.22,6.156218109411945,4.8634608320520645,0.7567037641759589,62.0065528324683
060372403021,26436.259345606082,25693.890406583643,11988.844902387616,236495.8986505914,11.18,10.86,5.07,6.532541950160906,6.349098590294391,2.9625080929551726,58.43940925147446
060372403022,4910.867855219018,5056.536703935919,0.0,108120.46877561139,4.54,4.68,0.0,1.2135018746987354,1.249497431128808,0.0,26.71714968120619
060372404011,7013.441657703724,7808.411510216642,0.0,188935.47016358786,3.71,4.13,0.0,1.733059176224587,1.9295005048846878,0.0,46.68697142745161
060372404012,16467.340729869964,14145.503776816418,0.0,332629.13675448234,4.95,4.25,0.0,4.069168512804306,3.495430106815449,0.0,82.19444972481027
060372404013,10738.24107064755,6530.64635311571,0.0,171475.7798821669,6.26,3.81,0.0,2.6534771560487447,1.6137578583138095,0.0,42.37258800016253
060372404021,13527.49407309286,10524.609653546813,0.0,200070.8715907571,6.76,5.26,0.0,3.342716583226429,2.600687683232696,0.0,49.43858904490229
060372404022,16114.664373330912,17457.274335905528,1384.013547396994,248627.67373904944,6.48,7.02,0.56,3.982020287187274,4.313786434150891,0.34199719558525893,61.43723616258173
060372404023,4714.151572567092,5731.888764428724,0.0,152602.0505545097,3.09,3.76,0.0,1.1648922226332288,1.4163805596615189,0.0,37.70878791494377
060372405001,9960.80039131286,9643.70337294704,0.0,191348.20375296235,5.21,5.04,0.0,2.461367380413654,2.3830110007282674,0.0,47.28317088143264
060372405002,5838.9111408146855,12828.577723503433,668.8988409878267,169782.83415638076,3.44,7.56,0.39,1.4428263648038944,3.170010592047495,0.1652885032652417,41.954252000788934
060372405003,1863.514246881483,7259.241786100456,0.0,180477.44416560043,1.03,4.02,0.0,0.46048439884514614,1.7937977107167398,0.0,44.59694768675973
060372405004,12313.285302341064,17184.54720227288,2185.5257272092877,270919.9456372921,4.54,6.34,0.81,3.042679061749029,4.246394091758148,0.540055168528355,66.94577651376676
060372406001,10035.099339695485,9768.840871923165,1115.1797894948315,185115.46305240638,5.42,5.28,0.6,2.479727050396352,2.4139331501486097,0.27556692728759347,45.74302711303583
060372406002,34423.56447193069,28103.57627621885,22034.711251314697,165167.5276163149,20.84,17.02,13.34,8.506248030295993,6.944544936326636,5.4448957292749585,40.81378491761806
060372406003,4650.215273475265,6190.15473820675,0.0,163298.86832415056,2.85,3.79,0.0,1.149093219056544,1.52962054792536,0.0,40.35202915039563
060372406004,11707.13068761672,7337.799830852353,0.0,162278.254334476,7.21,4.52,0.0,2.8928949944494873,1.8132098263324719,0.0,40.09982994114637
060372407001,17682.608334600634,20597.187393682256,1939.9634913580294,293046.0079765639,6.03,7.03,0.66,4.369467677855967,5.089675848066543,0.47937541856439975,72.41324558847879
060372407002,522.2817562125092,0.0,0.0,168235.83873930806,0.31,0.0,0.0,0.12905863260223313,0.0,0.0,41.57198110812523
060372407003,487.56804763387925,0.0,0.0,284794.6242978272,0.17,0.0,0.0,0.12048068840177077,0.0,0.0,70.37428427691262
060372407004,11677.375761174295,5711.2190815146005,431.5853315174523,201347.42466469563,5.8,2.84,0.21,2.885542392000404,1.4112729697802189,0.10664705798025306,49.75403217920095
060372407005,7523.381181778637,2608.2995175528445,0.0,247073.01250350737,3.05,1.06,0.0,1.8590679768463032,0.644524847265519,0.0,61.0530710049209
060372408001,4453.21386313582,18170.627737973922,817.3291475492362,236419.03890004562,1.88,7.69,0.35,1.1004131104050459,4.490059898689902,0.20196643078938706,58.42041679349637
060372408002,4445.683971018727,2406.018150245857,0.0,201452.1144122537,2.21,1.19,0.0,1.0985524335410448,0.594540032833426,0.0,49.779901579206985
060372408003,21973.871175859666,9714.1414363602,906.0802946665484,200575.64452395082,10.96,4.84,0.45,5.429861819221151,2.4004166252577845,0.223897316853459,49.56332115311342
060372409011,6493.4583588830155,7763.629953534284,1549.0383811113038,174835.70458468387,3.71,4.44,0.89,1.604568504812941,1.9184347412380003,0.38277572007178895,43.202843475478936
060372409012,13813.707423330572,10688.333097799434,289.6106671686616,176342.72990801925,7.83,6.06,0.16,3.4134414423179145,2.641144627379858,0.07156435438767239,43.5752375428824
060372409021,8189.469169266111,6750.678775292593,3299.7306682395483,426381.71052491147,1.92,1.58,0.77,2.0236619030850918,1.6681290539309728,0.815381205514238,105.36121522988071
060372409022,11132.404576543255,5576.860292629542,0.0,292841.65734829515,3.8,1.9,0.0,2.750877079533538,1.3780721899993102,0.0,72.3627494485274
060372410011,1723.9846666216567,1723.8611816062316,0.0,168832.768875663,1.02,1.02,0.0,0.42600588868908834,0.42597537487724624,0.0,41.71948575717846
060372410012,17604.971638797626,6273.639338830913,0.0,331391.1708667517,5.31,1.89,0.0,4.350283232523714,1.5502500420092278,0.0,81.88854169187924
060372410013,14005.994084966058,15083.865402590043,0.0,406277.56527245103,3.45,3.71,0.0,3.460956511192399,3.72730431430639,0.0,100.39337274820018
060372410021,11529.039279862127,13914.26703894755,0.0,241195.02164117392,4.78,5.77,0.0,2.848887649200264,3.4382902644951394,0.0,59.60058783062348
060372410022,10130.646773278226,10250.507489424179,752.657584092803,258707.12728032522,3.92,3.96,0.29,2.5033373354200235,2.532955563406197,0.18598573943140714,63.927923374879256
060372410023,2305.707268039896,756.1133889393252,0.0,207442.23639198975,1.11,0.36,0.0,0.5697526740206141,0.1868396874062831,0.0,51.26009295604452
060372411101,14068.32260718421,17049.050941698675,1910.8589597298599,323673.34431015997,4.35,5.27,0.59,3.4763582244514,4.212912236601586,0.4721835321739977,79.98142521651523
060372411102,8462.7090865535,9081.839787864687,0.0,162961.2717962813,5.19,5.57,0.0,2.0911809570784485,2.2441714852039834,0.0,40.2686072315945
060372411201,6091.512420427259,8047.531469510737,0.0,144165.34997582386,4.23,5.58,0.0,1.5052455003616534,1.9885883336424683,0.0,35.62403380012335
060372411202,4400.177567332487,7519.6371079913015,0.0,220884.09714312607,1.99,3.4,0.0,1.0873075562989578,1.8581427960648425,0.0,54.58164908458257
060372411203,1807.2581468900607,12011.887204244522,579.4277493848715,179655.72963781285,1.01,6.69,0.32,0.4465832137969108,2.9682019697454045,0.14317971504440974,44.39389760491367
060372411204,10920.226942639123,7956.659715990123,582.9826862115018,118990.01195901948,9.18,6.69,0.49,2.698446844368857,1.9661334343241668,0.1440581590650459,29.403072295916072
060372412011,4504.090015779627,2943.938664682988,0.0,197836.62652032953,2.28,1.49,0.0,1.1129848815116754,0.7274630867524271,0.0,48.88649506448315
060372412012,0.0,5219.274319883481,0.0,163521.88823917,0.0,3.19,0.0,0.0,1.2897107717965877,0.0,40.407138571571274
060372412013,996.6865532324395,4838.026670762074,0.0,124539.67977036345,0.8,3.88,0.0,0.24628661093969614,1.1955024260269822,0.0,30.774425077454275
060372412021,3595.154443109586,4976.035063641506,2228.326731354296,262569.7335620951,1.37,1.9,0.85,0.8883820100979686,1.2296050425951246,0.550631526984785,64.88239417359347
060372412022,8072.004379866328,8883.451995478967,2826.9217020442156,245242.02071379556,3.29,3.62,1.15,1.9946357214914985,2.195148794088081,0.6985475655614442,60.60062308026092
060372412023,5259.608564810254,8478.667873690507,0.0,207271.65997979598,2.54,4.09,0.0,1.299677580775408,2.0951244592616924,0.0,51.21794260664007
060372412024,13233.268918310026,12484.116358992906,2448.5954479632605,285034.61180031963,4.64,4.38,0.86,3.2700119641165815,3.084892335169421,0.6050611122277261,70.43358648026337
060372412025,6454.727828632639,8264.061818896924,0.0,163115.5996338162,3.96,5.07,0.0,1.594997982360996,2.0420941482267607,0.0,40.306742470759566
060372413001,0.0,464.50601035437535,232.25839703753502,289475.2723362637,0.0,0.16,0.08,0.0,0.11478193488240897,0.05739229979891243,71.530897595964
060372413002,12607.039863453745,12607.038811459945,12607.038811459945,232652.8509887744,5.42,5.42,5.42,3.1152673946304974,3.1152671346771683,3.1152671346771683,57.48977149300467
060372414001,522.7398953188579,9107.38265571179,0.0,195926.81448331452,0.27,4.65,0.0,0.12917184124087244,2.250483265307107,0.0,48.41457023254597
060372414002,822.114426818038,2997.887545905973,339.2577877013282,379629.8062089168,0.22,0.79,0.09,0.20314889904853128,0.7407941456267596,0.0838324250456433,93.80856807956044
060372420001,4127.879463519459,6256.486527072485,0.0,225194.6996544662,1.83,2.78,0.0,1.0200212294834536,1.5460114899164268,0.0,55.6468221625006
060372420002,18184.86956926797,19308.19119875658,0.0,287204.91462759994,6.33,6.72,0.0,4.493579131844608,4.771157951609709,0.0,70.96987998829773
060372420003,1239.902488304007,4083.889939614709,0.0,134326.8555983515,0.92,3.04,0.0,0.30638657735444913,1.0091511813984115,0.0,33.19288889391548
060372421001,15778.983477170565,32779.60194933207,24132.65435891968,459608.9551182212,3.43,7.13,5.25,3.899071731290331,8.100016044031538,5.963308761176098,113.57184618021331
060372422011,1937.1741745591746,1466.8385020195722,0.0,235556.32696699846,0.82,0.62,0.0,0.47868616337278597,0.36246368759227177,0.0,58.207236032184476
060372422012,5034.010542991593,2512.5828206592632,0.0,174058.55133024152,2.89,1.44,0.0,1.2439310955356697,0.6208727363668535,0.0,43.01080472408151
060372422021,0.0,0.0,0.0,248404.19822171066,0.0,0.0,0.0,0.0,0.0,0.0,61.382014159621164
060372422022,1297.9434281977074,837.538739114715,0.0,155200.29086149126,0.84,0.54,0.0,0.3207288059475948,0.20696032962247032,0.0,38.35082707714381
060372423001,1830.2071146737828,2180.344336856127,0.0,243063.45635378663,0.75,0.9,0.0,0.4522540272353851,0.5387748190886069,0.0,60.062288103030134
060372423002,42515.881301037196,36204.1962256773,30667.27876385982,217046.1738572771,19.59,16.68,14.13,10.505903067305518,8.946251719058095,7.5780496175034795,53.63327758699115
060372423003,2375.7064078228195,9188.751042559012,0.0,169919.14137794529,1.4,5.41,0.0,0.5870498381590469,2.270589831578358,0.0,41.987934248770365
060372426001,2261.6510203355706,882.1564476134348,0.0,177591.58686501745,1.27,0.5,0.0,0.5588661381256249,0.21798560550123727,0.0,43.88383681763936
060372426002,34003.37887883381,3079.9387849274417,0.0,180457.8325527302,18.84,1.71,0.0,8.402417909026783,0.7610694483450131,0.0,44.59210155168024
060372426003,5772.236779835713,5772.247390187627,0.0,117944.66780904261,4.89,4.89,0.0,1.4263507714001058,1.4263533932751633,0.0,29.14476213097157
060372427001,3309.689874627278,5661.518236040892,1215.1422399120177,176052.63763950998,1.88,3.22,0.69,0.8178421790077882,1.3989916234001976,0.30026818673032485,43.503554182211744
060372427002,7766.8226617944665,20272.14593894066,1006.0152438832531,355954.51140089234,2.18,5.7,0.28,1.9192236766305462,5.009356355399978,0.24859178060155462,87.95827532467595
060372427003,2721.069987909621,26056.896334687823,0.0,483186.02978941513,0.56,5.39,0.0,0.6723910373612618,6.438799308633417,0.0,119.39786821071854
060372430011,2838.6935778616426,8787.29030191619,603.7940345073596,204110.42371997202,1.39,4.31,0.3,0.7014564594258936,2.1713867221177225,0.14920075522453988,50.43678411474844
060372430012,906.0293369943195,1510.031237648027,0.0,142463.48275288686,0.64,1.06,0.0,0.2238847249384242,0.37313684500635147,0.0,35.20349325079304
060372430021,669.0731061425561,3238.4185419736305,0.0,204931.94254479304,0.33,1.58,0.0,0.16533156512277752,0.8002306491647353,0.0,50.639785837338295
060372430022,1277.0501417033433,5600.070047183063,0.0,186844.23363674688,0.68,3.0,0.0,0.3155659624183022,1.3838074452520175,0.0,46.170215627748505
060372431001,4014.2732886245776,4377.411185384071,0.0,255795.79324518415,1.57,1.71,0.0,0.9919485322990286,1.0816818608029672,0.0,63.20851706754738
060372431002,0.0,0.0,0.0,181712.96694148536,0.0,0.0,0.0,0.0,0.0,0.0,44.902252013606144
060372431003,4212.042206040437,7573.726225588151,301.9288134367498,148514.52584548024,2.84,5.1,0.2,1.0408182960794228,1.8715085081018343,0.07460823462021665,36.69873856246258
060372611021,665.0860206998411,0.0,0.0,2427166.1828145115,0.03,0.0,0.0,0.16434633485351327,0.0,0.0,599.7658254885835
060372611022,2642.863942905321,0.0,0.0,1501955.8457548823,0.18,0.0,0.0,0.653065902777436,0.0,0.0,371.14137221209916
060372611023,9554.860727703059,0.0,0.0,4023192.7394467434,0.24,0.0,0.0,2.3610575049847013,0.0,0.0,994.1525765969175
060372611031,2362.9237252896246,0.0,0.0,2080114.1265974964,0.11,0.0,0.0,0.583891168515508,0.0,0.0,514.0073947481138
060372611041,79152.12571778959,0.0,0.0,4597463.330299186,1.72,0.0,0.0,19.558916219431424,0.0,0.0,1136.0579300148845
060372612001,104588.54222738974,17875.190755926604,14164.515410414931,4170100.1143384404,2.51,0.43,0.34,25.84439162419387,4.417055830541591,3.5001279837881234,1030.45417950987
060372612002,1288.4496779336264,0.0,0.0,3420519.017482979,0.04,0.0,0.0,0.3183828491670351,0.0,0.0,845.2286566308252
060372621001,11394.259944929481,1075.6307001167072,0.0,1706197.4928796666,0.67,0.06,0.0,2.8155829502278418,0.26579413447013306,0.0,421.6105823363511
060372621002,0.0,2289.2877948966857,0.0,2368394.1627440318,0.0,0.1,0.0,0.0,0.5656953338460713,0.0,585.2429430494716
060372621003,525525.1480435488,36954.75239855813,0.0,4697278.289270171,11.19,0.79,0.0,129.86009217788967,9.13171818847035,0.0,1160.7227435275395
060372622001,14747.8917277014,9852.843148024902,1358.2971966811485,1160640.9527826465,1.27,0.85,0.12,3.6442834112101066,2.4346905646288395,0.3356425469316765,286.80062538377007
060372622002,291025.7138337878,6837.792646619861,0.0,5452548.579243992,5.34,0.13,0.0,71.91402003365224,1.6896553603363789,0.0,1347.354096642337
060372622003,0.0,3878.8350749870997,0.0,1955432.1287338035,0.0,0.2,0.0,0.0,0.9584810208529081,0.0,483.1978021039177
060372623011,9250.672473548568,0.0,0.0,13057237.820451396,0.07,0.0,0.0,2.2858909504040246,0.0,0.0,3226.5137325301407
060372623021,25833.9581640723,32781.51364629241,0.0,1948618.2123426455,1.33,1.68,0.0,6.383710086939876,8.100488434638173,0.0,481.5140466947952
060372623022,1497.0970784231558,0.0,0.0,1114962.2942065,0.13,0.0,0.0,0.36994074465713267,0.0,0.0,275.513183031403
060372623031,3260.00472234483,0.0,0.0,860916.6891562644,0.38,0.0,0.0,0.8055647104997796,0.0,0.0,212.73714688540772
060372623032,0.0,0.0,0.0,710770.6759434832,0.0,0.0,0.0,0.0,0.0,0.0,175.63525901468938
060372623033,7607.230237869533,0.0,0.0,1042659.3214952126,0.73,0.0,0.0,1.879787529837306,0.0,0.0,257.6467293783703
060372624001,0.0,0.0,0.0,1976461.7985695289,0.0,0.0,0.0,0.0,0.0,0.0,488.3943466908031
060372624002,6865.254555796955,0.0,0.0,9292278.212833093,0.07,0.0,0.0,1.6964413458794012,0.0,0.0,2296.171952481151
060372625011,464.5133676154956,0.0,0.0,268323.6940741826,0.17,0.0,0.0,0.11478375290122464,0.0,0.0,66.30422878087987
060372625012,18539.211769939593,24378.4708055424,2672.532329844434,253069.83163199323,7.33,9.63,1.06,4.581138996511484,6.024051327989708,0.660397120849541,62.53491728325499
060372625013,1744.2722949602205,2374.3606730903944,0.0,1117000.471380738,0.16,0.21,0.0,0.43101907082875324,0.5867172998646374,0.0,276.0168275795408
060372626011,0.0,4404.568837034105,0.0,991598.6992615816,0.0,0.44,0.0,0.0,1.0883926626737013,0.0,245.0293748433781
060372626012,11855.152491704357,0.0,0.0,2628750.5825609937,0.45,0.0,0.0,2.929471978814021,0.0,0.0,649.5784154857674
060372626041,5688.428286266015,3579.5560970764536,1141.8238093637801,257484.31652543647,2.21,1.39,0.44,1.405641241626377,0.8845275748511946,0.28215080798112874,63.625760256830326
060372626042,2796.4888484649114,0.0,0.0,2141762.7894531344,0.13,0.0,0.0,0.6910274436685958,0.0,0.0,529.2411110999968
060372626043,8516.257366910431,19891.741323351172,0.0,1962165.361185949,0.43,1.01,0.0,2.104413025322959,4.915356327752868,0.0,484.8616200775122
060372626044,0.0,0.0,0.0,382500.40517785493,0.0,0.0,0.0,0.0,0.0,0.0,94.51790853281915
060372626045,17783.956025824355,16925.33378215615,0.0,1262065.6020963746,1.41,1.34,0.0,4.394511237756621,4.182341060698795,0.0,311.86320204261233
060372627041,0.0,0.0,0.0,613613.8011250221,0.0,0.0,0.0,0.0,0.0,0.0,151.62727240051592
060372627042,31269.33035495682,66424.98496578702,9027.834738909165,1861490.0098066365,1.68,3.57,0.48,7.726819805584417,16.413971248921523,2.2308265469806763,459.98419897058625
060372627061,23551.9814448998,26109.594889838678,8398.76086598859,1910128.2159116226,1.23,1.37,0.44,5.819821359249565,6.451821405206737,2.0753790076416103,472.00296144403745
060372627062,15588.347020035431,26794.50959019775,2347.767576978781,647562.5102721939,2.41,4.14,0.36,3.851964436828405,6.621067513511435,0.5801460027055841,160.01618112464564
060372627063,7590.353270628799,6711.962317498603,0.0,271643.2163788672,2.79,2.47,0.0,1.8756171404092754,1.6585620088587314,0.0,67.12450060626772
060372628021,1080.2421759524136,3176.196198217318,0.0,1115424.832680526,0.1,0.28,0.0,0.2669336549656419,0.7848551731750506,0.0,275.62747877747046
060372628022,22322.995384549133,22196.17898243438,4145.643136698715,461482.66142999573,4.84,4.81,0.9,5.516132289988785,5.484795274567925,1.0244107287206718,114.0348490931418
060372628023,1772.9073291954642,0.0,0.0,1826930.4588168135,0.1,0.0,0.0,0.43809494188677844,0.0,0.0,451.4443479399121
060372640001,0.0,0.0,0.0,861991.7739692841,0.0,0.0,0.0,0.0,0.0,0.0,213.00280612823852
060372640002,26669.1993308722,32115.23937308692,3716.1894066044106,619652.7899511633,4.3,5.18,0.6,6.590102674079046,7.935848476195971,0.9182904009232217,153.1195390380755
060372640003,1498.3310672355278,0.0,0.0,386416.4776936345,0.39,0.0,0.0,0.37024566993334007,0.0,0.0,95.48559112568394
060372641021,26661.212580161064,10538.482170457515,440.8481947964887,212004.22383389666,12.58,4.97,0.21,6.588129104997887,2.6041156568158246,0.10893596134429756,52.38738460312534
060372641022,4699.914773236957,0.0,0.0,184483.4608933973,2.55,0.0,0.0,1.1613742329038843,0.0,0.0,45.58685597844582
060372641031,0.0,0.0,0.0,93010.98684373172,0.0,0.0,0.0,0.0,0.0,0.0,22.983515384657824
060372641032,9953.306362365041,29767.55576610566,4147.274673425375,137515.53494882653,7.24,21.65,3.02,2.459515565531777,7.355723222928656,1.0248138902258908,33.98082872119109
060372643031,12414.002237599048,30036.10864404581,4710.137608553839,124469.53667088292,9.97,24.13,3.78,3.067566758456157,7.422084084276162,1.1639003505245382,30.75709234009985
060372643032,1463.2833099197283,0.0,0.0,91989.71538683101,1.59,0.0,0.0,0.36158518049225075,0.0,0.0,22.731153711718846
060372643041,11139.948198033659,11199.148910319465,8120.526407053786,57893.26257529264,19.24,19.34,14.03,2.752741148999568,2.7673699635920803,2.006625775529215,14.305736733046453
060372643042,14239.564475821036,29390.24348763944,5939.022089865413,145819.55019759227,9.77,20.16,4.07,3.5186730117240534,7.262487328426015,1.4675643190581145,36.0327955769465
060372643051,8593.784680760344,7607.984375581244,0.0,113317.63499133199,7.58,6.71,0.0,2.1235704417859664,1.879973881324237,0.0,28.001397421490093
060372643052,16602.786009438438,15613.664295110384,5251.996745968584,1046855.3654647967,1.59,1.49,0.5,4.102637770280001,3.8582204717435107,1.297796659376878,258.68359442412736
060372643053,0.0,0.0,0.0,185790.4282019432,0.0,0.0,0.0,0.0,0.0,0.0,45.90981463378917
060372643061,47515.60375679689,39169.52196228402,9390.945277122177,356650.0605989353,13.32,10.98,2.63,11.741361391965969,9.678999666376704,2.3205531150405503,88.13014927458754
060372651001,3802.5480938533815,4659.7890467312245,0.0,374960.8658661523,1.01,1.24,0.0,0.9396300972788822,1.151458949949038,0.0,92.65484779511416
060372651002,8663.14742103735,0.0,0.0,1987114.5219342788,0.44,0.0,0.0,2.1407103481817242,0.0,0.0,491.02669196151385
060372652011,0.0,1185.5228752885469,0.0,265145.3130322796,0.0,0.45,0.0,0.0,0.292949082336227,0.0,65.51883372107241
060372652012,0.0,1018.8917237324627,0.0,173681.29157515973,0.0,0.59,0.0,0.0,0.2517736280666478,0.0,42.91758180838981
060372652031,0.0,0.0,0.0,160768.35273686584,0.0,0.0,0.0,0.0,0.0,0.0,39.726725130891026
060372652032,9916.863136549466,12137.566052167802,0.0,149277.99176605252,6.64,8.13,0.0,2.4505102483147256,2.999257889403841,0.0,36.88739510000278
060372652041,74599.40081342602,113041.45316961277,28854.797326661235,265281.39182695496,28.12,42.61,10.88,18.433913395223602,27.93315140707987,7.130175700562367,65.55245952354026
060372653011,0.0,0.0,0.0,1019177.4459352534,0.0,0.0,0.0,0.0,0.0,0.0,251.84423156056206
060372653012,0.0,0.0,0.0,576654.7345597203,0.0,0.0,0.0,0.0,0.0,0.0,142.49448815822663
060372653031,756.1592173598916,0.0,0.0,47605.78862758783,1.59,0.0,0.0,0.1868510118556292,0.0,0.0,11.763646558865332
060372653032,0.0,0.0,0.0,43360.25109748367,0.0,0.0,0.0,0.0,0.0,0.0,10.714551387955776
060372653033,0.0,0.0,0.0,57033.592966517834,0.0,0.0,0.0,0.0,0.0,0.0,14.093307746434427
060372653041,0.0,1970.9860471343763,0.0,87346.91602267747,0.0,2.26,0.0,0.0,0.4870412590436004,0.0,21.58389300376417
060372653042,0.0,0.0,0.0,43638.684492637636,0.0,0.0,0.0,0.0,0.0,0.0,10.783353778278496
060372653061,1183.8807888710642,1917.3391367303516,0.0,93247.92335492649,1.27,2.06,0.0,0.29254331394563293,0.473784818783679,0.0,23.042063671640104
060372653071,4963.164773002462,9987.52992807293,408.8008448681396,163280.91168401734,3.04,6.12,0.25,1.2264247245171704,2.4679723927911916,0.10101688871524112,40.347591967985636
060372653072,0.0,0.0,0.0,54291.85449651168,0.0,0.0,0.0,0.0,0.0,0.0,13.415809415920355
060372654101,123976.91258705808,0.0,0.0,352766.9089945981,35.14,0.0,0.0,30.635362277946395,0.0,0.0,87.17060161610296
060372654102,2934.7604257809107,4307.135110662408,0.0,357782.6423114816,0.82,1.2,0.0,0.7251950945273326,1.0643162645508557,0.0,88.41001631070903
060372654201,1695.2827667572571,0.0,0.0,391763.43304078595,0.43,0.0,0.0,0.4189134947742635,0.0,0.0,96.8068525664297
060372654202,2482.1430937901923,3073.2885909109964,0.0,339019.43488600425,0.73,0.91,0.0,0.6133509160471154,0.7594261496157488,0.0,83.7735267822889
060372655211,2491.860525374008,33508.995455731165,0.0,95607.94096748339,2.61,35.05,0.0,0.6157521456855153,8.28025310466996,0.0,23.62523672406021
060372655212,0.0,0.0,0.0,35383.52793018705,0.0,0.0,0.0,0.0,0.0,0.0,8.743460166842969
060372655221,11976.022049506375,37955.886120502546,3460.0877009804694,173235.467667826,6.91,21.91,2.0,2.959339497002456,9.379103718731068,0.855006291260626,42.80741632170093
060372655222,7187.686223154469,8509.128874214985,1044.545981206002,79245.3429078704,9.07,10.74,1.32,1.776115946038874,2.1026515364161646,0.2581129331459036,19.581950688745643
060372655231,12033.95691860259,15793.97733333322,2847.580356759228,179823.09863281657,6.69,8.78,1.58,2.9736555149307264,3.902776793837068,0.7036524303153958,44.43525538426984
060372655232,23459.48003905259,27784.817932505885,4317.670648938563,158657.06215142756,14.79,17.51,2.72,5.796963764071441,6.865778034207603,1.066919652755547,39.20501386538827
060372655241,615.0775825548797,4064.58611426506,0.0,190903.5889944416,0.32,2.13,0.0,0.15198898066912542,1.004381102271611,0.0,47.17330418192244
060372655242,8564.10012692661,43243.4788571368,2936.693102869537,238382.9984950417,3.59,18.14,1.23,2.116235228787199,10.685696338960087,0.7256726694365704,58.90572177840398
060372656011,8668.240218244711,6549.291578382189,0.0,286936.1580902133,3.02,2.28,0.0,2.141968805778384,1.618365193815824,0.0,70.90346880160502
060372656012,3779.94044243842,8956.557537957393,0.0,336175.144172908,1.12,2.66,0.0,0.9340436249519115,2.2132135670495767,0.0,83.07068724062573
060372656021,0.0,0.0,0.0,139561.5967414051,0.0,0.0,0.0,0.0,0.0,0.0,34.48642160095161
060372656022,5337.857299581548,3653.6643188436597,0.0,196347.18416324697,2.72,1.86,0.0,1.3190132642303916,0.9028401152608333,0.0,48.518445842662906
060372657011,15294.486129630905,23822.18580571889,3518.074102645569,857725.3256730997,1.78,2.78,0.41,3.779349829406714,5.886590310903858,0.8693350431639887,211.94854379449993
060372657021,4434.855343974981,6868.79388634999,0.0,92049.19119297927,4.82,7.46,0.0,1.0958766215246345,1.6973159335058474,0.0,22.74585050348518
060372657022,0.0,0.0,0.0,150634.08169650836,0.0,0.0,0.0,0.0,0.0,0.0,37.22249221957185
060372657023,671.103017835521,0.0,0.0,132708.9186112641,0.51,0.0,0.0,0.16583316722601227,0.0,0.0,32.79308795753141
060372671011,20113.70491290403,9805.282144515239,0.0,218764.15118304358,9.19,4.48,0.0,4.970204725221148,2.4229379847136228,0.0,54.05779902942661
060372671012,501.6686710288019,0.0,0.0,265639.57324746356,0.19,0.0,0.0,0.12396502832469797,0.0,0.0,65.6409680800895
060372671021,10111.229817302094,13848.9052509736,5169.744526171131,287152.2959348965,3.52,4.82,1.8,2.4985393011066104,3.4221390149444604,1.2774716932273071,70.95687762616495
060372671022,7305.863622513347,8883.004400860713,0.0,332421.46464259294,2.2,2.67,0.0,1.805318217388247,2.195038191049195,0.0,82.14313282838174
060372672011,8548.253454531858,4748.406117672717,0.0,74829.16290462426,11.42,6.35,0.0,2.1123194307601083,1.1733567050685383,0.0,18.490688844415835
060372672012,32532.04217233301,71098.3901520628,3404.6975631998207,292964.11909484223,11.1,24.27,1.16,8.038842690900259,17.568794820226827,0.84131909013482,72.39301040512305
060372672013,11782.718929115388,12456.709719463526,0.0,232072.40090947598,5.08,5.37,0.0,2.9115732556994476,3.078120007053781,0.0,57.34633915473699
060372672021,29406.511037289358,25648.547297382112,3710.2882115418934,158952.13458792074,18.5,16.14,2.33,7.266507127487794,6.337894063998239,0.9168321838661861,39.27792785236836
060372672022,7574.40907512156,11908.628746707047,627.3654562900304,164761.50424357032,4.6,7.23,0.38,1.871677243896272,2.942686249205896,0.1550253803958702,40.713454357211425
060372672023,18276.914384095166,25290.149393229436,4299.015028831752,252204.21882917418,7.25,10.03,1.7,4.516323900924557,6.24933201317556,1.0623097486325468,62.32101970141153
060372673001,29155.526785034366,30461.732777172572,4528.704795655682,172536.45289349856,16.9,17.66,2.62,7.204487568092073,7.527258098054082,1.1190673260826782,42.634686009239566
060372673002,18508.46755448705,21156.975761776976,872.3034378257305,126938.8286865763,14.58,16.67,0.69,4.573541935424176,5.22800256630547,0.21555087375904688,31.367267685591585
060372673003,3197.980119017727,3870.592364364945,0.0,130831.48322535362,2.44,2.96,0.0,0.7902380972342862,0.9564442027002971,0.0,32.32916357031605
060372674031,3287.4300498303755,10141.113838362733,0.0,69599.51475811945,4.72,14.57,0.0,0.8123416565099573,2.5059238035305724,0.0,17.19841464423471
060372674032,0.0,0.0,0.0,81155.28627044495,0.0,0.0,0.0,0.0,0.0,0.0,20.053907971935306
060372674033,1362.8292754248841,0.0,0.0,83471.36921380783,1.63,0.0,0.0,0.33676244797848653,0.0,0.0,20.626224531164585
060372674041,5249.803300718838,4603.024780042372,0.0,173127.80952395784,3.03,2.66,0.0,1.2972546472517121,1.1374321941751853,0.0,42.780813414992345
060372674042,34312.432058890445,18309.368673591565,0.0,111321.26223996609,30.82,16.45,0.0,8.478786612978316,4.52434353051081,0.0,27.50808297121317
060372674051,5455.235063277956,17416.325812977586,0.0,86592.08623617011,6.3,20.11,0.0,1.3480179413043551,4.3036678337722645,0.0,21.397370501426494
060372674052,10213.51001907075,9395.828715973275,3680.6149246938166,127098.05141414856,8.04,7.39,2.9,2.523813289381193,2.3217598390607224,0.9094997550002075,31.406612478426574
060372674061,23113.318131324348,16658.352054604482,5670.15323254127,215158.26621354805,10.74,7.74,2.64,5.711425293812852,4.116368439067378,1.401125377504391,53.1667654485127
060372675021,17219.186740115274,29050.20120769314,7692.271981709784,196681.65317504766,8.75,14.77,3.91,4.2549537079705395,7.17846105112492,1.900801802389584,48.60109493541286
060372675022,2620.1792648389755,0.0,0.0,238038.6089333083,1.1,0.0,0.0,0.6474603967503919,0.0,0.0,58.82062126437854
060372675031,30205.709574138953,25565.279459622263,0.0,197552.73914197288,15.29,12.94,0.0,7.463993386804014,6.317318133184646,0.0,48.81634496556061
060372675041,14015.392719915206,3984.3176841135455,836.8862239558846,131690.10394986236,10.64,3.03,0.64,3.4632789644667787,0.9845463412192504,0.2067990896152344,32.541333371981395
060372675042,6609.93647848149,6609.941501465706,4528.087070316984,124616.122544832,5.3,5.3,3.63,1.6333508749889,1.6333521161953308,1.1189146828272174,30.793314498399734
060372676001,464.70505636132344,0.0,0.0,216065.3484976177,0.22,0.0,0.0,0.1148311202218854,0.0,0.0,53.39091036233984
060372676002,73074.07578401841,106121.9769308165,27711.602352935206,499073.92155996285,14.64,21.26,5.55,18.056997371970418,26.22331159153913,6.84768607048845,123.32385176738877
060372676003,82547.84323109919,189212.21110270897,4861.6916744036735,557970.5850014853,14.79,33.91,0.87,20.398016290912526,46.75535560278072,1.2013501757792615,137.87753425424944
060372677001,2285.790993258169,8845.153814961115,1151.7993754254778,130947.46176256567,1.75,6.75,0.88,0.5648312553432705,2.185685107581719,0.2846158240381555,32.35782249099584
060372677002,79394.64782405064,158836.18300065442,13240.029511946635,683723.8013210521,11.61,23.23,1.94,19.61884473701328,39.249275591165194,3.2716825431861003,168.95183074361896
060372678001,63392.628807737055,18350.009890390946,12228.653901220323,330361.8921157232,19.19,5.55,3.7,15.664659723742279,4.5343861938913115,3.0217661870909875,81.6342013734703
060372678002,35263.879789029226,49263.85815670841,8491.567969338954,319862.8577821037,11.02,15.4,2.65,8.713894467280328,12.173364462357757,2.0983121423178646,79.0398334894244
060372678003,65495.18876977867,106493.85165708858,12319.067616286393,500979.4158241503,13.07,21.26,2.46,16.18421360522016,26.31520383763259,3.0441079026422524,123.79470965442431
060372679011,128683.28974916047,310972.8691315752,0.0,966531.1078362904,13.31,32.17,0.0,31.798333401916064,76.84306945269678,0.0,238.83503810176845
060372679012,0.0,0.0,0.0,153125.66479425706,0.0,0.0,0.0,0.0,0.0,0.0,37.83817581139818
060372679021,15200.700593594944,18886.09087408681,2742.677015428385,359949.600401966,4.22,5.25,0.76,3.756174918748445,4.666854689864771,0.6777302501386575,88.94548331628154
060372679022,5085.1842024707785,3244.510078995132,0.0,225441.11333010395,2.26,1.44,0.0,1.2565763821823446,0.8017359007441548,0.0,55.707712307817786
060372679023,2408.403472359214,10776.792147468212,459.8651634181086,192693.00019176313,1.25,5.59,0.24,0.5951294587641691,2.663003334592484,0.11363515662989204,47.61547731843819
060372690001,0.0,0.0,0.0,354415.2125203204,0.0,0.0,0.0,0.0,0.0,0.0,87.57790628760024
060372690002,0.0,0.0,0.0,414512.4072219356,0.0,0.0,0.0,0.0,0.0,0.0,102.42824650944937
060372690003,853.2460407675245,1865.5346403178453,0.0,240961.0910317786,0.35,0.77,0.0,0.21084168838920764,0.46098364893595223,0.0,59.542782318152
060372690004,8098.156717704035,15296.78789390228,0.0,941821.5424643562,0.86,1.62,0.0,2.001098104909143,3.7799186077450395,0.0,232.7291715246488
060372690005,0.0,0.0,0.0,343082.9379651744,0.0,0.0,0.0,0.0,0.0,0.0,84.77764026076024
060372691001,652.4359531265848,0.0,0.0,348001.4926584451,0.19,0.0,0.0,0.16122043508023834,0.0,0.0,85.99304159450801
060372691002,9983.869033705076,7435.582647026271,513.1708789647565,112261.48928032455,8.89,6.62,0.46,2.4670677660919123,1.8373724864240617,0.12680728580442668,27.74041813268669
060372691003,18716.106978674896,32609.6535298507,5656.554974851132,205215.0675710928,9.12,15.89,2.76,4.624850754545736,8.058020875005852,1.3977651748505808,50.709747554965
060372691004,18252.08724088341,26752.57388387142,1086.9876447700722,173807.75895917392,10.5,15.39,0.63,4.510188980230477,6.610704974802572,0.26860049661100427,42.9488325795598
060372693001,0.0,0.0,0.0,1048871.1993196623,0.0,0.0,0.0,0.0,0.0,0.0,259.18171781780836
060372693002,1135.1088280754975,0.0,0.0,286044.49094598857,0.4,0.0,0.0,0.28049149996834283,0.0,0.0,70.68313305178962
060372693003,659.649070441644,0.0,0.0,436334.1458591345,0.15,0.0,0.0,0.16300283518594344,0.0,0.0,107.8205155596712
060372693004,1427.3631898319973,0.0,0.0,209504.31026047474,0.68,0.0,0.0,0.3527091255156256,0.0,0.0,51.76964250592997
060372693005,18880.453335494454,26311.085026557932,1994.7737110053827,227830.92361231678,8.29,11.55,0.88,4.665461623740371,6.50161070230262,0.4929193187986581,56.29824728923814
060372695001,1010.6498907448891,1010.65011800917,0.0,277160.3021003852,0.36,0.36,0.0,0.2497370267822648,0.2497370829404916,0.0,68.48780217807047
060372695002,715.2577142070044,0.0,0.0,251983.95938293322,0.28,0.0,0.0,0.17674403031645453,0.0,0.0,62.26659240692641
060372695003,1096.7844359918417,0.0,0.0,515050.94651309843,0.21,0.0,0.0,0.27102133644301385,0.0,0.0,127.27186061314376
060372695004,660.7173519567017,0.0,0.0,340040.4216393988,0.19,0.0,0.0,0.1632668132972361,0.0,0.0,84.02581810345937
060372696011,585.1413709583934,0.0,0.0,62398.25302471708,0.94,0.0,0.0,0.1445915816828939,0.0,0.0,15.418944116557418
060372696012,12525.964822125752,13103.555227528432,0.0,96803.09717622951,12.94,13.54,0.0,3.095233315615678,3.2379590130744815,0.0,23.920566254935267
060372696013,60620.56862150789,59983.144027230286,59983.144027230286,174461.9424144912,34.75,34.38,34.38,14.97966873397418,14.82215768644866,14.82215768644866,43.11048483183548
060372696021,2482.0851928185953,3236.026038487912,0.0,155035.8508960966,1.6,2.09,0.0,0.6133366084054416,0.7996394486782353,0.0,38.31019307676652
060372696022,3913.815198326707,4476.453518392302,0.0,135562.27968370126,2.89,3.3,0.0,0.9671247975745103,1.1061557542823641,0.0,33.498168833799554
060372697001,4139.825076043129,2580.3214119410227,0.0,296768.4062999455,1.39,0.87,0.0,1.0229730546229743,0.6376113068055811,0.0,73.33307024615074
060372697002,8131.872890887189,16228.26109064199,0.0,245044.8581663926,3.32,6.62,0.0,2.0094295527451793,4.010090647351846,0.0,60.55190315377387
060372697003,14296.604853417577,11221.719115429087,1434.1855973264305,180071.8683652625,7.94,6.23,0.8,3.5327679959890776,2.7729471827354857,0.35439497912206197,44.49672772390337
060372697004,9370.264115504691,11482.367396754898,0.0,175738.76661434973,5.33,6.53,0.0,2.315442688709877,2.8373547757212614,0.0,43.42599496280803
060372698001,18314.95940084406,16622.47999440485,13330.000982257963,266778.01173461234,6.87,6.23,5.0,4.525725029301218,4.107504259947735,3.2939149776785426,65.92228235673329
060372698002,3472.1226293962904,4028.7831334634784,0.0,200317.38824874265,1.73,2.01,0.0,0.8579801868377475,0.9955339930429745,0.0,49.499504637711816
060372699031,9270.461436292726,9846.532420975851,571.833521332954,97839.02963643213,9.48,10.06,0.58,2.2907809095917595,2.4331311500140487,0.14130314042469203,24.176550740687855
060372699032,24875.760042785583,26060.72933253575,3395.9672603731196,185992.69674446643,13.37,14.01,1.83,6.146934174658201,6.439746463028792,0.8391617853245041,45.95979627914818
060372699051,34200.610637855796,40516.984651649705,5192.571651396591,158306.54756654435,21.6,25.59,3.28,8.45115493807735,10.011964948245183,1.2831123987139432,39.118399825180894
060372699052,12606.20153719127,9951.818795419085,0.0,79727.06632218215,15.81,12.48,0.0,3.1150602396996145,2.459147979734139,0.0,19.70098713680081
060372699061,4649.733778095135,1908.6835362118118,0.0,92902.12497045273,5.0,2.05,0.0,1.1489742389569622,0.47164597331571784,0.0,22.95661502993399
060372699062,1201.800377286074,2336.6293028489895,0.0,115096.72594778791,1.04,2.03,0.0,0.29697134067665854,0.5773936752278561,0.0,28.441020370949918
060372699071,0.0,1404.6383014154376,0.0,113951.80950197866,0.0,1.23,0.0,0.0,0.34709368329465284,0.0,28.15810535586019
060372699072,27535.525472950623,18179.16312635389,346.4484512078778,162848.93763166494,16.91,11.16,0.21,6.804176525892312,4.492169039091504,0.08560927669443126,40.24084885499518
060372699081,20154.62733733781,12819.292500760905,1665.9605256802506,118100.5555331599,17.07,10.85,1.41,4.980316876521418,3.167716163539695,0.4116678112074576,29.18328282650562
060372699082,3719.2077451565283,910.1356442848389,0.0,49354.47482737353,7.54,1.84,0.0,0.9190362486225397,0.2248994155678694,0.0,12.195756329329745
060372699091,4377.7442299313125,4404.826989887882,945.5014855035525,44543.18061858608,9.83,9.89,2.12,1.081764157902859,1.0884564536331105,0.23363850525312685,11.006859638516557
060372699092,16368.881361702714,13574.954852626706,1452.0609850951794,125358.89077209609,13.06,10.83,1.16,4.044838673074322,3.3544443972578692,0.3588120836355322,30.976856524539514
060372701011,59610.53878395885,62626.44247146844,32678.783934600026,268845.4810674965,22.17,23.29,12.16,14.730084925673406,15.475330956843694,8.075103370042413,66.4331651549073
060372701012,1990.0494999164903,627.0246076650394,0.0,105673.09692178601,1.88,0.59,0.0,0.4917519408154059,0.15494115486636925,0.0,26.112390925674667
060372701021,9580.804674997346,14656.483772968102,417.7042314775184,89312.92277699403,10.73,16.41,0.47,2.36746839397762,3.6216960136866017,0.10321696345970131,22.06970385275659
060372701022,9180.982073363415,3516.0428279398984,1511.9785417792505,107013.85023361791,8.58,3.29,1.41,2.2686700774816733,0.8688331042529793,0.37361803433653007,26.443698284248253
060372702001,12519.329995799308,23153.68490141739,232.183485682964,240121.12546668117,5.21,9.64,0.1,3.093593814325313,5.72140013993529,0.05737378880006494,59.33522230676932
060372702002,31602.5604979283,62625.54980080331,0.0,253763.47483464642,12.45,24.68,0.0,7.8091627671797434,15.475110373118461,0.0,62.706320251448716
060372702003,19161.507342482437,24450.47565485193,3562.649194873048,270337.7619688149,7.09,9.04,1.32,4.734911581350012,6.041844113745825,0.880349788332794,66.80191579628374
060372703001,6122.502763598931,12295.016505866653,0.0,466828.01521093916,1.31,2.63,0.0,1.5129033809328878,3.0381647438272736,0.0,115.35571477825879
060372703002,26943.18486700543,44846.34657720603,4667.818443700295,509731.75729375845,5.29,8.8,0.92,6.657805974501733,11.0817735783692,1.1534430571500314,125.95746033200271
060372711001,538.806545912563,3705.9576518197823,0.0,303913.13570152613,0.18,1.22,0.0,0.13314199706472962,0.9157620792540876,0.0,75.09857133040799
060372711002,0.0,3767.4397222883545,0.0,240599.68355031262,0.0,1.57,0.0,0.0,0.9309546297306153,0.0,59.45347658457926
060372711003,423.61137416644306,9005.069226792537,0.0,259878.14479429717,0.16,3.47,0.0,0.10467665020722902,2.2252010664248014,0.0,64.21728810437403
060372712001,3227.910562997458,10032.004634313544,0.0,248465.3013229956,1.3,4.04,0.0,0.7976340710113793,2.4789623320424186,0.0,61.39711306477301
060372712002,23872.708772196525,33201.179853715745,1194.3953849003403,276014.3646910021,8.65,12.03,0.43,5.899074807808167,8.204190212912394,0.29514152720842035,68.20463487738736
060372713001,2867.88470215274,24947.541068928225,21798.69400477359,398625.3415381908,0.72,6.26,5.47,0.7086697433293007,6.164671652505283,5.3865745975355885,98.5024670832737
060372713002,6973.826455256283,6205.490445289193,2819.4255870651036,283863.04468870186,2.46,2.19,0.99,1.7232700465119133,1.5334100836740359,0.696695235210009,70.14408594223268
060372713003,2978.596768585123,3172.7230052626237,0.0,346181.54976830655,0.86,0.92,0.0,0.7360272907380928,0.7839969285050719,0.0,85.54332391239187
060372713004,4870.391633288339,7650.343687537788,2042.4958936270643,441734.5519281366,1.1,1.73,0.46,1.2034999824382056,1.8904410952639454,0.5047117269398345,109.15498496142955
060372714001,1059.1586572631704,0.0,0.0,228074.70112449973,0.46,0.0,0.0,0.26172380403726636,0.0,0.0,56.358486024379225
060372714002,0.0,0.0,0.0,342258.9215866709,0.0,0.0,0.0,0.0,0.0,0.0,84.57402137921494
060372714003,1704.1628940410117,0.0,0.0,578733.0037956013,0.29,0.0,0.0,0.42110782201419267,0.0,0.0,143.00803967055052
060372715001,7110.836994112813,3830.9393706384517,3000.9934818844276,214437.2830325078,3.32,1.79,1.4,1.757126087981078,0.9466457345591969,0.7415616391215282,52.98860662453034
060372715002,538.9411900809532,0.0,0.0,241514.47640183705,0.22,0.0,0.0,0.133175268363322,0.0,0.0,59.67952682111864
060372715003,1033.456580020231,4392.8781633350745,0.0,454137.1538854614,0.23,0.97,0.0,0.25537268243565125,1.085503834289694,0.0,112.2197346492797
060372716001,11344.607784728472,8175.930850774363,8175.930850774363,142212.7399897142,7.98,5.75,5.75,2.803313634240703,2.0203165117297646,2.0203165117297646,35.14153336464913
060372716002,0.0,8236.091733293466,8236.091733293466,224728.98148201848,0.0,3.66,3.66,0.0,2.035182589554049,2.035182589554049,55.53174069584171
060372716003,702.7333340421786,0.0,0.0,374376.17491669266,0.19,0.0,0.0,0.17364918857818548,0.0,0.0,92.51036751500756
060372716004,4084.52806874937,4590.859772134061,0.0,164157.84689146274,2.49,2.8,0.0,1.0093088665416572,1.1344261552554509,0.0,40.56428737694342
060372717021,16135.104931697753,17237.49660979446,16135.090792388812,302200.39125753776,5.34,5.7,5.34,3.987071259159914,4.259478175302229,3.9870677652605844,74.67534296122048
060372717022,13084.79744894165,15920.218759444913,8948.575854061588,225367.5324567305,5.81,7.06,3.97,3.233323865041318,3.933971729593357,2.2112412500057537,55.68953007803415
060372717023,76328.44474325443,46005.79069119548,20989.917028078202,178960.98266681784,42.65,25.71,11.73,18.861169455077334,11.368278458446422,5.186721454187413,44.22222188962279
060372717031,832.8354359500632,0.0,0.0,213339.73609290595,0.39,0.0,0.0,0.20579811809981333,0.0,0.0,52.717396869341904
060372717032,1556.5708068331824,0.0,0.0,164949.05402788438,0.94,0.0,0.0,0.3846370230031668,0.0,0.0,40.75979891820843
060372717033,3512.346497298532,4432.075362877725,0.0,75041.51761192296,4.68,5.91,0.0,0.8679197210598157,1.0951896732351254,0.0,18.543162835369227
060372717041,6791.52268918861,13828.392157629023,3797.425869420187,297055.7637509965,2.29,4.66,1.28,1.6782218048548598,3.417070119188477,0.9383643680563574,73.40407781871014
060372717042,613.9603641040617,1561.6117440837518,0.0,246696.03194879938,0.25,0.63,0.0,0.15171290997765388,0.38588266572542085,0.0,60.95991708114408
060372718011,1992.5343928707803,1716.7567515422415,0.0,157841.4898715347,1.26,1.09,0.0,0.49236597123678083,0.4242198319761772,0.0,39.00348156605129
060372718012,10783.267170903,15275.791705941654,8647.297526497816,240009.18673682612,4.49,6.36,3.6,2.6646033477283466,3.7747303367096725,2.136793753945318,59.30756164422753
060372718013,0.0,1317.1497924500632,0.0,82086.9207459544,0.0,1.6,0.0,0.0,0.3254748019127705,0.0,20.28411986439403
060372718031,11576.808921479793,13984.330375259633,2192.97492581321,108115.32680308212,10.71,12.93,2.03,2.860691784714747,3.455603291941399,0.5418959055910019,26.715879072122853
060372718032,7659.995305038903,8406.166152044078,2021.2882901168596,120485.19014863533,6.36,6.98,1.68,1.8928260618883337,2.0772088936772253,0.49947121398444094,29.772538872822484
060372718041,3876.0467418985213,2731.8241039403065,0.0,208709.99997857388,1.86,1.31,0.0,0.9577920087413975,0.6750484373053666,0.0,51.57336416071757
060372718042,7604.490380495497,7776.99308491489,0.0,140107.1097823884,5.43,5.55,0.0,1.8791104963357292,1.9217368429154007,0.0,34.6212208090391
060372719011,2648.6845304357585,2097.807146357441,1169.227976167221,144787.96246111082,1.83,1.45,0.81,0.6545042012795078,0.518379435145201,0.28892252507288285,35.7778846958064
060372719012,877.5681990255121,0.0,0.0,376607.9648359313,0.23,0.0,0.0,0.21685182458365243,0.0,0.0,93.0618548143556
060372719013,1860.0985282711222,1952.3610078131596,0.0,136793.4395579912,1.36,1.43,0.0,0.4596403563949485,0.4824389115972902,0.0,33.80239506418304
060372719021,622.44560753142,0.0,0.0,253969.24048397754,0.25,0.0,0.0,0.15380965929161303,0.0,0.0,62.75716605071952
060372719022,26251.94023076965,23940.175873307657,6400.72035858957,355820.35397450975,7.38,6.73,1.8,6.486995704977559,5.915746291564717,1.5816524458739272,87.92512430265303
060372719023,5827.079464202122,6745.269373519919,1476.274237875411,314430.6195807168,1.85,2.15,0.47,1.4399026938411508,1.666792361642427,0.3647953087003522,77.69749819645018
060372721001,3143.4074936024736,2596.521678194329,0.0,290999.569327551,1.08,0.89,0.0,0.7767529078133854,0.641614479777974,0.0,71.90755958546531
060372721002,6664.267622176325,9313.447659341924,0.0,210981.50140289206,3.16,4.41,0.0,1.6467763929771597,2.3014030366361644,0.0,52.13466438667692
060372721003,3574.518658742095,2136.611842053607,0.0,231709.13499901077,1.54,0.92,0.0,0.8832827967299656,0.5279682842779193,0.0,57.256574193357466
060372721004,516.9553555301734,516.9516210028636,0.0,209083.39108196204,0.25,0.25,0.0,0.12774245032977757,0.1277415275079821,0.0,51.665631111756745
060372721005,5429.868837447522,2940.337323256971,0.0,256544.19975362555,2.12,1.15,0.0,1.3417498103941436,0.7265731759055577,0.0,63.393452343308304
060372722011,2299.944159906542,5956.601254637237,798.3305539031588,186019.80295184063,1.24,3.2,0.43,0.5683285789868852,1.47190822527493,0.19727177605913346,45.966494368861504
060372722012,474.4986881030818,0.0,0.0,73987.06066695107,0.64,0.0,0.0,0.11725117932938153,0.0,0.0,18.28260084974125
060372722021,4968.794711250031,4606.022141077363,0.48500511324491846,170206.08622695453,2.92,2.71,0.0,1.2278159125554724,1.1381728582171313,0.0001198473735219113,42.05883986514483
060372722022,2794.987557543686,4009.168525987212,5.022164979586876,139378.3152231851,2.01,2.88,0.0,0.6906564666028132,0.990687117980223,0.0012410039930718536,34.44113175147597
060372723011,0.0,0.0,0.0,173889.73946045063,0.0,0.0,0.0,0.0,0.0,0.0,42.96909040260064
060372723012,3745.6270267177033,5439.088764677919,911.2685104086794,245331.97944654376,1.53,2.22,0.37,0.9255645952708024,1.3440281040295103,0.22517935288355223,60.62285236723296
060372723013,1528.798489277872,808.4919234726506,0.0,184817.49146988138,0.83,0.44,0.0,0.37777433387943465,0.19978270516283156,0.0,45.66939673146961
060372723021,23082.77228415658,28406.25878389195,255.91052517847385,306948.4800597386,7.52,9.25,0.08,5.703877250596223,7.019339412848637,0.0632368679456894,75.84862125592831
060372723022,2720.571008764668,7479.662677772856,1483.7898925830993,198194.26783576314,1.37,3.77,0.75,0.6722677369293041,1.848264899236781,0.36665246742387103,48.974870158161785
060372731001,4302.159350113963,5309.283593861012,813.01047790199,475789.44492997444,0.9,1.12,0.17,1.063086727342443,1.311952547778388,0.20089926427877364,117.57013228747219
060372731002,13277.386595017255,28302.865774889517,26938.77489906649,434070.3026638008,3.06,6.52,6.21,3.280913679448766,6.993790443918052,6.656716247691923,107.2611077233064
060372731003,17760.206865311644,21419.530220616158,4885.22635629376,267175.93345899717,6.65,8.02,1.83,4.388642692388602,5.292881186012831,1.2071657223254195,66.02061095623148
060372732001,33160.89157357023,39263.14537199304,11887.25729939821,173634.03546074007,19.1,22.61,6.85,8.19423476207838,9.702134514747108,2.9374052495661402,42.905904568209486
060372732002,3109.235454206383,3109.2260432298845,1934.5991651245954,136067.37984389006,2.29,2.29,1.42,0.7683088129829033,0.7683064874799657,0.4780498646841727,33.62298180156213
060372732003,8267.172627967919,6951.620268222669,2286.8194113546324,188989.81365667368,4.37,3.68,1.21,2.04286284588892,1.717782778194041,0.5650853829893049,46.70039999704084
060372732004,483.0007246710607,1046.8686075159032,0.0,144094.00651255358,0.34,0.73,0.0,0.11935207831875976,0.2586868666062175,0.0,35.60640444641676
060372733001,7889.691766237814,34672.71479266314,1155.861481882685,291632.7356588988,2.71,11.89,0.4,1.9495852935545483,8.567814415343252,0.2856195924038239,72.06401839330518
060372733002,1048.2448939711503,1032.892576378147,0.0,100089.92973890934,1.05,1.03,0.0,0.25902695439574935,0.2552333141005252,0.0,24.73276026915497
060372733003,23201.80844746906,19394.5440635837,2150.7837006529353,181727.8572854087,12.77,10.67,1.18,5.733291727139941,4.792496209213597,0.5314702268032051,44.9059314977215
060372734031,9465.405261274378,24553.78575348577,892.1115803571865,731098.811984579,1.29,3.36,0.12,2.3389525778285187,6.06737259507815,0.2204455723754383,180.65845082564078
060372734032,658.4319415740533,1181.5224668861454,0.0,65620.91160161227,1.0,1.8,0.0,0.16270207609282275,0.29196055989192715,0.0,16.215280393539537
060372734041,1836.9108981704246,4658.628275517407,0.0,109569.87835173862,1.68,4.25,0.0,0.45391056821359604,1.1511721171354514,0.0,27.075306587417273
060372734042,10944.099743666447,26315.878384892836,2137.3539568770734,107472.2088135506,10.18,24.49,1.99,2.7043459419734037,6.502795166942475,0.5281516648444645,26.55696115599127
060372735021,3974.405419465544,13045.565370817689,7471.178014498761,165042.1496795895,2.41,7.9,4.53,0.9820969672822025,3.223629407410747,1.846168293281815,40.78280335473596
060372735022,10930.456546111569,15498.230366367781,643.009936056015,169322.44262505116,6.46,9.15,0.38,2.700974634437174,3.829696126747316,0.15889121553629917,41.840486775815485
060372735023,28704.218115635984,37006.77262052776,2244.2818744023125,452286.0170001052,6.35,8.18,0.5,7.092966767180948,9.14457266526416,0.5545741286940282,111.76230876307581
060372736001,13997.113603554477,11119.037552435277,0.0,161199.29926970563,8.68,6.9,0.0,3.4587620964455783,2.7475740159422553,0.0,39.83321433828036
060372736002,10913.405341481703,10864.22855942639,235.29080884486538,162325.60847021118,6.72,6.69,0.14,2.696761190012636,2.6846093425235305,0.058141625075328336,40.11153140292126
060372736003,11512.440237975195,15050.24417326978,585.3271894482846,265131.06712551427,4.34,5.68,0.22,2.8447859366228045,3.7189963276098115,0.1446374984317221,65.51531348084681
060372737001,0.0,0.0,0.0,229648.90740302508,0.0,0.0,0.0,0.0,0.0,0.0,56.74748086734224
060372737002,2946.495309283589,2845.877315266103,0.0,189386.56421752105,1.56,1.5,0.0,0.7280948473917346,0.7032315995975826,0.0,46.798439195726345
060372737003,13759.642855959752,13448.86406736681,763.3938535542793,271324.6148617329,5.07,4.96,0.28,3.4000817967738906,3.3232866856667282,0.18863872939221954,67.04577245684021
060372738001,16509.627308824256,16722.87801301839,2416.8385196161757,427270.8690845525,3.86,3.91,0.57,4.079617754027748,4.132313150635781,0.5972138043342943,105.58093109494561
060372738002,6613.887898116475,5037.598038773283,0.0,171136.9493675362,3.86,2.94,0.0,1.63432729204514,1.2448175850493162,0.0,42.28886115659199
060372738003,11865.506435521647,9016.893316860436,602.9088294315414,143229.20035264237,8.28,6.3,0.42,2.932030494050682,2.228122862711532,0.14898201628660318,35.39270619037674
060372739021,4130.077650045931,3070.286259577623,0.0,246852.25991690156,1.67,1.24,0.0,1.0205644132036134,0.7586842573863247,0.0,60.99852185279781
060372739022,10039.160054357333,3098.738330512091,434.2301290511286,180867.21278037288,5.55,1.71,0.24,2.4807304748418972,0.7657149172281174,0.10730060168371557,44.693261608997
060372739023,330.7587193626999,330.75714963634744,0.0,113171.05460408812,0.29,0.29,0.0,0.08173225952171104,0.08173187163388192,0.0,27.965176618984593
060372739024,1578.7741163620253,9548.197357557186,0.0,172950.04519446133,0.91,5.52,0.0,0.39012358027412514,2.359410950362949,0.0,42.73688689254085
060372739025,3458.067173093814,4349.60130603446,585.0693415350679,476746.2671935374,0.73,0.91,0.12,0.8545070079464289,1.0748098899577259,0.14457378282476618,117.80656821790619
060372741001,5052.883174591858,483.7855142878642,0.0,56016.61824118892,9.02,0.86,0.0,1.2485946243665424,0.11954600405639144,0.0,13.84200781898956
060372741002,12866.157457071542,16783.852792485228,2034.1019517925665,245011.3317690918,5.25,6.85,0.83,3.179296746446277,4.14738034677581,0.5026375387408077,60.543618600579634
060372741003,26159.56306082017,19589.13339034575,15169.944122362826,44489.61679385278,58.8,44.03,34.1,6.464168809158336,4.840580279032572,3.7485748291920484,10.993623729172997
060372741004,83399.56069925749,60740.02006457576,14449.996667062558,282539.97949836764,29.52,21.5,5.11,20.60848026078403,15.00918582838027,3.570671938613761,69.81714941366921
060372742021,2540.747519600171,2540.7499433650673,0.0,369424.42402704165,0.69,0.69,0.0,0.6278323850425543,0.6278329839679037,0.0,91.28676322248997
060372742022,661.2439901586458,0.0,0.0,1663284.3482769972,0.04,0.0,0.0,0.1633969484310227,0.0,0.0,411.0065133693529
060372742023,3934.8364297197536,4926.939301107631,936.1829728190114,97108.5232947169,4.05,5.07,0.96,0.9723192569767986,1.2174732154657701,0.2313358506215067,23.996038692454132
060372742024,0.0,0.0,0.0,95257.56038808671,0.0,0.0,0.0,0.0,0.0,0.0,23.538655797329707
060372751011,19860.030754192438,17735.34229346675,6507.1966665525015,344219.7535615874,5.77,5.15,1.89,4.9075204754643575,4.382498522877852,1.6079633145703225,85.0585535123697
060372751021,7125.01335595851,1239.8338683486431,0.0,132993.29881205078,5.36,0.93,0.0,1.7606291432827754,0.30636962099420273,0.0,32.86335983552851
060372751022,607.6577803535267,1786.5294982783728,0.0,145611.35993540534,0.42,1.23,0.0,0.1501555076157492,0.4414610531744208,0.0,35.98135064279105
060372751023,2977.410843514318,2490.9876358808833,0.0,345253.6831486581,0.86,0.72,0.0,0.7357342422710801,0.615536449994338,0.0,85.31404307739298
060372752001,4126.094095365779,817.4961842867639,0.36343862377131586,112591.4853536952,3.66,0.73,0.0,1.0195800554047794,0.2020077064661329,8.980763976691259e-05,27.82196193827961
060372752002,10328.263208217895,9383.46220131481,2008.9463732452352,253218.00875376118,4.08,3.71,0.79,2.552169419959972,2.318704006738623,0.49642145990784214,62.57153264745417
060372752003,848.1083226799774,1466.5313404131252,0.0,98297.26904427783,0.86,1.49,0.0,0.20957213060131355,0.3623877863063386,0.0,24.289784164366854
060372753111,4531.297855428484,4903.324097114119,696.8545250488012,239925.64247113775,1.89,2.04,0.29,1.1197080851070036,1.2116377714745283,0.17219650323930433,59.28691740658522
060372753112,5780.811439376872,7540.865581852266,980.6263409362086,257821.69204914413,2.24,2.92,0.38,1.428469615916975,1.8633884661962217,0.24231804605379237,63.70912756431379
060372753113,2214.9555568475976,562.0512642591468,0.0,239854.11524772082,0.92,0.23,0.0,0.5473274378076433,0.138885892058859,0.0,59.26924264475749
060372753114,5119.851757530104,3623.504194648934,0.0,554779.4082272011,0.92,0.65,0.0,1.2651429215998131,0.8953873862665985,0.0,137.08897730011077
060372753121,26361.310015473297,92077.35087452097,30834.10467063936,821796.9727456267,3.21,11.2,3.75,6.514021567347735,22.752808912334533,7.6192731968368435,203.07045443886975
060372753131,36237.35769007259,0.0,0.0,275186.39092674153,13.17,0.0,0.0,8.954446095367505,0.0,0.0,68.00003810452495
060372753132,89363.88605166151,161277.29234745694,24501.923254092515,702310.0010707577,12.72,22.96,3.49,22.08229715218411,39.852486847509894,6.05455709238174,173.54458072279488
060372754001,464.0657147157246,2.447088537455184,0.5947933185010186,282478.958844444,0.16,0.0,0.0,0.11467313546066185,0.000604688746531791,0.00014697662986231535,69.80207088170404
060372754002,14499.091937557694,8931.078268198795,1.1269698128268715,225849.9179849159,6.42,3.95,0.0,3.5828036441576954,2.2069175023763736,0.000278480305500564,55.80873013799065
060372754003,58372.819703910754,69724.05739888287,18362.58147353942,242667.60491628828,24.05,28.73,7.57,14.424237880248931,17.229189800989484,4.537492699740861,59.96447108256278
060372755001,18638.616361258948,19070.930312870398,18638.608154649395,180541.93298505145,10.32,10.56,10.32,4.6057024059690415,4.712529509895567,4.605700378071657,44.612883221090534
060372755002,5509.044561980013,3292.7762419386218,1063.000831685982,212989.4325035979,2.59,1.55,0.5,1.3613145580076838,0.8136627293502622,0.26267322601367854,52.63083496727662
060372755003,259.6430345309214,0.0,0.0,176255.3953989629,0.15,0.0,0.0,0.0641591910930557,0.0,0.0,43.553656715706786
060372755004,0.0,0.0,0.0,217972.19975207988,0.0,0.0,0.0,0.0,0.0,0.0,53.86210356897486
060372756031,75309.70990610219,29602.782618324974,5776.034831170531,413154.19405751885,18.23,7.17,1.4,18.609434594528942,7.315006891390764,1.427289290324028,102.09262472734245
060372756032,681.1545162047465,0.0,0.0,340534.0744408351,0.2,0.0,0.0,0.16831694656485635,0.0,0.0,84.14780236727063
060372756033,4622.483138296097,13121.432450356284,1300.3069974169457,270217.6711728605,1.71,4.86,0.48,1.1422404592141968,3.2423765710409316,0.32131285662113873,66.77224071433874
060372756041,0.0,0.0,0.0,157939.60314289486,0.0,0.0,0.0,0.0,0.0,0.0,39.02772588339774
060372756042,0.0,0.0,0.0,84956.13133368648,0.0,0.0,0.0,0.0,0.0,0.0,20.993117241185196
060372756043,5633.546843306834,350743.5082111997,0.0,1307553.170399958,0.43,26.82,0.0,1.3920797417284803,86.67060839366034,0.0,323.10342496028306
060372756051,26416.024439779787,91092.59683100763,0.0,515774.41967809305,5.12,17.66,0.0,6.527541796037747,22.509470888760834,0.0,127.450634725561
060372756052,54120.44571539102,239138.64247300566,0.0,524637.396538318,10.32,45.58,0.0,13.373453383674711,59.09244547183213,0.0,129.64072400354155
060372760001,25826.277565165205,183668.30289931092,27402.36549203783,814607.3069248584,3.17,22.55,3.36,6.381812169617041,45.385426051361094,6.771271978012695,201.29384932360736
060372760002,0.0,0.0,0.0,396174.683745991,0.0,0.0,0.0,0.0,0.0,0.0,97.89689635468669
060372760003,10740.601109946841,17265.18335603699,0.0,437536.9345208382,2.45,3.95,0.0,2.6540603344600737,4.266319719294074,0.0,108.11773111074586
060372760004,1275.4755513928499,1583.1145303071114,0.0,405876.4923665547,0.31,0.39,0.0,0.3151768726789732,0.39119611991775105,0.0,100.29426547479251
060372760005,0.0,0.0,0.0,284266.37576359353,0.0,0.0,0.0,0.0,0.0,0.0,70.24375122135135
060372761011,44193.55398726649,44218.396648913375,12493.51182889262,211148.4528518817,20.93,20.94,5.92,10.920465016413251,10.926603771796165,3.0872140063430535,52.175918988166
060372761012,24648.69938401269,28760.25522953467,0.0,115178.57431620843,21.4,24.97,0.0,6.090826263955939,7.106813839587201,0.0,28.461245543250936
060372761021,3824.430140069403,3215.4965338947673,740.0796991484322,348809.0487796535,1.1,0.92,0.21,0.9450372686563744,0.7945664976144143,0.1828776763741783,86.19259305789537
060372761022,32710.735140340876,55528.730701320266,41310.35757904252,309835.3831911791,10.56,17.92,13.33,8.082998684925341,13.72144818233724,10.208011668114306,76.56199055548166
060372764001,463.8909025383336,156.7461036799591,0.0,301649.6662815182,0.15,0.05,0.0,0.11462993843088254,0.038732805743328144,0.0,74.53925585593767
060372764002,2712.0704214393973,2712.0279207536323,0.0,236895.8390513132,1.14,1.14,0.0,0.6701671960555982,0.6701566939074296,0.0,58.53823667675895
060372764003,0.0,0.0,0.0,265592.95841759,0.0,0.0,0.0,0.0,0.0,0.0,65.62944930477155
060372764004,867.9546975944409,0.0,0.0,243111.92244047998,0.36,0.0,0.0,0.21447627664529242,0.0,0.0,60.074264333870715
060372764005,0.0,0.0,0.0,228721.87700208253,0.0,0.0,0.0,0.0,0.0,0.0,56.518406666485674
060372765001,99551.26481345376,16092.13863162871,11834.779749805484,453527.10942582006,21.95,3.55,2.61,24.599653267267286,3.9764540551911205,2.9244377646555675,112.0689893803681
060372765002,84.80365654349589,0.0,0.0,405007.6142797502,0.02,0.0,0.0,0.020955439899991022,0.0,0.0,100.07956102370423
060372765003,8672.825104290163,8543.301905365293,2285.8301341581296,333436.8859290175,2.6,2.56,0.69,2.1431017557936287,2.1110958763144514,0.5648409272702863,82.39404889271356
060372766011,132287.30924027564,65285.92377004425,0.0,1446303.0406684563,9.15,4.51,0.0,32.68890601308318,16.132503097633062,0.0,357.3892645815
060372766012,7770.518549595981,10835.238632303128,4042.7731570012484,289453.123031954,2.68,3.74,1.4,1.9201369503955992,2.677445775523031,0.9989910031460097,71.52542438367333
060372766013,532.4493524249137,929.4043842993221,0.0,179145.12286032006,0.3,0.52,0.0,0.13157110034290345,0.22966082491953993,0.0,44.26772392238159
060372766014,15752.021261544933,15352.09330511525,1312.3921425946446,324854.7994294731,4.85,4.73,0.4,3.8924092227129594,3.793584872480019,0.3242991610303601,80.27336913445944
060372766051,0.0,0.0,0.0,96685.02001764927,0.0,0.0,0.0,0.0,0.0,0.0,23.891388753621737
060372766052,0.0,0.0,0.0,141112.7890626905,0.0,0.0,0.0,0.0,0.0,0.0,34.86972957123177
060372766061,327.4549946311913,327.41905837315517,0.0,101908.95591013074,0.32,0.32,0.0,0.0809158913616691,0.08090701131891859,0.0,25.18225142509339
060372766062,2863.4915244268286,0.0,0.0,114981.162030415,2.49,0.0,0.0,0.7075841654714863,0.0,0.0,28.412463905063646
060372766071,40528.13769745515,43818.35590285473,19729.459590385446,123279.60137724224,32.87,35.54,16.0,10.01472092588346,10.827751550638935,4.875255638223219,30.463052925443527
060372766072,1184.5723136354927,1039.574656043251,599.3146175333238,354803.9401261802,0.33,0.29,0.17,0.29271419343634103,0.2568844919451647,0.14809386718442027,87.67396297093305
060372766081,0.0,2259.9814626394814,0.0,360281.77146460523,0.0,0.63,0.0,0.0,0.5584535814342513,0.0,89.02756457342736
060372770001,2948.3176654521903,2101.73122252064,0.0,541136.716574893,0.54,0.39,0.0,0.7285451614079458,0.5193490954824145,0.0,133.71779477512825
060372770002,5797.700947019729,2873.983754054916,0.0,328085.8001440246,1.77,0.88,0.0,1.4326431041458558,0.7101768518761759,0.0,81.07176679854936
060372770003,18928.19596445621,44858.413376416574,5069.634579494757,842472.4882692505,2.25,5.32,0.6,4.677259084282211,11.08475534939121,1.2527339866651843,208.1794855893651
060372770004,568.8206976195887,0.0,0.0,232163.42610181743,0.25,0.0,0.0,0.14055865547170757,0.0,0.0,57.368831969613645
060372770005,6872.357316919512,6871.986668602141,0.0,355078.55964405736,1.94,1.94,0.0,1.6981964763760609,1.6981048871822069,0.0,87.74182293165642
060372771001,14300.429437307454,14920.511193894052,8172.887959587219,496456.993430721,2.88,3.01,1.65,3.533713071250139,3.6869386102523003,2.0195645969422023,122.6771947437403
060372771002,7318.356008327912,2735.6831631122177,1647.3249597030633,314764.2259200534,2.33,0.87,0.52,1.80840515315039,0.6760020315941461,0.4070628625678082,77.7799341181918
060372771003,60752.6570168556,58678.65506133585,0.0,422906.6523019612,14.37,13.88,0.0,15.01230848729396,14.499811442911607,0.0,104.50250964207798
060372772001,28489.87593654645,11558.162935793607,2131.3091183845977,121857.08990463163,23.38,9.49,1.75,7.040001661252525,2.856084261308931,0.5266579527228739,30.11154268536266
060372772002,79980.63123116047,327084.25247980974,14635.436007360559,919986.8324547266,8.69,35.55,1.59,19.763644390360586,80.82427898092601,3.616494997537118,227.33369717849433
060372774001,13217.807518195794,38157.08919194809,3186.177342648005,271985.95087961166,4.86,14.03,1.17,3.2661913689433377,9.428822080452985,0.7873215676770744,67.20919214581613
060372774002,0.0,42488.30609022264,0.0,366959.6123909769,0.0,11.58,0.0,0.0,10.49908908431815,0.0,90.67769500291548
060372780011,42368.469410487065,109216.5677084535,11746.605472292318,473310.79096045624,8.95,23.08,2.48,10.469476795858332,26.988001626131894,2.9026494261750853,116.95764355280929
060372780012,42140.693014207776,97641.28008255904,43009.21123643807,1141485.9342132956,3.69,8.55,3.77,10.413192022566522,24.127685761743084,10.627807549181922,282.06731721318
060372781021,2319.9215967213295,1274.3951163073052,222.99200286411667,230633.16959475123,1.01,0.55,0.1,0.5732651111317394,0.3149098913550092,0.05510252393186477,56.99069735169244
060372781022,14534.460847728915,39719.22417799296,2833.006866332246,2770241.16806411,0.52,1.43,0.1,3.5915434921976326,9.814834042082808,0.7000512424041283,684.5415005905276
060372781023,9211.568577768514,13926.393624048627,1455.4911071164504,288163.91590716504,3.2,4.83,0.51,2.276228167320442,3.441286808932435,0.3596596852460773,71.20685436531217
060372911101,1441.9380558178732,2443.846374936145,0.0,343994.7123114481,0.42,0.71,0.0,0.3563106533348983,0.6038875907257453,0.0,85.00294460840819
060372911102,9735.324363824682,6880.419236082711,0.0,367354.651410091,2.65,1.87,0.0,2.4056510406294866,1.7001886199862406,0.0,90.77531127042809
060372911201,14946.504837737968,23744.362328273524,2274.8870848274933,701465.7840882665,2.13,3.38,0.32,3.693361779530073,5.867359710822619,0.5621368408910254,173.33597016329534
060372911301,50229.91495321597,48696.61567977553,1386.1569731125535,776764.6974560369,6.47,6.27,0.18,12.412082295577704,12.033195793710878,0.34252684761434876,191.94273687510128
060372911302,10435.521300787097,15571.712891215906,0.0,332315.1279881593,3.14,4.69,0.0,2.578673471839725,3.8478540540810826,0.0,82.11685646882398
060372911303,4274.917809223725,3695.033008892555,0.0,182382.25281826797,2.34,2.03,0.0,1.0563551959890074,0.9130625411961625,0.0,45.067636155499095
060372912101,28686.216435318547,19738.516458726022,5723.907655989803,386035.57740177825,7.43,5.11,1.48,7.088518455099058,4.8774936391294155,1.4144083848161884,95.39146861376385
060372912102,5347.590015646783,49176.974367497314,0.0,622204.5430111954,0.86,7.9,0.0,1.321418270746403,12.151895010481436,0.0,153.75009095138472
060372912103,8540.448499836915,9973.267270665561,278.6802904124661,234415.32413048504,3.64,4.25,0.12,2.1103907844528806,2.4644480133918085,0.06886339946975285,57.92528809101271
060372912201,14464.08946951549,10773.239970230963,0.0,133054.40694618292,10.87,8.1,0.0,3.574154345939834,2.662125572481235,0.0,32.87845998432398
060372912202,22824.256188864114,4522.222823062768,0.0,454726.8615658357,5.02,0.99,0.0,5.639996532253576,1.1174655957724466,0.0,112.36545459059272
060372912203,8788.723854629368,4902.184359359216,1122.7201100850566,230910.01015919002,3.81,2.12,0.49,2.1717409607077656,1.2113561361418306,0.27743018108342576,57.05910614497367
060372913001,6823.140142281158,11708.727580958426,5278.195930533096,399186.0212324999,1.71,2.93,1.32,1.6860346476623143,2.8932895953878517,1.3042706188728204,98.64101405301685
060372913002,74126.75605910677,126245.03148524046,0.0,1640617.948568672,4.52,7.69,0.0,18.317120332909088,31.19582666349464,0.0,405.4055240229399
060372913003,33536.09385875772,31616.70683032191,0.0,364609.22960390494,9.2,8.67,0.0,8.286949265886987,7.812658402042227,0.0,90.0969027677222
060372920011,390413.8223012042,540935.3257998518,107038.11510771944,3373736.7751068077,11.57,16.03,3.17,96.47335648979316,133.66803003083774,26.449694265219364,833.668512782572
060372920012,0.0,0.0,0.0,156270.39979686844,0.0,0.0,0.0,0.0,0.0,0.0,38.61525675383161
060372920021,0.0,0.0,0.0,220342.2002719576,0.0,0.0,0.0,0.0,0.0,0.0,54.44774345151663
060372920022,3558.876070646613,5732.535713701053,2729.455061130513,248041.33331100876,1.43,2.31,1.1,0.8794174290314977,1.4165404243082476,0.6744630340781405,61.29234828744112
060372932031,34166.14484301466,29511.152366920647,12573.730600093228,343813.96434734925,9.94,8.58,3.66,8.442638254695561,7.292364563163566,3.1070364964014066,84.95828081379011
060372932032,0.0,0.0,0.0,121855.85926780156,0.0,0.0,0.0,0.0,0.0,0.0,30.11123858837932
060372932041,18154.303766396493,16003.759603044888,6169.848814860197,322092.21881332865,5.64,4.97,1.92,4.486026157466202,3.9546151216192174,1.524602844990767,79.59072059747326
060372932042,836.1983018747925,0.0,0.0,282649.1291234214,0.3,0.0,0.0,0.20662910036696647,0.0,0.0,69.84412087340512
060372932051,130414.58449193768,55519.925500201214,8589.50150006729,495569.0620651059,26.32,11.2,1.73,32.226145649762124,13.71927236975582,2.122512044786917,122.45778212492333
060372932052,9841.591899403655,3755.844587899136,1251.9188005800618,139969.7475969933,7.03,2.68,0.89,2.4319103205463044,0.9280894096242044,0.3093558727832523,34.587277873817875
060372932061,825.6267212782751,825.6253394023813,0.0,205479.3844355129,0.4,0.4,0.0,0.20401680591095317,0.2040164644419833,0.0,50.77506167457573
060372932062,6044.348438880306,2897.7264867877175,0.0,211383.47959946818,2.86,1.37,0.0,1.4935910267099834,0.7160438089051877,0.0,52.233995362283345
060372933011,22441.651736838576,12389.797244537043,9563.709230235734,844973.7807013186,2.66,1.47,1.13,5.54545291318477,3.06158557441216,2.363244017578451,208.79756840995225
060372933021,3165.947669370716,8174.54077218565,0.0,762806.6056993138,0.42,1.07,0.0,0.7823227065449339,2.0199730158298315,0.0,188.4936172870025
060372933022,20827.320532391437,21628.39212352177,10635.00977540222,356522.2165018853,5.84,6.07,2.98,5.146542985095511,5.344492086204282,2.627968147457798,88.09855831021768
060372933041,7142.693093108241,2146.310782306919,0.0,374847.29304825165,1.91,0.57,0.0,1.764997901475399,0.5303649446090413,0.0,92.62678334062254
060372933042,21186.321873580197,28132.047573780546,4853.07220604368,194643.972634678,10.88,14.45,2.49,5.235254148457184,6.951580347171485,1.1992202587621212,48.0975731081766
060372933061,15510.146639466731,13355.930284101003,0.0,291567.7081370507,5.32,4.58,0.0,3.832640701957099,3.300322247701644,0.0,72.04794974271303
060372933062,14270.008960252415,12033.793082570313,10699.264302322146,323861.7349556829,4.41,3.72,3.3,3.5261960076630405,2.973615030165473,2.6438457868433387,80.02797755884201
060372933071,2841.27160825055,1594.9025875650277,0.0,120859.49805876732,2.35,1.32,0.0,0.7020935046085784,0.39410901230322526,0.0,29.865032371741826
060372933072,49087.21605373891,45634.19967204648,4610.32914217729,218030.34046688877,22.51,20.93,2.11,12.129715248120316,11.276456317909837,1.1392371413669085,53.87647045248648
060372941101,0.0,0.0,0.0,327948.57130542176,0.0,0.0,0.0,0.0,0.0,0.0,81.03785681403812
060372941102,2151.384187874701,2728.139000959217,0.0,302748.9923684882,0.71,0.9,0.0,0.5316186104272057,0.6741378285274786,0.0,74.8109052480152
060372941103,12407.438857534413,6603.83694880749,0.0,357818.9155839639,3.47,1.85,0.0,3.065944911921571,1.6318436483820362,0.0,88.41897963154284
060372941201,10247.992557588936,7721.872044683092,186.05349519874284,141658.68049210473,7.23,5.45,0.13,2.532334110215685,1.9081161372420554,0.04597481990438476,35.00462228113683
060372941202,119070.71949812096,165366.36380650708,879.491468550742,1423034.9679032774,8.37,11.62,0.06,29.423015563153022,40.86291841024497,0.21732707483334854,351.63959858485475
060372942001,11482.6633495888,4721.449485624742,0.0,309886.3813020737,3.71,1.52,0.0,2.837427907259179,1.1666955762232534,0.0,76.57459246312838
060372942002,0.0,6867.051068700756,0.0,320502.7140333958,0.0,2.14,0.0,0.0,1.6968852738858058,0.0,79.19794541248407
060372942003,51006.832869643345,44869.32374272141,24324.009485060866,323372.3610889337,15.77,13.88,7.52,12.604062893685166,11.087451359618912,6.010593642616913,79.9070506428189
060372943011,12557.048869226619,11568.510131839272,0.0,450787.4905653039,2.79,2.57,0.0,3.102914350932081,2.8586411091349104,0.0,111.39201481676561
060372943012,36436.88028906917,16523.095276911943,0.0,262248.0981316206,13.89,6.3,0.0,9.003749203303876,4.082945761419643,0.0,64.80291632785271
060372943021,15544.991501566597,14666.304749932644,2049.9374905504683,289208.0802439457,5.38,5.07,0.71,3.841251054898457,3.624122829945805,0.506550585586317,71.46487299206676
060372943022,28049.689765312687,37481.53984518037,8135.902940774195,551092.7838522905,5.09,6.8,1.48,6.931229289493235,9.261890201420053,2.0104253997598396,136.17799257762232
060372944101,12411.4118951324,12480.028536300915,225.34048084211094,345962.0186527231,3.59,3.61,0.07,3.066926670892805,3.0838822121837466,0.05568284547848428,85.48907659233171
060372944102,16153.431457334429,19338.56990005782,0.0,487819.2962239673,3.31,3.96,0.0,3.9915998422683323,4.778664692183229,0.0,120.54277328046756
060372944211,10090.45013588031,54147.507473338206,0.0,207782.6675453224,4.86,26.06,0.0,2.493404530002114,13.380140489695423,0.0,51.34421532605208
060372944212,42521.77548206516,62309.54978624362,9324.625938321535,340608.6909206688,12.48,18.29,2.74,10.50735955115687,15.39702506897706,2.3041652495275673,84.16624050098369
060372944213,11383.396566337678,8159.270782685567,0.0,124861.98291677884,9.12,6.53,0.0,2.8128985509168922,2.0161997192494137,0.0,30.854067919397316
060372945101,22526.711310210478,19393.512756583455,1836.4855250377555,260113.78079543394,8.66,7.46,0.71,5.566471591510268,4.792241367703892,0.453805456223382,64.27551502832233
060372945102,2979.2878049475025,5600.661526894981,0.0,258110.67327910048,1.15,2.17,0.0,0.7361980495420263,1.3839536030718609,0.0,63.780536381379
060372945201,24823.630729397566,24890.483158593546,2410.1588634760055,245991.8723360686,10.09,10.12,0.98,6.134052740787833,6.150572335806313,0.595563225355708,60.78591545142647
060372945202,9904.310904850214,14199.795194822893,0.0,238082.12536918672,4.16,5.96,0.0,2.4474085243124177,3.508845808372332,0.0,58.83137440986636
060372946101,11921.400318713853,22445.500670560225,4654.8353016324145,452302.5835434353,2.64,4.96,1.03,2.945842173378573,5.5464040054203,1.1502348528767055,111.766402445085
060372946102,18311.615656815186,22992.306737744948,0.0,371496.4776116696,4.93,6.19,0.0,4.524898772157433,5.681522727240541,0.0,91.79877881393986
060372946201,43088.05125331188,9015.900121592702,0.0,397466.3011869015,10.84,2.27,0.0,10.647289341626404,2.227877438816027,0.0,98.21606197513253
060372946202,10316.680784675958,11849.704297890805,0.0,172071.24319911012,6.0,6.89,0.0,2.5493073407723275,2.928125700803416,0.0,42.51973019024548
060372946203,10773.13957723154,4905.103786497506,0.0,272051.1124489699,3.96,1.8,0.0,2.662100764830816,1.2120775422985033,0.0,67.22529392026941
060372947011,29800.39516840655,15403.436056482493,0.0,328996.8623442254,9.06,4.68,0.0,7.363838015961371,3.806271942642195,0.0,81.2968951710703
060372947012,55407.31622066791,82651.55732845144,1991.8576387072214,1098667.8623913839,5.04,7.52,0.18,13.691446010780002,20.42364460250228,0.49219874164103516,271.48674124193803
060372947013,88579.87555095543,94262.61530315553,5542.838862224234,326257.7642306386,27.15,28.89,1.7,21.888563938332872,23.292799512578902,1.3696653114609478,80.62004928683645
060372948101,22774.28281941716,19275.75387175901,2080.8291848330828,164643.01518351684,13.83,11.71,1.26,5.627647843733187,4.7631425135482,0.5141840894861895,40.68417507282722
060372948102,11236.202343329656,12146.045066012535,460.68175831679343,155819.56914161195,7.21,7.79,0.3,2.7765260662907316,3.0013530993544086,0.1138369416238357,38.50385407278736
060372948201,26965.019253865117,32429.080777734296,4718.273665206017,188808.9237030425,14.28,17.18,2.5,6.663201368995797,8.013400376211552,1.165910813907213,46.65570111604523
060372948202,63772.570242570044,59975.7946647785,28398.425146084443,194675.39483762326,32.76,30.81,14.59,15.758545296931867,14.820341619436471,7.017403678789937,48.10533770362193
060372948301,861.8637743625643,13604.065412620952,0.0,311620.02806484763,0.28,4.37,0.0,0.21297117673659235,3.3616377732899703,0.0,77.00298590777294
060372948302,20637.883909468987,37243.26116351034,1872.4912556974195,574251.0992095813,3.59,6.49,0.33,5.099732176124407,9.203010256890487,0.4627026660330423,141.9005369281226
060372949001,4273.026964970727,13689.302853918121,0.0,441606.8177126628,0.97,3.1,0.0,1.0558879581985752,3.3827004037369925,0.0,109.12342114938849
060372949002,17237.464009664007,18088.9091900108,3603.5038856369442,202932.2312747694,8.49,8.91,1.78,4.259470119634558,4.469866805722531,0.8904452022787296,50.14564642113491
060372951031,93635.438996538,91282.57087081298,39786.10963107676,1557321.3577197834,6.01,5.86,2.55,23.137820872085012,22.556414496335798,9.831361797481684,384.8224881663109
060372951032,38910.021476015565,39849.86637487675,38910.05872731498,236620.01540059267,16.44,16.84,16.44,9.614875699726422,9.847116431979485,9.614884904722974,58.47007916832999
060372951033,23704.592887585906,0.0,0.0,264055.8587593811,8.98,0.0,0.0,5.85753246801077,0.0,0.0,65.2496237073768
060372962101,8432.409329050943,6397.9209954116495,418.1151432362672,139273.96920819007,6.05,4.59,0.3,2.083693723942417,1.5809607081679817,0.10331850196659628,34.415347289636046
060372962102,19186.109573999875,14462.639935408444,733.7638197202489,420241.31882601976,4.57,3.44,0.17,4.740990925154072,3.573796158261363,0.18131698857877643,103.84389139676826
060372962201,7024.676295134401,7690.219875112869,0.0,77322.17801873514,9.08,9.95,0.0,1.73583531559254,1.900294715806142,0.0,19.106726295191613
060372962202,8636.407162626561,7543.249129552778,814.2334478581394,175248.87845988284,4.93,4.3,0.46,2.1341026864265955,1.863977453660002,0.20120146673631079,43.30494096352224
060372962203,52139.107683003895,93882.83876323802,8718.981012938071,283795.9925533904,18.37,33.08,3.07,12.883854093366288,23.198954685810307,2.1545071292070337,70.12751699875834
060372963001,73806.25849283669,76034.28745484492,57435.29086063005,593532.0706485006,12.44,12.81,9.68,18.23792365953662,18.788481606113557,14.192569457793583,146.66496873059427
060372963002,946.387384446301,0.0,0.0,162509.29818056483,0.58,0.0,0.0,0.23385741564931606,0.0,0.0,40.15692211886979
060372963003,11947.760454762722,34805.60150505777,34418.80624883525,306599.3834552175,3.9,11.35,11.23,2.952355904852455,8.600651437101444,8.50507224776289,75.76235760629923
060372964011,0.0,5483.311620625054,0.0,674741.3949085189,0.0,0.81,0.0,0.0,1.3549558097178946,0.0,166.7322297805568
060372964012,1.5909503591546574,4.324682724157617,0.0,313259.18745667016,0.0,0.0,0.0,0.00039313239539423534,0.0010686523742774276,0.0,77.40803101457473
060372964021,0.0,0.0,0.0,332375.9884036255,0.0,0.0,0.0,0.0,0.0,0.0,82.131895405004
060372964022,1679.9302175197283,1622.1484854649245,1229.7894505745448,413547.72269487294,0.41,0.39,0.3,0.4151197972384305,0.40084162029719467,0.30388759130851856,102.18986777139408
060372964023,1901.3056489083567,3431.0462052430535,0.0,300039.20536082686,0.63,1.14,0.0,0.4698228576591758,0.8478299813780548,0.0,74.14130229579229
060372965001,14124.261057408617,20010.770947844034,2150.9721990476833,310737.091377029,4.55,6.44,0.69,3.4901809165327844,4.94476918851907,0.5315168057709453,76.78480750071817
060372965002,7003.196645439594,8746.993801817185,1879.4153179932816,296863.7053497455,2.36,2.95,0.63,1.7305275785609235,2.161429240088966,0.4644136390879637,73.35661915420503
060372965003,4609.205359644704,3680.1706547249337,0.0,301068.04874869244,1.53,1.22,0.0,1.1389594486555075,0.9093899735000723,0.0,74.39553503362077
060372966001,20658.758509974574,26801.100974983918,3769.395396098007,206115.1539840683,10.02,13.0,1.83,5.104890402245315,6.622696280163417,0.9314378872533748,50.93216375139672
060372966002,54154.293150062294,75729.87824353413,7107.494600536871,206173.99340459713,26.27,36.73,3.45,13.381817266930842,18.713260451830486,1.7563001645414813,50.9467032888518
060372966003,15401.196876334561,32230.42655916029,8173.502243302325,205513.10765184954,7.49,15.68,3.98,3.805718629177567,7.96431184975076,2.0197163897539525,50.7833948628129
060372966004,15443.249538042579,18658.555726305327,5469.274772832936,224144.59706088377,6.89,8.32,2.44,3.8161100681906364,4.61062953037504,1.3514872290896267,55.38733616053375
060372969011,16730.27512057073,14912.197210636454,697.3234772337939,185423.80202459707,9.02,8.04,0.38,4.134141015719256,3.6848841802479195,0.17231238384786682,45.8192193323802
060372969012,11541.083682654713,13489.732809801386,0.0,123535.2430860575,9.34,10.92,0.0,2.85186388594687,3.3333855718561076,0.0,30.526223367419238
060372969013,0.0,0.0,0.0,308369.44879425067,0.0,0.0,0.0,0.0,0.0,0.0,76.19975027712282
060372969021,26531.410791006532,30238.657737159607,6999.511107557723,185370.69204600068,14.31,16.31,3.78,6.556054384373736,7.472135055195875,1.729616862316712,45.806095570859426
060372969022,0.0,0.0,0.0,121128.20890746293,0.0,0.0,0.0,0.0,0.0,0.0,29.93143226851312
060372969023,1841.079545859968,2593.744756960945,0.0,186612.9622717654,0.99,1.39,0.0,0.4549406634911229,0.6409282875972944,0.0,46.11306722888232
060372970011,1532.0822047756837,0.0,0.0,396835.69377001456,0.39,0.0,0.0,0.37858575765015107,0.0,0.0,98.06023548882665
060372970012,5117.723804395457,8902.680556148105,0.0,287515.57905255223,1.78,3.1,0.0,1.264617092928732,2.1999002749072933,0.0,71.04664683953385
060372970021,1068.429921738811,0.0,0.0,182013.48459523858,0.59,0.0,0.0,0.26401478338220247,0.0,0.0,44.97651154307445
060372970022,938.7605600511557,0.0,0.0,309074.4432744435,0.3,0.0,0.0,0.2319727862977706,0.0,0.0,76.37395820708312
060372970023,0.0,0.0,0.0,275582.5727090147,0.0,0.0,0.0,0.0,0.0,0.0,68.0979367549639
060372971101,62304.4330791561,43845.26972596158,2489.8228362552577,278540.87637509976,22.37,15.74,0.89,15.395760703120343,10.834402101164493,0.615248621738515,68.82894951086756
060372971102,9118.504848073286,10632.491582976456,0.0,208941.41185152417,4.36,5.09,0.0,2.253231618893346,2.6273458885578216,0.0,51.63054727985898
060372971201,7746.133613361941,11209.749489971517,0.0,208195.6156755147,3.72,5.38,0.0,1.914111301425434,2.769989423870774,0.0,51.446257031289406
060372971202,17640.694715443024,14071.662726112147,836.3350543911085,217808.53915897224,8.1,6.46,0.38,4.359110597005356,3.4771835858132336,0.20666289264967735,53.82166215568385
060372972011,14625.422956803539,10153.804161042395,2317.435344571112,247196.95292145442,5.92,4.11,0.94,3.6140207188595754,2.5090596505572718,0.5726507448457364,61.0836973491769
060372972012,2508.554646712012,2893.755216544194,418.06362148902423,156764.31160708368,1.6,1.85,0.27,0.6198773529070019,0.7150624866567526,0.10330577066558995,38.737305020105985
060372972021,928.8968295363993,0.0,0.0,246754.292702717,0.38,0.0,0.0,0.2295354054062324,0.0,0.0,60.974313626965454
060372972022,1672.5198985059214,1719.320388342193,0.0,246737.34726657026,0.68,0.7,0.0,0.4132886675317304,0.42485332042557244,0.0,60.97012631850229
060372972023,0.0,0.0,0.0,82294.69479196436,0.0,0.0,0.0,0.0,0.0,0.0,20.335461949292295
060372973001,2916.8076920531594,35313.46152252677,28265.75084222005,2112027.4458875353,0.14,1.67,1.34,0.7207588774111581,8.726146380450043,6.984619144322636,521.8933476851623
060372973002,1024.1455598578716,501.36161260624635,0.0,284904.9948046883,0.36,0.18,0.0,0.253071879246583,0.12388915253605967,0.0,70.40155742311326
060372974001,3277.583194965515,2021.5651343565423,0.0,309112.80771733896,1.06,0.65,0.0,0.8099084456823241,0.4995396236858947,0.0,76.38343826737957
060372974002,12153.132641686609,11509.800336494502,9682.823116901835,2142213.282810988,0.57,0.54,0.45,3.003104477445028,2.844133602760382,2.392677699981115,529.3524304330377
060372974003,43018.746051533795,0.0,0.0,596999.7217016465,7.21,0.0,0.0,10.63016365330337,0.0,0.0,147.5218439668769
060372975011,517.3638652889389,0.0,0.0,2616932.160615204,0.02,0.0,0.0,0.12784339528955038,0.0,0.0,646.6580198225131
060372975012,2322.4473810389445,1207.4811366132153,0.0,398314.1081944571,0.58,0.3,0.0,0.5738892460290475,0.2983750868772149,0.0,98.42555964914509
060372975013,0.0,0.0,0.0,276077.29134017223,0.0,0.0,0.0,0.0,0.0,0.0,68.220184391035
060372975021,0.0,0.0,0.0,819703.0127761231,0.0,0.0,0.0,0.0,0.0,0.0,202.5530256618286
060372975022,883.5243138507304,0.0,0.0,142116.52283958468,0.62,0.0,0.0,0.21832361260960026,0.0,0.0,35.117757589062684
060372976011,3032.9946219486546,2951.43437570026,1219.5448384642905,2003179.953513948,0.15,0.15,0.06,0.7494692930444832,0.7293153172827177,0.30135609252503104,494.99654656044265
060372976012,2752.4954091762797,0.0,0.0,107103.38397571618,2.57,0.0,0.0,0.680156428071126,0.0,0.0,26.465822553743628
060372976013,0.08945334426523492,9876.120300130888,0.0,442073.013973338,0.0,2.23,0.0,2.2104402758174543e-05,2.4404424741794584,0.0,109.2386207542212
060372976021,232.21042810457675,232.20939848728744,0.0,136697.9501994164,0.17,0.17,0.0,0.057380446417435206,0.05738019199346217,0.0,33.77879912980636
060372976022,826.7863612774256,3193.332356306077,0.0,272465.9336903101,0.3,1.17,0.0,0.20430335919530782,0.7890896100564552,0.0,67.32779848135145
060372976023,1690.1963107879333,1393.0073721400036,0.0,212909.28582578566,0.79,0.65,0.0,0.4176566041316478,0.34421961807922913,0.0,52.6110302918825
060373001001,0.0,0.0,0.0,2753941.0737922247,0.0,0.0,0.0,0.0,0.0,0.0,680.5136595775226
060373001002,2245.0568168052173,0.0,0.0,445826.58790064446,0.5,0.0,0.0,0.5547656211321131,0.0,0.0,110.16614907139346
060373001003,3234.634600588529,0.0,0.0,673434.5697703718,0.48,0.0,0.0,0.7992956168853204,0.0,0.0,166.40930625628408
060373001004,1085.3631808123591,0.0,0.0,736877.1766262378,0.15,0.0,0.0,0.26819908282505395,0.0,0.0,182.08631582467427
060373002001,17587.49839658369,9886.249149309455,5.5575221398430195,571978.8018103831,3.07,1.73,0.0,4.345965500340972,2.4429453673195516,0.0013732936283781263,141.33904001248686
060373002002,39534.423619527784,37640.6873800622,37640.6873800622,529064.9700702751,7.47,7.11,7.11,9.769168829587924,9.301216413736585,9.301216413736585,130.73480125012975
060373002003,14106.82654156712,17754.744326115026,0.0,228337.07670599996,6.18,7.78,0.0,3.4858727538450758,4.387292869556643,0.0,56.42332044253351
060373002004,810.9864835340827,0.0,0.0,218913.37862093016,0.37,0.0,0.0,0.20039912437840451,0.0,0.0,54.09467393239095
060373002005,28842.77398743756,19147.15721984712,6570.669946599243,405857.43519249477,7.11,4.72,1.62,7.127204668736991,4.731365588822111,1.6236479036492448,100.28955634452676
060373003011,0.0,0.0,0.0,4445351.605867559,0.0,0.0,0.0,0.0,0.0,0.0,1098.4703043235793
060373003012,0.0,0.0,0.0,419834.6408885692,0.0,0.0,0.0,0.0,0.0,0.0,103.74339908990025
060373003013,23821.81690651588,20604.955734906835,2764.2155822172385,482418.1756749317,4.94,4.27,0.57,5.886499153925575,5.091595446988209,0.6830525459012733,119.20812732684799
060373003014,0.0,0.0,0.0,267626.2486313507,0.0,0.0,0.0,0.0,0.0,0.0,66.13188625867635
060373003015,20247.28291847838,20552.40636927887,631.6850585687957,240154.18872466707,8.43,8.56,0.26,5.003212569244221,5.078610215948854,0.15609277736475094,59.34339241574647
060373003016,17721.994697740993,31578.623131141627,13856.638601296068,343670.7218595719,5.16,9.19,4.03,4.379200260144369,7.803247715028602,3.4240499674259133,84.92288482420558
060373004001,14854.263796133095,14761.807838347493,1469.6255778067707,297810.6476115874,4.99,4.96,0.49,3.670568521757372,3.6477221570398486,0.36315238901784536,73.59061368304486
060373004002,5933.191169376512,7418.915173109355,0.0,348847.4549507384,1.7,2.13,0.0,1.4661234672263999,1.8332538639237281,0.0,86.20208342945199
060373004003,13325.891830181225,14767.468113829484,4785.971088185694,406448.1007308716,3.28,3.63,1.18,3.2928995840871136,3.649120841572035,1.1826392114369502,100.43551297770686
060373004004,8644.676618160014,10145.498881889105,708.2291331314725,170548.79616004202,5.07,5.95,0.42,2.136146113390715,2.5070073713839065,0.17500723010861233,42.14352533389301
060373004005,932.2118498144715,0.0,0.0,344927.36783861375,0.27,0.0,0.0,0.23035456475661684,0.0,0.0,85.2334088082259
060373004006,25066.954195597988,13073.581866660908,2479.772486402271,440167.05262719595,5.69,2.97,0.56,6.194179278723201,3.2305524343034593,0.6127651262042143,108.76764744872109
060373005011,22338.28011552189,27210.26117851742,3079.5820603999437,621104.637075785,3.6,4.38,0.5,5.519909229266431,6.723801968338747,0.7609812997945671,153.47829827563712
060373005012,55774.31512649523,49690.27741661287,18856.913464281744,639172.4872805176,8.73,7.77,2.95,13.782133415402495,12.278734956241395,4.659644794884667,157.94296129276918
060373005031,19379.721041674384,14729.638348215929,1917.702394019169,332945.71868576756,5.82,4.42,0.58,4.788833360730199,3.639772902909284,0.473874581614603,82.2726788237061
060373005032,1341.1661226260162,1860.3136556150603,1.3129529061800729,381385.32082863763,0.35,0.49,0.0,0.33140936634234075,0.4596935155193363,0.0003244377287300502,94.24236518933773
060373005033,6376.726124782182,8567.194866681222,0.0,369081.03208233113,1.73,2.32,0.0,1.57572334157594,2.116999955634804,0.0,91.20190922499953
060373006011,7727.3442480430695,2691.0757531424138,0.0,396610.3479150295,1.95,0.68,0.0,1.9094683481407886,0.6649793005372954,0.0,98.00455131536853
060373006012,19139.035208261383,2946.6219416038107,0.0,340412.7246868155,5.62,0.87,0.0,4.729358596050937,0.728126138919529,0.0,84.11781619001268
060373006021,66641.61147080183,103433.54280650544,6640.113532943252,455839.76253016246,14.62,22.69,1.46,16.467500824079107,25.558985051701903,1.6408077875432292,112.64045840791785
060373006022,15590.522249833804,23999.2976995637,3006.604349856476,267830.30574837,5.82,8.96,1.12,3.852501947817511,5.9303556129947514,0.7429481147921231,66.18230987041849
060373006023,36271.43481882229,55139.54831088082,1629.6048857984001,802749.3522840438,4.52,6.87,0.2,8.962866737266504,13.625279119287397,0.40268413694597005,198.36368491866853
060373007011,1311.646936265762,2897.2904139982634,441.8120816512425,252743.93982480117,0.52,1.15,0.17,0.3241150165361898,0.7159360529722022,0.10917414297323268,62.45438766392177
060373007012,0.0,0.0,0.0,326282.94778043224,0.0,0.0,0.0,0.0,0.0,0.0,80.6262722775149
060373007013,0.0,0.0,0.0,533110.4186717059,0.0,0.0,0.0,0.0,0.0,0.0,131.7344533699921
060373007014,8558.223930898941,0.0,0.0,8848571.922939755,0.1,0.0,0.0,2.114783189126206,0.0,0.0,2186.529740457677
060373007015,0.0,0.0,0.0,3448117.9550756384,0.0,0.0,0.0,0.0,0.0,0.0,852.0485026327477
060373007021,0.0,0.0,0.0,1954642.4881580072,0.0,0.0,0.0,0.0,0.0,0.0,483.00267766821355
060373007022,0.0,0.0,0.0,9537417.998427102,0.0,0.0,0.0,0.0,0.0,0.0,2356.7473127131375
060373008001,4272.272148482955,10667.756770940423,251.7630141825845,1196578.233400348,0.36,0.89,0.02,1.0557014389824266,2.636060106282169,0.0622119956589109,295.6809208196998
060373008002,66616.66036390739,94316.34808573383,22353.624463851476,1276214.5821717863,5.22,7.39,1.75,16.46133527129193,23.306077172315206,5.523700900313778,315.3594911615183
060373008003,0.0,0.0,0.0,1034630.7900905111,0.0,0.0,0.0,0.0,0.0,0.0,255.6628360629904
060373008004,2140.0015544991775,3028.1808612304912,0.0,509622.94647303974,0.42,0.59,0.0,0.5288059004648461,0.7482797868659298,0.0,125.93057259264127
060373008005,0.0,0.0,0.0,2119909.5912137376,0.0,0.0,0.0,0.0,0.0,0.0,523.8410682127732
060373009011,4360.020579308436,531.3733164569688,531.3733164569688,1622715.5247675148,0.27,0.03,0.03,1.0773845484547022,0.13130520606457205,0.13130520606457205,400.9817387603681
060373009012,0.0,97232.04184044772,0.0,2580752.8546266113,0.0,3.77,0.0,0.0,24.026560789815214,0.0,637.7179186149847
060373009013,0.0,0.0,0.0,1527806.700281548,0.0,0.0,0.0,0.0,0.0,0.0,377.5292574811631
060373009014,0.0,0.0,0.0,1220549.545923988,0.0,0.0,0.0,0.0,0.0,0.0,301.60436114512254
060373009021,2559.2942695890697,0.0,0.0,3524960.5038159294,0.07,0.0,0.0,0.6324153867735374,0.0,0.0,871.0367099521266
060373009022,0.0,0.0,0.0,874485.0522513867,0.0,0.0,0.0,0.0,0.0,0.0,216.0899624239129
060373010001,1469.3552046924037,16712.252952079136,0.0,379407.8278975142,0.39,4.4,0.0,0.36308557836628125,4.129687640899275,0.0,93.75371604424386
060373010002,0.0,2020.1278093260757,0.0,830537.5929978105,0.0,0.24,0.0,0.0,0.499184452935949,0.0,205.23030874054527
060373010003,13846.209446681707,20283.52719168921,11919.141005662967,461136.3795784715,3.0,4.4,2.58,3.4214728671965515,5.012168724201983,2.94528388496528,113.94928098412575
060373010004,18898.645844604805,24771.728243996444,12226.907636305232,399085.21596534556,4.74,6.21,3.06,4.66995709064393,6.121227357333695,3.021334675633001,98.61610452902278
060373011001,0.0,0.0,0.0,270620.46520970453,0.0,0.0,0.0,0.0,0.0,0.0,66.87177328846579
060373011002,0.0,0.0,0.0,256111.86725435415,0.0,0.0,0.0,0.0,0.0,0.0,63.28662065615519
060373011003,10080.829906975321,11592.375875470345,0.0,341175.03117797564,2.95,3.4,0.0,2.4910273196687456,2.864538462818864,0.0,84.3061862263057
060373011004,0.0,0.0,0.0,185413.04622823087,0.0,0.0,0.0,0.0,0.0,0.0,45.81656151721615
060373011005,2152.5397055961057,10230.706298129422,0.0,122505.60928016719,1.76,8.35,0.0,0.5319041450745454,2.528062582477802,0.0,30.271795313043224
060373011006,25808.286416589744,29341.892890798197,10674.952875255407,169033.7532962087,15.27,17.36,6.32,6.377366459985271,7.250539635749395,2.637838302384001,41.76915008908637
060373012031,8758.399343589846,12641.931723894662,7372.466096993688,238417.67016072018,3.67,5.3,3.09,2.1642476108395394,3.1238893611148497,1.8217760472513687,58.914289333577564
060373012032,9553.486203014976,3192.6903352770837,0.0,309026.6166794354,3.09,1.03,0.0,2.3607178525373165,0.7889309632051758,0.0,76.36213999807937
060373012041,13754.205168641236,24274.561239136332,1442.2374930831566,186150.17440111426,7.39,13.04,0.77,3.3987381149747495,5.998374714944849,0.35638464589456165,45.998709855566695
060373012042,6157.186229489,15749.751311444337,6157.186312484326,113426.01093379971,5.43,13.89,5.43,1.5214738520022566,3.8918483058274402,1.5214738725108483,28.028177700095444
060373012043,5869.032577076639,7822.228999529769,1916.061351034774,109343.4765360035,5.37,7.15,1.75,1.4502695338017435,1.9329148808523267,0.47346907106194,27.019361480375185
060373012051,0.0,0.0,0.0,310278.74188916245,0.0,0.0,0.0,0.0,0.0,0.0,76.67154687567361
060373012052,887.2108098462367,1331.874605040582,0.0,463032.38630058256,0.19,0.29,0.0,0.219234565608847,0.3291133823449832,0.0,114.41779444845731
060373012061,2732.685794764082,6197.971968859014,0.0,122068.39751127223,2.24,5.08,0.0,0.6752613657450823,1.5315522276877045,0.0,30.1637579321085
060373012062,4757.755227006507,5907.9576699386325,2321.2678765367527,280623.1485741571,1.7,2.11,0.83,1.1756669202968428,1.459888133722051,0.5735977841190911,69.3434901769341
060373012063,2157.7744710726183,3975.6211107686877,811.5627788751362,240142.4063751812,0.9,1.66,0.34,0.5331976837945103,0.9823973711454121,0.2005415300584933,59.34048093378218
060373012064,6228.125562358928,14606.712633451873,947.1459322516091,185604.029190003,3.36,7.87,0.51,1.5390033429121064,3.6093972972703883,0.2340448568941078,45.86375443483858
060373013001,2982.118099443547,0.0,0.0,426633.24989270186,0.7,0.0,0.0,0.7368974305431358,0.0,0.0,105.42337196131257
060373013002,755.8495134081998,755.8464006890683,755.8464006890683,738268.1818548361,0.1,0.1,0.1,0.1867744823425045,0.18677371317285613,0.18677371317285613,182.43004070230984
060373014001,0.0,0.0,0.0,582082.621094378,0.0,0.0,0.0,0.0,0.0,0.0,143.83574813093372
060373014002,3003.9724212726023,3428.841838151392,0.0,433680.4507193488,0.69,0.79,0.0,0.7422977510754106,0.8472852704069761,0.0,107.16477320985688
060373014003,0.0,0.0,0.0,255214.7210325511,0.0,0.0,0.0,0.0,0.0,0.0,63.064930996784724
060373014004,0.0,0.0,0.0,325899.94167764933,0.0,0.0,0.0,0.0,0.0,0.0,80.53162940838247
060373015011,3604.499459462457,4070.450761343399,465.95211115941737,342850.27882608766,1.05,1.19,0.14,0.8906912139286617,1.0058302881250742,0.11513927417347886,84.72014893544439
060373015012,0.0,0.0,0.0,261199.476581146,0.0,0.0,0.0,0.0,0.0,0.0,64.543796299608
060373015021,20840.511376129416,21721.243315978034,3836.3524177847075,199875.17135593458,10.43,10.87,1.92,5.1498025135692584,5.367436115535868,0.9479833276391721,49.39023046372325
060373015022,16760.47002944414,11524.27864171676,2723.9030041494516,183472.40438502788,9.14,6.28,1.48,4.141602340194786,2.847711269895326,0.6730910909199078,45.33701847426033
060373015023,20982.32199947457,18462.938816473514,9582.559157104437,152851.3268775247,13.73,12.08,6.27,5.184844681747059,4.562291539249622,2.36790193594797,37.77038543583312
060373015024,19782.513027207417,15862.30902325419,7739.768298033476,139747.32497322277,14.16,11.35,5.54,4.888365427967257,3.9196619221412856,1.912538397753035,34.53231604652413
060373016011,38884.569182776555,55568.426266842354,1939.44643259497,493545.40203368716,7.88,11.26,0.39,9.608586301096382,13.73125717019813,0.47924765056151303,121.95772484089974
060373016012,76013.81177219586,256010.40270473788,2570.4009631297067,1190043.9603744594,6.39,21.51,0.22,18.78342195474176,63.26154821991687,0.6351599105177353,294.066266791027
060373016013,52207.74623254162,113304.71789832028,19439.656091362565,455885.173832367,11.45,24.85,4.26,12.900815048333161,27.998205538293988,4.803643634046651,112.65167978507202
060373016014,7361.2829592477665,8013.810180788134,1539.6016732427547,119366.39158147947,6.17,6.71,1.29,1.819012633732663,1.980255621729105,0.38044385877413694,29.49607772610052
060373016021,19525.43446781292,37094.26367820379,2023.7155327765545,510468.95561345294,3.82,7.27,0.4,4.82483993248105,9.166192176446163,0.5000709987077783,126.13962600400778
060373016022,1754.2866838388688,0.0,0.0,221644.6720840469,0.79,0.0,0.0,0.4334936802127721,0.0,0.0,54.76959124549318
060373016023,21736.527925748822,29572.736736366303,1322.0642073095032,262938.39682553604,8.27,11.25,0.5,5.371213024863855,7.307582392267849,0.32668918027130034,64.97349284993898
060373017011,28875.884886906024,43122.354665209685,12526.872902475412,480509.4180314837,6.01,8.97,2.61,7.1353865501808675,10.655765899309035,3.0954577071568834,118.7364630412354
060373017012,22897.29704137388,26955.273228529564,3827.0169254613893,451445.20092357544,5.07,5.97,0.85,5.658045319975689,6.660793073687468,0.9456764772474349,111.55453858574121
060373017021,1301.8462942268247,3564.768611357271,0.0,209645.3985207,0.62,1.7,0.0,0.3216932251465351,0.8808735075516156,0.0,51.80450617429347
060373017022,0.0,0.0,0.0,188889.7721117261,0.0,0.0,0.0,0.0,0.0,0.0,46.67567919291401
060373017023,5941.220805511975,5933.1556361301955,0.0,141800.21097569764,4.19,4.18,0.0,1.468107633526696,1.4661146867700139,0.0,35.03959522527429
060373017024,8805.798680491474,14235.513915047039,370.96134698921725,288725.64234845224,3.05,4.93,0.13,2.1759602420659068,3.517672096358839,0.09166654515734401,71.34565999186664
060373018011,724.4276727958013,19201.57499900422,0.0,102124.6333397278,0.71,18.8,0.0,0.17900997643157732,4.744812514899323,0.0,25.23554647860783
060373018012,2266.2552648126257,81245.7260318865,1522.1371099932753,338877.4102539572,0.67,23.97,0.45,0.5600038717134956,20.076256123686118,0.3761282712102169,83.73843173140918
060373018013,47129.00689823976,103661.72497315337,9860.573313340366,282291.3780779079,16.7,36.72,3.49,11.645831227758201,25.61537009303544,2.4366007300779216,69.75571866483322
060373018021,62639.093052297554,92240.16365540375,11686.192570693054,301217.63276124996,20.8,30.62,3.88,15.478456983445252,22.793040826662303,2.887721073079861,74.43249804810519
060373018022,37119.11152051469,26172.315710138224,2541.045846273785,177817.23538066697,20.87,14.72,1.43,9.172332211999034,6.46732005743279,0.6279061031690396,43.93959578017644
060373019011,1490.9210293996746,39322.7793459214,0.0,273066.0989248626,0.55,14.4,0.0,0.3684146097072254,9.716870390623077,0.0,67.47610254057888
060373019012,0.0,24623.39134167137,0.0,186132.22236797126,0.0,13.23,0.0,0.0,6.084572510499,0.0,45.99427381156878
060373019021,18380.032606271838,24272.17634030805,0.0,253404.27577535523,7.25,9.58,0.0,4.541804968551739,5.997785393610126,0.0,62.61756023087992
060373019022,32676.685786116923,37626.81990107228,30163.060170626362,384872.7307633832,8.49,9.78,7.84,8.074584906261121,9.297789685050795,7.453454489679689,95.10412295159543
060373020021,47028.743327087555,56986.84208572247,3758.969324815648,182956.42179200944,25.7,31.15,2.05,11.621055559761377,14.081755352201563,0.9288615489319436,45.20951639878209
060373020022,6156.064842486723,15291.476755768184,593.7226602252929,162699.5372195508,3.78,9.4,0.36,1.5211967512392868,3.778606196930389,0.1467120644406712,40.20393120916837
060373020023,33071.85771432048,54667.51453495759,48859.78155385133,157140.79950123755,21.05,34.79,31.09,8.172234016324976,13.5086370330225,12.0735149592668,38.83033720480865
060373020031,10030.853818225214,3774.249144394933,1512.0449443531272,135067.38727102027,7.43,2.79,1.12,2.4786779591939134,0.9326372745778323,0.3736344427698783,33.375878255378815
060373020032,16240.072811150561,32038.40582793657,2466.8011786008014,102116.92680633302,15.9,31.37,2.42,4.013009387053899,7.916862493712119,0.609559846241804,25.233642152733523
060373020041,12184.974769658445,14612.026582865557,7104.4608954401065,169896.65935232953,7.17,8.6,4.18,3.010972838624235,3.6107104027673538,1.7555505196862866,41.98237881925443
060373020042,2950.7192956448644,7692.652843368698,1289.3072244621283,169907.47654893223,1.74,4.53,0.76,0.7291386171528496,1.9008959153550962,0.31859475352908634,41.98505180674735
060373021021,0.0,1566.20019116699,0.0,246965.218024019,0.0,0.63,0.0,0.0,0.3870164956922663,0.0,61.02643440894687
060373021022,0.0,1636.1503169709,0.0,178757.20858382748,0.0,0.92,0.0,0.0,0.4043015482127177,0.0,44.17186821711233
060373021023,0.0,12338.905748120023,0.0,200911.90024963775,0.0,6.14,0.0,0.0,3.0490100117765975,0.0,49.64641175247981
060373021024,6634.257087351668,9294.68380723592,0.0,145403.3949616128,4.56,6.39,0.0,1.6393606283212792,2.2967663878037166,0.0,35.92996137861024
060373021025,0.0,0.0,0.0,263594.86235617846,0.0,0.0,0.0,0.0,0.0,0.0,65.13570901530842
060373021031,2159.416537596887,8277.64402986896,0.0,133256.78025979953,1.62,6.21,0.0,0.5336034472693841,2.045450385650173,0.0,32.92846751918399
060373021032,29545.322054786768,35011.77086227036,3692.072991569112,255520.5598636573,11.56,13.7,1.44,7.300808076918337,8.6515969947623,0.9123311049863038,63.1405054178127
060373021033,20034.48501751014,26752.25375787681,12691.02831029589,161936.32553666635,12.37,16.52,7.84,4.9506290627500515,6.610625869946556,3.1360213918262603,40.015337495129
060373021041,7729.953299442284,15500.050454584332,2932.760219339103,199675.63176777118,3.87,7.76,1.47,1.910113058782059,3.8301458803403707,0.7247008327515165,49.340923157672336
060373021042,6552.479160701377,23291.233247738368,10481.507636984832,127011.24177336898,5.16,18.34,8.25,1.619152862560765,5.755389076523113,2.5900369429881436,31.385161349026706
060373021043,18761.367553941225,19093.14173020899,12992.810997407241,242744.69256455606,7.73,7.87,5.35,4.636034886262345,4.718018070649945,3.2105935178450973,59.9835198552944
060373022011,19754.186781890287,16461.875017839553,724.759400253333,107346.03161294294,18.4,15.34,0.68,4.881365860312634,4.067817905948042,0.1790919480715138,26.525782090702656
060373022012,22398.21683844346,25742.243797361814,1836.5985433067135,127317.09510892806,17.59,20.22,1.44,5.534719916047857,6.361046973367862,0.45383338364584563,31.460739354183037
060373022013,56522.37648817766,75229.51299040673,12066.113556973964,263005.21474109165,21.49,28.6,4.59,13.966983403541878,18.589617505083524,2.9816015933221864,64.99000391645119
060373022021,22755.870389965075,33500.63651216476,4576.738146704887,147916.14463567256,15.38,22.65,3.09,5.6230980333296925,8.27818756473132,1.1309366256168385,36.55087534535027
060373022022,3321.3206134601833,5667.0947977369515,2389.2167722254408,163706.798709541,2.03,3.46,1.46,0.8207161971638381,1.4003696218053776,0.590388321908517,40.45283094388958
060373022023,38225.750990982924,42719.09257466002,316.38110319205697,199930.15275096093,19.12,21.37,0.16,9.44578878049571,10.556117666592513,0.07817947319327584,49.40381666231484
060373023011,44934.73174316608,54779.68984621533,3122.6266132816436,311710.5509976733,14.42,17.57,1.0,11.103614028519797,13.536356156102043,0.7716178404544831,77.02535461162036
060373023012,201068.041928181,213981.5272532729,155026.17222369259,388866.0046731415,51.71,55.03,39.87,49.68499520151916,52.875986918846635,38.30780142473003,96.09088242436913
060373023021,0.0,0.0,0.0,119131.19907200552,0.0,0.0,0.0,0.0,0.0,0.0,29.437960391328737
060373023022,30596.489045946382,49858.44853783421,3863.2668381867425,174554.09620413484,17.53,28.56,2.21,7.560557097254526,12.320290945302553,0.9546340257595847,43.133256529179015
060373023023,12554.839716434106,11581.93847705517,1495.367986423849,99152.08827527952,12.66,11.68,1.51,3.1023684573885677,2.8619593255019575,0.36951347671905216,24.501014596528996
060373023024,25480.889848049737,25485.3219566031,587.2378116186838,240212.4969499895,10.61,10.61,0.24,6.296465006025151,6.297560203899933,0.14510962345197825,59.357800692007444
060373024011,50704.98512662039,65478.53498085268,12088.791857765063,171900.2295978628,29.5,38.09,7.03,12.529474692000477,16.18009836435473,2.987205523490198,42.477471809073194
060373024012,21507.079819873976,24400.706796603976,2710.7870449422685,184194.49423124,11.68,13.25,1.47,5.3145151631347325,6.029545961043279,0.6698500668167091,45.51545076116215
060373024013,123614.14540551821,129432.34977720221,22417.343756091726,566617.8615716539,21.82,22.84,3.96,30.54572055516822,31.983430165887125,5.539446280329623,140.01432282977302
060373024014,36108.95664478123,38212.28013938922,320.98571354882273,283285.610986813,12.75,13.49,0.11,8.92271750609,9.442460060573959,0.0793172971919921,70.00139896705542
060373024015,39529.801732575615,62758.65335897834,2221.095447040757,165665.65948714188,23.86,37.88,1.34,9.76802673644951,15.508000978635941,0.5488446377159903,40.93687598357971
060373025031,0.0,0.0,0.0,124375.68897156214,0.0,0.0,0.0,0.0,0.0,0.0,30.73390206855937
060373025032,0.0,0.0,0.0,95273.25230004081,0.0,0.0,0.0,0.0,0.0,0.0,23.54253335321907
060373025033,20035.582993338467,22633.654770229063,481.8892765970537,106981.81996440877,18.73,21.16,0.45,4.950900378485952,5.592897895993579,0.1190774335184513,26.435783432356835
060373025041,1241.5150937762326,1241.5163675488118,0.0,176443.1541444406,0.7,0.7,0.0,0.3067850608448195,0.3067853756008786,0.0,43.60005291213185
060373025042,28603.095579347908,30843.959739738057,4814.452014256726,125884.4393744784,22.72,24.5,3.82,7.067978844276555,7.621708437445862,1.189677001538271,31.106722412410733
060373025043,6561.919021627613,8549.915495297551,0.0,74865.07422662781,8.76,11.42,0.0,1.6214855029959396,2.112730129977529,0.0,18.499562725338514
060373025051,88193.37972908535,94071.1474618661,17091.259767778996,294171.72367477865,29.98,31.98,5.81,21.7930587408342,23.245486778618385,4.2233422646714445,72.69141599550973
060373025052,10106.073578367099,19469.93446803999,2589.964154477555,66516.80906720101,15.19,29.27,3.89,2.4972651667176424,4.811125583865733,0.6399940803784605,16.43666147852931
060373025053,17089.712285162186,15364.01235950762,0.0,175319.33764925072,9.75,8.76,0.0,4.222959873389104,3.7965301349623735,0.0,43.32235180838886
060373025061,0.0,0.0,0.0,75442.44075016868,0.0,0.0,0.0,0.0,0.0,0.0,18.642233100384452
060373025062,18382.14805630105,8992.67251834722,0.0,707158.3143828721,2.6,1.27,0.0,4.542327707638182,2.2221377730554845,0.0,174.74262503325724
060373025063,6878.299893254442,5494.381203748716,0.0,123662.73871699882,5.56,4.44,0.0,1.6996649189682016,1.3576911632783495,0.0,30.55772822393839
060373101001,0.0,0.0,0.0,8423603.297857404,0.0,0.0,0.0,0.0,0.0,0.0,2081.5177062451257
060373101002,0.0,0.0,0.0,691226.0475740073,0.0,0.0,0.0,0.0,0.0,0.0,170.80567616581604
060373101003,0.0,0.0,0.0,993896.5653869683,0.0,0.0,0.0,0.0,0.0,0.0,245.59718992885223
060373101004,0.0,0.0,0.0,3008239.80752843,0.0,0.0,0.0,0.0,0.0,0.0,743.3522451840247
060373102011,0.0,0.0,0.0,240935.1000306182,0.0,0.0,0.0,0.0,0.0,0.0,59.53635980189555
060373102012,0.0,0.0,0.0,489632.79804178944,0.0,0.0,0.0,0.0,0.0,0.0,120.9908993389519
060373102013,0.0,0.0,0.0,204287.2431767449,0.0,0.0,0.0,0.0,0.0,0.0,50.48047715406512
060373102014,0.0,550.273955967449,0.0,165284.2191462166,0.0,0.33,0.0,0.0,0.1359756558007826,0.0,40.84262002262841
060373102021,0.0,0.0,0.0,410100.5272156952,0.0,0.0,0.0,0.0,0.0,0.0,101.33804721751997
060373102022,0.0,0.0,0.0,227339.33099838346,0.0,0.0,0.0,0.0,0.0,0.0,56.17677210884571
060373102023,0.0,0.0,0.0,269484.71698913054,0.0,0.0,0.0,0.0,0.0,0.0,66.59112379117019
060373103001,0.0,0.0,0.0,342448.15605892637,0.0,0.0,0.0,0.0,0.0,0.0,84.62078223566837
060373103002,0.0,0.0,0.0,465648.7591686493,0.0,0.0,0.0,0.0,0.0,0.0,115.06431426408129
060373103003,0.0,0.0,0.0,253111.58560330136,0.0,0.0,0.0,0.0,0.0,0.0,62.545234914262856
060373104001,11559.005113261137,19013.41777483216,3342.957863380074,263816.78208842577,4.38,7.21,1.27,2.856292367893308,4.698317852244482,0.8260628780591931,65.19054657540048
060373104002,986.1371620116413,1722.5454696780457,0.0,378844.68532851484,0.26,0.45,0.0,0.24367979959783445,0.425650255379331,0.0,93.61456048491087
060373104003,12236.844099424456,60030.82789207107,3825.3786813664624,764110.8240935442,1.6,7.86,0.5,3.0237900291425115,14.83394062605997,0.9452716583154216,188.81589667082528
060373105011,256837.30234340084,375806.31871340045,209295.6353816152,1017464.7963850242,25.24,36.94,20.57,63.46587957056374,92.86376374344593,51.71807782038677,251.4210266401331
060373105012,9464.851631489346,302056.1231164505,0.0,948213.6261738734,1.0,31.86,0.0,2.338815772929297,74.63969352718355,0.0,234.3086898080591
060373106011,3290.9180938727095,5287.738846727337,1066.6208719705278,107853.08844591015,3.05,4.9,0.99,0.8132035709636125,1.3066287248193074,0.26356775744911776,26.65107856283855
060373106012,46710.403369811305,66826.73253982398,21433.06509372682,754722.267890864,6.19,8.85,2.84,11.542392043182387,16.513245236457433,5.296225725995951,186.4959339089361
060373106013,0.0,0.0,0.0,165106.961171122,0.0,0.0,0.0,0.0,0.0,0.0,40.79881862307456
060373106021,52374.931162263725,61010.98229635076,38467.103486865795,424078.59392695053,12.35,14.39,9.07,12.942127344167703,15.076142054026226,9.505428281058897,104.79210272437821
060373106022,3945.850689899249,6086.7249044979435,3982.717625325976,466902.4339755662,0.85,1.3,0.85,0.9750409399400315,1.5040624794116597,0.9841509580821781,115.37410405548026
060373107011,147293.66784765015,167944.4532967861,141441.499571526,515345.00819648604,28.58,32.59,27.45,36.39705798119154,41.49997819719686,34.95095570690983,127.34452483759213
060373107031,2769.067869567377,4287.330315661555,1501.1084894588264,288905.1041822503,0.96,1.48,0.52,0.6842515722179174,1.0594223931272908,0.37093198591132365,71.39000597676609
060373107032,211407.09030309616,238894.75582870247,118236.85171398678,705847.7243475037,29.95,33.85,16.75,52.239829694210044,59.03217976955684,29.216962346261365,174.41877118262047
060373107041,12892.74833429414,13984.273173728947,1922.1537792146264,149538.60187590023,8.62,9.35,1.29,3.1858674953059136,3.4555891571353383,0.47497454285138374,36.95179326061089
060373107042,8747.203115226032,31204.014708818824,2437.9121309895104,156458.55041545402,5.59,19.94,1.56,2.1614809625587053,7.710679957929713,0.6024212071115929,38.661749784210485
060373107043,1821.7417444504943,30430.519509874684,0.0,189230.7485658245,0.96,16.08,0.0,0.4501621886970986,7.519545131731601,0.0,46.75993630967531
060373107051,60445.944978374886,162365.2185761481,25968.593579473294,556948.5263930142,10.85,29.15,4.66,14.936518292024614,40.121319273258756,6.416979222621529,137.6249780719214
060373108001,78278.71842618923,129384.46520207587,37828.6531540413,591227.1694101979,13.24,21.88,6.4,19.34309257746431,31.971597629684137,9.347663768018462,146.09541523085932
060373108002,24919.39581258044,48552.37824727085,840.8128485836264,471705.1521132636,5.28,10.29,0.18,6.1577168081989715,11.997553947929964,0.20776937969175094,116.56088155297526
060373108003,9786.837522789096,28329.71725468267,2758.6541455575257,251481.32700651037,3.89,11.27,1.1,2.4183802194259667,7.000425589075297,0.6816782849739694,62.142389241812694
060373108004,19851.109460483214,31252.10890787566,0.0,328672.4602428227,6.04,9.51,0.0,4.90531597577916,7.722564293334011,0.0,81.21673366605444
060373108005,5695.21304125745,15943.219729076947,1067.6782953458933,501919.4295309943,1.13,3.18,0.21,1.407317791096697,3.9396553929683953,0.2638290524556598,124.02699210003836
060373109001,60240.91641691824,77209.67025039317,55182.49442300584,440778.6653107931,13.67,17.52,12.52,14.885854631134205,19.07892502017745,13.635891334706582,108.91878023421152
060373109002,8144.329215553726,18408.27231965313,1752.5649026179035,401568.2035673604,2.03,4.58,0.44,2.0125075776035826,4.548783153699347,0.4330682188073625,99.22966412759689
060373109003,1176.2491079280492,1176.2478132007207,0.0,222435.40886502946,0.53,0.53,0.0,0.29065748451497353,0.2906571645808831,0.0,54.96498655939799
060373109004,18540.95078703649,25805.958805115035,9844.991450981812,409505.33548196015,4.53,6.3,2.4,4.581568716994592,6.376791294663905,2.432750368035842,101.19097213710928
060373109005,10370.93637080663,20906.32586023867,0.0,323084.95836549654,3.21,6.47,0.0,2.5627141880798714,5.1660656267711405,0.0,79.83603188320924
060373109006,13134.43074841249,24684.161336491015,760.4323839486517,375652.97042516153,3.5,6.57,0.2,3.245588520440534,6.099589103250666,0.1879069343156175,92.82587055618332
060373110001,1241.147614013308,5021.918202298935,0.0,229414.0433297876,0.54,2.19,0.0,0.3066942546178205,1.2409430130759795,0.0,56.68944469093196
060373110002,27358.151018126922,29350.794006158165,24433.682113504772,401206.71846087754,6.82,7.32,6.09,6.76034634357057,7.252739149255903,6.037694339305051,99.14033921246475
060373110003,21306.848959836672,35523.525669615236,7654.934129485239,691899.6297979712,3.08,5.13,1.11,5.265037040083715,8.778054361648913,1.8915754181724733,170.97212195821817
060373111001,48050.83154225147,56996.51846921175,40567.1901309031,965357.8911582369,4.98,5.9,4.2,11.87361905806255,14.084146438634903,10.024370992347835,238.5451299469944
060373111002,7098.140644423849,8187.133173701399,741.1497976604529,381426.94152959797,1.86,2.15,0.19,1.753988751647946,2.023084666009968,0.18314210347519863,94.25264988852547
060373111003,0.0,0.0,0.0,358072.10892607964,0.0,0.0,0.0,0.0,0.0,0.0,88.48154506893128
060373112001,7388.869954521111,12668.392507008448,0.0,362828.15505019785,2.04,3.49,0.0,1.8258295287232158,3.1304279630201015,0.0,89.65678966070695
060373112002,15952.264082895015,23137.162065101158,4216.606785969785,297750.61630537716,5.36,7.77,1.42,3.941890301468733,5.7173172581644485,1.0419462283441017,73.5757796242238
060373112003,19625.851305806194,35480.96232634787,2187.3493022391503,328418.6720522775,5.98,10.8,0.67,4.849653473539105,8.767536730474312,0.5405057837317432,81.1540212384179
060373113001,14526.060670615945,20630.01913622983,929.1832447323527,236580.85486950786,6.14,8.72,0.39,3.5894677632277405,5.0977887483329924,0.22960618014248646,58.46040239035782
060373113002,20320.741308849963,29804.560861206002,2348.286114853402,470320.22344889876,4.32,6.34,0.5,5.0213645328189545,7.364867381069655,0.5802741362048975,116.21865822706256
060373113003,32875.308166332514,55224.64717409015,1371.453530654506,514984.5280041813,6.38,10.72,0.27,8.123665565292212,13.64630750634316,0.3388935478568724,127.25544824216131
060373114001,157137.385113917,45563.33662386989,24558.789678292604,494524.23342961015,31.78,9.21,4.97,38.82949349132733,11.258945677358234,6.068609091826376,122.19959934638133
060373114002,5749.840380426763,13312.868588216159,871.4944854941214,444615.2084382315,1.29,2.99,0.2,1.4208165005806663,3.2896814709133966,0.21535097728455585,109.86681068723242
060373115001,6118.6629690715645,16495.100287322985,0.0,503685.6762185563,1.21,3.27,0.0,1.5119545470414473,4.076028048838094,0.0,124.46344116153348
060373115002,2114.432696111938,3407.644840083724,0.0,499243.0667805157,0.42,0.68,0.0,0.5224876979593873,0.8420473781135062,0.0,123.36564846163684
060373115003,16813.67920290326,33782.787650753104,2784.0410166652005,493334.2113401156,3.41,6.85,0.56,4.154750613299954,8.347908629463587,0.6879515174432892,121.90553848400242
060373116011,13870.677898245667,79312.04446716199,3705.3149634782953,499444.58808716654,2.78,15.88,0.74,3.427519153254175,19.598433002998842,0.9156032675063,123.41544546099054
060373116012,534206.3372152607,103415.15877014317,15522.71895074337,1205630.0706161107,44.31,8.58,1.29,132.00526073975416,25.5544422573837,3.835747387731037,297.9176785078795
060373116021,25449.278568278354,65607.0987776161,4299.972027149037,449628.20887698914,5.66,14.59,0.96,6.288653688678578,16.211867170396825,1.062546228066803,111.1055500729467
060373116022,19827.943233656566,19827.942104286674,19827.942104286674,258952.92922111275,7.66,7.66,7.66,4.899591476462006,4.899591197388627,4.899591197388627,63.98866235722293
060373116023,15080.74509075738,70608.79693652022,8799.830005268243,254418.35122131318,5.93,27.75,3.46,3.7265332684606833,17.447813701936443,2.1744853502980166,62.86814373078984
060373116024,0.0,4850.985352300619,0.0,147885.0828078692,0.0,3.28,0.0,0.0,1.1987045859718757,0.0,36.543199800541856
060373117001,19712.866180157027,37276.83441425119,8784.444798692048,583847.3821546544,3.38,6.38,1.5,4.871155317258885,9.211306387821898,2.1706835829580546,144.27183008593173
060373117002,19208.239763849677,34134.47475710061,10636.773068917617,290094.488142675,6.62,11.77,3.67,4.746459414158848,8.434812406034672,2.6284038667745584,71.68390915401778
060373117003,3991.853232077563,18839.31082181714,0.0,210653.52209610678,1.89,8.94,0.0,0.986408415673463,4.65529508720362,0.0,52.053618934960404
060373117004,52268.67833052753,69331.34690451842,51470.464938761404,415194.90169823024,12.59,16.7,12.4,12.915871697649564,17.132148924473395,12.718628872984995,102.59689456736339
060373117005,463.5692243849875,463.56947712318225,0.0,287300.64489770547,0.16,0.16,0.0,0.11455045002809029,0.11455051248105833,0.0,70.99353545321011
060373117006,178051.90549357721,18781.49972847605,439.97560319170515,565819.6595453984,31.47,3.32,0.08,43.99758402794607,4.641009654930537,0.10872033926293247,139.8170828135873
060373118011,14581.392007520417,28611.06531211589,1419.4856486348006,318560.55024674616,4.58,8.98,0.45,3.603140434340608,7.069948208132379,0.350762542693069,78.7180262891123
060373118012,7050.460190313088,15019.071508898878,0.0,287652.472709749,2.45,5.22,0.0,1.7422066548463786,3.7112933944890916,0.0,71.08047399891589
060373118021,38451.19614221736,85138.434862302,1067.985398807924,462673.54461106105,8.31,18.4,0.23,9.501497490591417,21.038165424166543,0.2639049393737947,114.32912273588178
060373118022,4982.824024201159,15124.472553068324,0.0,361257.0110989885,1.38,4.19,0.0,1.2312826312839833,3.7373385597156203,0.0,89.26855153530354
060373201011,12500.212177974077,11513.78920764348,5075.0720288199855,340656.47944482503,3.67,3.38,1.49,3.08886969865879,2.8451192742872733,1.2540776096549031,84.17804930247506
060373201012,0.0,0.0,0.0,339847.83007999294,0.0,0.0,0.0,0.0,0.0,0.0,83.97822769270505
060373201021,29522.613738359712,14882.763678643287,1360.0856009753957,341053.9012382349,8.66,4.36,0.4,7.295196729725153,3.6776109960968224,0.33608447125702395,84.27625436633896
060373201022,189070.39856409002,147428.1254779896,42796.93395430573,884844.3331376602,21.37,16.66,4.84,46.72031296132845,36.43028318522774,10.575352690403797,218.64979647904104
060373202011,27519.207817430848,16810.425994252837,332.88602530645466,402353.32324490626,6.84,4.18,0.08,6.800144345400448,4.153946727935399,0.08225792826843993,99.42367142501425
060373202012,1152.6555432096561,16851.218951264145,2102.591115167679,337859.75525047025,0.34,4.99,0.62,0.28482738770506477,4.164026887138852,0.5195615795829819,83.48696370357057
060373202013,35925.26969208073,21172.279220618555,3345.5381268127685,179023.49883087058,20.07,11.83,1.87,8.877327471572402,5.231784133340286,0.8267004750390149,44.237669970188904
060373202021,26979.434893888945,27226.20556867369,20009.80655959322,497092.73988862475,5.43,5.48,4.03,6.666763551222979,6.727741912950573,4.94453088299247,122.83429111473701
060373202022,5141.3281140335885,4216.817428185556,0.0,323561.86906610674,1.59,1.3,0.0,1.2704498448661317,1.0419982791691829,0.0,79.95387908380931
060373202023,51849.34794988059,42147.90100264453,2285.657850093689,254264.09476491433,20.39,16.58,0.9,12.81225290397903,10.414973155298798,0.564798354950822,62.830026130287635
060373202024,4111.924048006444,26299.67097999444,0.0,540190.1720232061,0.76,4.87,0.0,1.016078560446643,6.498790229972464,0.0,133.483898522608
060373203001,20745.351138118265,22303.016800977948,20210.342808668494,374808.7265715265,5.53,5.95,5.39,5.126287906655007,5.5111954744742535,4.99408446931821,92.61725335667953
060373203002,195293.96700519996,176411.49105192284,33415.31511580755,580647.1690287052,33.63,30.38,5.75,48.25819021505593,43.592228791576815,8.257104188537161,143.48104020066782
060373203003,15356.919591806447,19030.34147751817,465.1882102523856,301500.4108721448,5.09,6.31,0.15,3.794777473893917,4.7024997902525465,0.11495051014844365,74.50237404106842
060373203004,73779.72784566587,83469.12697229622,2106.0229513677277,457788.65361294686,16.12,18.23,0.46,18.231367793846903,20.625670461220516,0.5204096047763277,113.12203988236725
060374002051,17483.95513776778,53606.11416676313,14303.756843976595,23888161.129329287,0.07,0.22,0.06,4.320379403872913,13.24635929015042,3.5345352913444135,5902.893168412024
060374002061,0.0,0.0,0.0,1715570.094627972,0.0,0.0,0.0,0.0,0.0,0.0,423.92660266670595
060374002062,0.0,3908.840794918895,0.0,1637912.0303119808,0.0,0.24,0.0,0.0,0.9658955957228513,0.0,404.73687705990125
060374002071,2859.70345041407,2860.424608373461,0.0,1400579.995989856,0.2,0.2,0.0,0.7066481119975377,0.7068263140101911,0.0,346.09085418435427
060374002072,0.0,1001.6921955372918,0.0,521572.6691187548,0.0,0.19,0.0,0.0,0.24752353209092487,0.0,128.88341336543752
060374002073,0.0,0.0,0.0,3104998.255446997,0.0,0.0,0.0,0.0,0.0,0.0,767.261778367113
060374002081,0.0,2560.5532244133665,0.0,822379.9446822816,0.0,0.31,0.0,0.0,0.6327264812856451,0.0,203.2145099416615
060374002091,0.0,0.0,0.0,1147034.0765804658,0.0,0.0,0.0,0.0,0.0,0.0,283.43829304925373
060374002092,0.0,0.0,0.0,4102794.100195267,0.0,0.0,0.0,0.0,0.0,0.0,1013.8225012099867
060374002093,0.0,301.83780651263527,0.0,1614972.6748047222,0.0,0.02,0.0,0.0,0.07458574631951718,0.0,399.0684388666692
060374003041,17203.386730143622,31170.20923583683,9105.137892513489,501995.6666179622,3.43,6.21,1.81,4.25104944047931,7.7023264436328205,2.2499285722406874,124.04583069449549
060374003042,43700.05453834073,85172.91985083568,34460.87465239244,785565.0639964957,5.56,10.84,4.39,10.798518646832616,21.04668685041305,8.515467576671602,194.1173548061322
060374003043,0.0,0.0,0.0,861595.5595023014,0.0,0.0,0.0,0.0,0.0,0.0,212.90489940123194
060374003044,0.0,0.0,0.0,362328.7559597068,0.0,0.0,0.0,0.0,0.0,0.0,89.5333854579468
060374003045,0.0,1233.770477641719,0.0,630111.9062542353,0.0,0.2,0.0,0.0,0.30487132452058374,0.0,155.70404296195554
060374004021,11951.987157723679,58750.74002984255,0.0,3388851.1075645336,0.35,1.73,0.0,2.9534003458999707,14.517624026552504,0.0,837.4033456701599
060374004022,44975.39591051056,50998.78738532071,21197.043983765856,995083.872559789,4.52,5.13,2.13,11.113662363103499,12.602074811212534,5.237903639584744,245.8905799207108
060374004031,40998.30498785486,18904.098106966216,6023.567064107227,12187917.769898599,0.34,0.16,0.05,10.130901793531063,4.671304374014605,1.4884558371692695,3011.7000698212364
060374004032,16462.777172560585,97897.30216787051,2436.693607675979,944622.8669975308,1.74,10.36,0.26,4.068040833234525,24.190950196797996,0.6021201034433761,233.42139389203223
060374004041,0.0,0.0,0.0,909756.9886688541,0.0,0.0,0.0,0.0,0.0,0.0,224.8058477274368
060374004042,0.0,0.0,0.0,13553437.402200993,0.0,0.0,0.0,0.0,0.0,0.0,3349.1273194622227
060374004043,9200.577878155073,0.0,0.0,1700148.1084680501,0.54,0.0,0.0,2.273512306299872,0.0,0.0,420.1157468936771
060374005011,0.0,0.0,0.0,11752182.633296993,0.0,0.0,0.0,0.0,0.0,0.0,2904.027572672649
060374006021,2245.759095192866,4345.214175831667,0.0,313755.99880492897,0.72,1.38,0.0,0.5549391579009892,1.0737258064754185,0.0,77.53079577230345
060374006022,62376.995798413736,57819.66458004665,24759.171875972774,499672.32076194265,12.48,11.57,4.96,15.413691341542796,14.287550272355976,6.118124611223363,123.47171943046364
060374006023,45967.60851875535,41884.89897273197,7628.280198162419,729693.5197524211,6.3,5.74,1.05,11.358843438160358,10.349983938370615,1.8849890883053482,180.31119555254054
060374006031,32521.014773558305,12606.547448927102,0.0,4023521.550930398,0.81,0.31,0.0,8.036117761319444,3.1151457163510514,0.0,994.2338276840167
060374006032,0.0,0.0,0.0,336682.0337919002,0.0,0.0,0.0,0.0,0.0,0.0,83.19594239328855
060374006033,0.0,0.0,0.0,4827007.808073966,0.0,0.0,0.0,0.0,0.0,0.0,1192.7796057591029
060374006051,0.0,9644.674836462016,0.0,275119.13166481943,0.0,3.51,0.0,0.0,2.383251054590717,0.0,67.98341797895048
060374006052,11461.00060038959,85178.1626718607,0.0,3682547.9351941454,0.31,2.31,0.0,2.832074925354681,21.0479823797024,0.0,909.9774122972714
060374006053,7752.067249777889,26224.658099940287,5414.754424172909,1011670.8181730959,0.77,2.59,0.54,1.9155775349154844,6.480254143631732,1.3380149575362679,249.98930344386213
060374008011,0.0,0.0,0.0,652726.5088333007,0.0,0.0,0.0,0.0,0.0,0.0,161.29223295898382
060374008012,139632.98828657484,157075.77986680862,38817.075306005696,789675.8681561922,17.68,19.89,4.92,34.5040628359543,38.81427050324023,9.59190820093022,195.13315663615083
060374008013,12356.172089679849,18580.472243299846,440.73594727704517,524676.6735683712,2.36,3.54,0.08,3.0532766176942805,4.591334681520686,0.10890822437818672,129.65042956903577
060374008014,23167.406953696805,49327.53832681679,23167.411984133825,1618796.3417411428,1.43,3.05,1.43,5.7247909328983075,12.189100175084283,5.724792175946367,400.01328754359685
060374010011,0.0,0.0,0.0,644247.4435818485,0.0,0.0,0.0,0.0,0.0,0.0,159.19701030553875
060374010012,0.0,0.0,0.0,481356.55998104863,0.0,0.0,0.0,0.0,0.0,0.0,118.94579637583948
060374010013,0.0,0.0,0.0,324308.9479447867,0.0,0.0,0.0,0.0,0.0,0.0,80.13848629511158
060374010021,0.0,0.0,0.0,491001.97461676906,0.0,0.0,0.0,0.0,0.0,0.0,121.32923023880815
060374010022,2433.5816778798985,2218.6166618508096,0.0,490330.44900819374,0.5,0.45,0.0,0.6013511288440165,0.5482321165560533,0.0,121.16329264713617
060374010023,71052.47825251333,102463.36443058951,36803.92329744263,492120.0157713137,14.44,20.82,7.48,17.557449742774775,25.319248754030003,9.094447505902854,121.60550422479788
060374011011,29194.32644729971,33013.12527700339,15248.311012247945,486696.5047467388,6.0,6.78,3.13,7.214075173436949,8.15772091499724,3.767939709411506,120.26532546417894
060374011012,36888.619299563186,34033.85428930539,15111.85921113408,1614607.6561299588,2.28,2.11,0.94,9.115376343815598,8.409948546956729,3.734221735045383,398.97824078779917
060374011013,41982.62753947843,51573.13142871753,3607.7036460018853,524516.6306325044,8.0,9.83,0.69,10.374133193136739,12.743998315149497,0.8914829856657791,129.61088209831723
060374011014,21631.32476770001,33575.09212808545,2285.2556314103285,389415.76874054375,5.55,8.62,0.59,5.345216758362652,8.296585948105776,0.564698964549637,96.2267320839615
060374011021,49427.75808665532,70423.81584337415,8430.03336932903,502411.30746824504,9.84,14.02,1.68,12.213865017069729,17.40210387835037,2.083106611508983,124.14853778535799
060374011022,59630.37751561159,123482.14459552844,12916.511745720563,460535.74292387156,12.95,26.81,2.8,14.73498718302628,30.513102444661723,3.1917395621514015,113.80086043446767
060374011023,25718.007059604235,46603.19086777386,15676.735543339226,319217.38149499835,8.06,14.6,4.91,6.355057945038755,11.515899256968376,3.8738057165967086,78.88033282527121
060374012011,28553.92924997121,74009.63444023504,16141.68029468189,635447.8280482389,4.49,11.65,2.54,7.055829579700586,18.288178950599736,3.988696066738394,157.02257795234175
060374012012,62365.63350718157,71440.8860415985,50037.587073076196,1707072.072060304,3.65,4.18,2.93,15.41088365823353,17.653427397661485,12.364557041388995,421.8266955584058
060374012021,317263.41256482597,481373.6639565842,202002.4785178507,1530817.612309795,20.73,31.45,13.2,78.39749658740598,118.95002286023879,49.915899511466364,378.27327004646713
060374012022,303628.05722642323,323316.72442738106,224926.5812037362,1011039.2897684877,30.03,31.98,22.25,75.02812690506961,79.89330252434237,55.58056865045457,249.83324937653407
060374012023,14766.75734171179,18975.102033931344,0.0,641089.6802766363,2.3,2.96,0.0,3.648945205956756,4.68884982647299,0.0,158.41670999942127
060374012031,42080.25330518128,42080.25141986421,29889.61565901738,942400.2320701176,4.47,4.47,3.17,10.398257045211764,10.39825657933977,7.385884879328448,232.87216884043156
060374012032,40262.6054139422,48208.67891467717,1170.6156360688326,962346.301596868,4.18,5.01,0.12,9.949106469674144,11.912623993239393,0.2892654233022173,237.8009499596098
060374013031,15473.800124210393,82723.80008789615,38271.34702684932,5803452.507243739,0.27,1.43,0.66,3.8236592824396793,20.441496177133104,9.457055806331864,1434.0643456290413
060374013041,0.0,0.0,0.0,2576110.059461094,0.0,0.0,0.0,0.0,0.0,0.0,636.5706589445356
060374013042,105286.02179789628,3104.627470211815,0.0,5646983.285857521,1.86,0.05,0.0,26.016742579529442,0.767170155340131,0.0,1395.3999589905295
060374013043,0.0,15024.074312337914,0.0,1659047.5392570146,0.0,0.91,0.0,0.0,3.7125296141413,0.0,409.95957506026656
060374013111,6884.476471824306,20376.798522041303,0.0,1094686.4133929445,0.63,1.86,0.0,1.7011911847718697,5.035216571868587,0.0,270.5029037683866
060374013112,70773.68163512833,110707.8618551227,9198.146438439879,670371.7029908095,10.56,16.51,1.37,17.4885575982841,27.356508435124336,2.2729114844615346,165.65245539233723
060374013113,170231.1107160819,277097.3670049587,74355.19561685601,1360250.1577394647,12.51,20.37,5.47,42.06502355107667,68.47225057730742,18.373568976968905,336.1251341189822
060374013114,62901.321848437256,103787.64834035333,23723.581258150472,1153230.2151606353,5.45,9.0,2.06,15.54325513014703,25.64648643472302,5.862224596562567,284.96939223672996
060374013121,117786.16138243789,160664.49142539283,96859.07697277347,1133748.1294547173,10.39,14.17,8.54,29.105594339960412,39.701060441899806,23.93439916391472,280.15526401659304
060374013122,0.0,44213.97852192528,0.0,1674138.4666530623,0.0,2.64,0.0,0.0,10.925512028841402,0.0,413.6886244311602
060374015001,121246.12877801221,54500.25582615334,2030.3642465736498,1085422.8120960721,11.17,5.02,0.19,29.960570903107758,13.467306505979721,0.5017139316668755,268.2138180361632
060374015002,58439.060925158905,62366.75620738764,780.4033053282361,3058263.5480081695,1.91,2.04,0.03,14.440606442494307,15.411161083496225,0.19284185646137048,755.7133806576852
060374015003,28743.46058458704,16812.590415657316,0.0,626817.7051682607,4.59,2.68,0.0,7.102663792440811,4.1544815681122085,0.0,154.89002814597623
060374016011,97174.63035539618,101059.10465417092,31196.830552339943,567694.1317792536,17.12,17.8,5.5,24.012374102900957,24.97224860629909,7.70890471420248,140.2802749899837
060374016012,73063.46513636595,78864.45544843245,40536.0549635467,1202231.317447091,6.08,6.56,3.37,18.054375423834642,19.487831347785164,10.016677324941188,297.0778283095362
060374016013,108786.04636664185,79548.01663022506,64469.08136396892,827138.056517323,13.15,9.62,7.79,26.88161748573377,19.656742994368173,15.93065694328126,204.39026498172285
060374016021,110809.69254487046,152835.81258130207,102652.12326270824,1173741.6512169258,9.44,13.02,8.75,27.38167134655952,37.76655176974683,25.365892077245995,290.037878467859
060374016022,5850.474030543242,10108.836202859393,1297.2628504543618,476539.8842957551,1.23,2.12,0.27,1.4456836170811322,2.497947826096661,0.3205606315247073,117.7555698932214
060374016023,66775.32019367955,27251.7601137618,11828.924543704146,376531.9479178419,17.73,7.24,3.14,16.500540969051293,6.73405657856279,2.922990911718328,93.04307062481315
060374017051,0.0,19.849543177603636,0.0,1031979.2364529445,0.0,0.0,0.0,0.0,0.004904928938850715,0.0,255.00762288989884
060374017052,2.784637150288865,1971.1477419220003,2.790414281472362,592976.1411086973,0.0,0.33,0.0,0.0006880988252697702,0.4870812146957774,0.000689526385474654,146.5275955495923
060374017061,50274.5414709593,49313.38597305008,25233.440442718318,525211.5948488772,9.57,9.39,4.8,12.423109748268221,12.1856030523081,6.235318926326907,129.7826114961101
060374017062,0.0,20894.619423826407,0.0,714316.4842381899,0.0,2.93,0.0,0.0,5.163172903335867,0.0,176.5114473259623
060374017071,67322.62137271739,79188.63765936719,38374.159010603784,293488.61969072226,22.94,26.98,13.08,16.63578203567487,19.567938516683064,9.482461200796909,72.52261732494773
060374017072,93379.47255640013,96305.25522081711,47309.09508727982,477160.2222769751,19.57,20.18,9.91,23.07457018725195,23.79754682863273,11.690331988408678,117.90885874670934
060374017073,0.0,0.0,0.0,510508.3322216494,0.0,0.0,0.0,0.0,0.0,0.0,126.14935617579705
060374017074,6362.990404208262,52825.78922553228,3539.1908016451002,823932.0185166973,0.77,6.41,0.43,1.572329171103795,13.053536797879227,0.8745530931255951,203.59803573858002
060374018011,126597.14045458302,232414.06097129514,25114.13378393347,1593873.8125186744,7.94,14.58,1.58,31.282834684682044,57.430765194644906,6.205837608896305,393.8547964529522
060374018012,0.0,16186.074866340125,0.0,1968667.5495109945,0.0,0.82,0.0,0.0,3.9996662043030735,0.0,486.46834580394386
060374018021,45364.66765198369,73253.7281953681,0.0,854156.4524229479,5.31,8.58,0.0,11.209853505274605,18.101390449608477,0.0,211.0666560086132
060374018022,71579.35235634002,83240.85411925639,45620.05653470647,1598220.1729527186,4.48,5.21,2.85,17.687643169186043,20.56926301079151,11.27296147256229,394.92880550600046
060374019011,0.0,531.171243122221,0.0,1094462.751795822,0.0,0.05,0.0,0.0,0.13125527265610484,0.0,270.4476357841101
060374019012,0.0,12893.092807136065,0.0,622520.1351710573,0.0,2.07,0.0,0.0,3.185952616398923,0.0,153.82807547243544
060374019021,37668.21748849696,107253.38975681795,8186.973287052568,631046.057582108,5.97,17.0,1.3,9.30801925168319,26.502889789505062,2.023045157158617,155.93487678217755
060374019022,18046.48779701786,29827.995008591246,8607.956626327667,643417.1988936034,2.8,4.64,1.34,4.459384251224643,7.370658084998643,2.1270724058015116,158.99185237513885
060374019023,0.0,0.0,0.0,497416.44583958766,0.0,0.0,0.0,0.0,0.0,0.0,122.91428059723289
060374019024,32863.49004719206,43855.10372883318,9556.199094374555,888246.6790698529,3.7,4.94,1.08,8.120745244453786,10.836832136195428,2.361388222591604,219.4905344684988
060374020011,13362.482929214337,133453.24620467753,0.0,865483.7670138174,1.54,15.42,0.0,3.3019414415719934,32.97701531143838,0.0,213.8656964015886
060374020012,153281.41645036885,170645.59968724506,42177.57949031622,593213.7194111582,25.84,28.77,7.11,37.876662883795824,42.16744600640988,10.422306869316278,146.58630242665024
060374020021,35611.34223670557,41709.755632841654,6540.874800507312,669693.1219267132,5.32,6.23,0.98,8.799754307958906,10.306705076555584,1.6162853627083282,165.48477435963733
060374020022,21399.14811817587,24395.072679980316,17440.590803825748,305013.82670543075,7.02,8.0,5.72,5.287844658814222,6.0281537405057595,4.309663843592097,75.37055800080533
060374020023,1580.6652584393537,1580.6653796396745,1580.6653796396745,680038.9003449694,0.23,0.23,0.23,0.390590891658552,0.39059092160780345,0.39059092160780345,168.04127188225527
060374021011,27107.466562869195,19492.583161545474,0.0,480891.3783188509,5.64,4.05,0.0,6.698400865626222,4.816722197914138,0.0,118.83084748375057
060374021012,0.0,0.0,0.0,283585.890720681,0.0,0.0,0.0,0.0,0.0,0.0,70.07559970523974
060374021013,0.0,2214.4298372623525,0.0,425111.6286126547,0.0,0.52,0.0,0.0,0.5471975296689865,0.0,105.04737115445795
060374021021,72028.23616553,89042.86613910407,50290.68157181175,1294984.39797373,5.56,6.88,3.88,17.798564774090366,22.00297140423305,12.427098054046285,319.997613655326
060374021022,35128.68903481738,154057.9414004366,12857.994205995778,1003214.1666681125,3.5,15.36,1.28,8.680488104389976,38.06854637780109,3.1772795631751882,247.89961934778833
060374022001,38303.28299834758,59701.70101965188,21549.546676302998,999844.1210570866,3.83,5.97,2.16,9.464947356751468,14.752611604699732,5.325008951892337,247.06686294151402
060374022002,23881.315592821833,37761.28862697942,18617.487005860858,1111384.5845551959,2.15,3.4,1.68,5.901201599502003,9.331017630861481,4.600481228543241,274.62911172323874
060374022003,56876.11781450268,116178.02771819095,56847.80607054611,4247753.987950568,1.34,2.74,1.34,14.054394788924123,28.708215857406483,14.047398804633733,1049.642869571198
060374023011,1253.5292363518074,5995.231035157158,0.0,824646.7949821956,0.15,0.73,0.0,0.3097538201289578,1.4814538519262979,0.0,203.77466084975072
060374023012,0.0,340.7546815936249,0.0,506809.1784543864,0.0,0.07,0.0,0.0,0.08420231558191515,0.0,125.23527537303183
060374023031,33955.52769714483,87159.93458312517,12246.949034594321,375909.11226516863,9.03,23.19,3.26,8.390593624521872,21.537688883816323,3.026287013002362,92.88916458326797
060374023032,7877.994904070601,16533.04668089395,1305.7791502987752,211485.95482232427,3.73,7.82,0.62,1.9466949359667503,4.085404806896751,0.3226650550464499,52.25931754131813
060374023033,3895.4507269534806,20616.82751529683,1435.0958347148178,356906.5379648131,1.09,5.78,0.4,0.9625868378703863,5.094529027810173,0.3546199036791451,88.19352621192047
060374023041,24884.415151506113,54128.35711989708,701.8625424466094,323870.02313088585,7.68,16.71,0.22,6.1490728986002265,13.375408334303122,0.17343401128878394,80.03002561153721
060374023042,26960.726548934468,32885.59670947325,2503.818005713948,373501.74904085463,7.22,8.8,0.67,6.662140618506384,8.126207919669744,0.6187069034263023,92.29429217539384
060374024031,2325.5055492000442,2325.505711432068,2325.505711432068,255807.96724797477,0.91,0.91,0.91,0.5746449358390867,0.5746449759274929,0.5746449759274929,63.21152532915094
060374024032,16028.405074935104,17608.167048531443,0.0,1776595.009138836,0.9,0.99,0.0,3.9607051503520876,4.351072835464933,0.0,439.0061874459142
060374024041,0.0,154702.70697591294,0.0,4090950.1441022945,0.0,3.78,0.0,0.0,38.22787142128607,0.0,1010.8957959215525
060374024051,0.0,0.0,0.0,229291.39934290314,0.0,0.0,0.0,0.0,0.0,0.0,56.65913870176822
060374024052,19002.509462414135,8853.83671777024,5033.193015281976,784505.1480520798,2.42,1.13,0.64,4.695622349543264,2.1878306995926105,1.2437290800391247,193.8554438723642
060374024061,49724.52642024621,56669.2353104416,41821.863809774266,244910.2977435536,20.3,23.14,17.08,12.287198069349081,14.003273008839228,10.334407610382106,60.51865254915785
060374024062,0.0,0.0,0.0,400536.93652394105,0.0,0.0,0.0,0.0,0.0,0.0,98.97483249143824
060374024063,2158.312984382954,5626.158316270705,2158.3147045566134,522143.0625496674,0.41,1.08,0.41,0.5333307533314858,1.3902539969367371,0.5333311783956541,129.0243606517695
060374025011,29945.15932579821,48145.20018545692,2839.160984259331,391689.4025310539,7.65,12.29,0.72,7.39961001829641,11.896938057640371,0.7015719580620946,96.78855922908214
060374025012,17891.171050196222,52563.18385272797,1831.4291671407855,624246.9153214192,2.87,8.42,0.29,4.421004647253042,12.98864559705709,0.4525560029764167,154.25477214020057
060374025031,0.0,1580.9939260031392,0.0,325726.37790615455,0.0,0.49,0.0,0.0,0.3906721071822771,0.0,80.48874086641837
060374025032,0.0,1575.2115888432534,0.0,548566.9799554581,0.0,0.29,0.0,0.0,0.3892432605526117,0.0,135.5538528421843
060374025041,4653.051808166902,5813.230996272607,0.0,274872.8056551147,1.69,2.11,0.0,1.1497941420435658,1.436480662890692,0.0,67.92254949635712
060374025042,9117.608229617541,15375.311574650066,0.0,325504.8965218378,2.8,4.72,0.0,2.253010059647808,3.799322231830427,0.0,80.4340116244589
060374026011,0.0,2341.879990713212,0.0,362777.58732170676,0.0,0.65,0.0,0.0,0.5786911484555098,0.0,89.64429410286823
060374026012,0.0,358.65589163922874,0.0,311299.9729006188,0.0,0.12,0.0,0.0,0.08862580091895793,0.0,76.92389855432563
060374026013,42868.17807382898,66466.77061762812,25582.596457106276,360692.6298315454,11.88,18.43,7.09,10.592957495735883,16.424296708359574,6.321597256453798,89.12908988691909
060374026021,1306.2239055860073,1919.1637748995608,0.0,221080.94590270775,0.59,0.87,0.0,0.3227749564713609,0.474235696694521,0.0,54.63029147241034
060374026022,8907.632778000421,25168.148968878566,3187.8775407395206,332449.69277898484,2.68,7.57,0.96,2.2011239955772197,6.219185051777182,0.7877416957750482,82.15010815279297
060374026023,4242.839404364848,29089.668088206447,0.0,693721.811699195,0.61,4.19,0.0,1.0484284495194962,7.18821352968948,0.0,171.42239291202262
060374027021,70216.10876541471,92861.2843593457,4188.628221352658,465351.37879489566,15.09,19.96,0.9,17.350778341617772,22.946523095147032,1.0350325744614828,114.99082997338404
060374027022,31613.661092300834,34207.33480928208,17565.771136022304,201187.09478387702,15.71,17.0,8.73,7.81190578378668,8.452816517022692,4.340596577331714,49.71441380284068
060374027023,64075.52996336931,75820.52915042559,7150.336974097608,454181.7916235782,14.11,16.69,1.57,15.833408274309155,18.735660778758245,1.766886745603166,112.23076487458488
060374027024,17008.29171139409,22671.87055135799,2711.2893864861317,377789.58213590796,4.5,6.0,0.72,4.202840411448863,5.602341221167508,0.6699741981155323,93.35383880801453
060374027031,12984.03891646671,18404.647887467094,7595.793605155655,399207.2586784852,3.25,4.61,1.9,3.2084258894380264,4.547887537001415,1.8769614763478433,98.64626194020843
060374027032,0.3300846012311869,0.3350522856514857,0.0,671761.2589407148,0.0,0.0,0.0,8.156568130366959e-05,8.279322285735601e-05,0.0,165.99582214540854
060374027051,0.0,0.0,0.0,350765.910433157,0.0,0.0,0.0,0.0,0.0,0.0,86.67614410326281
060374027052,0.0,0.0,0.0,514750.4529271734,0.0,0.0,0.0,0.0,0.0,0.0,127.19760703096532
060374027061,2207.202982173945,3065.587333639029,0.0,427932.1197142922,0.52,0.72,0.0,0.5454117348855576,0.7575231274997826,0.0,105.74432968405283
060374027062,18655.73499479446,18655.736129050998,16849.03184255336,272770.579500786,6.84,6.84,6.18,4.6099325124390305,4.609932792719925,4.1634864408065635,67.40307810056149
060374027063,11503.191922376669,13572.947789428512,4802.906068221384,361144.1788901611,3.19,3.76,1.33,2.8425006280689016,3.353948441140651,1.1868239361388082,89.24067008929946
060374028011,84223.1801548112,182101.2172085726,10216.227444894297,1251386.3648913654,6.73,14.55,0.82,20.81200106053241,44.99819074395947,2.524484779925929,309.2243050592902
060374028012,22952.614044757116,42441.91473405006,4435.483998964798,324491.8183862158,7.07,13.08,1.37,5.671714449198324,10.487625530554345,1.0960319655557045,80.18367456529998
060374028013,10650.355433569544,18138.796498299514,3614.6962026389547,243908.7275461117,4.37,7.44,1.48,2.6317601421730994,4.482194228067584,0.8932108840410129,60.27115916345283
060374028031,10468.164080088634,28428.03858645177,2338.2540031654075,305242.20747148595,3.43,9.31,0.77,2.58673967827118,7.02472131926846,0.5777951474193145,75.42699211712116
060374028032,0.0,0.0,0.0,325043.77282218705,0.0,0.0,0.0,0.0,0.0,0.0,80.32006547675316
060374028041,0.0,1602.135652638604,0.0,325820.025558022,0.0,0.49,0.0,0.0,0.3958963416074081,0.0,80.5118817051566
060374028042,38048.040534965214,29038.489642687444,0.0,523845.53233796504,7.26,5.54,0.0,9.401875570470748,7.17556706038661,0.0,129.44505009824314
060374028043,5851.777807908709,24809.09303169059,4334.631409470125,468564.8990062037,1.25,5.29,0.93,1.4460057874843741,6.130460397450297,1.0711107479566717,115.78490811105176
060374029021,13062.240310350917,14780.908018673457,1162.4210777677908,651666.8071324311,2.0,2.27,0.18,3.2277498747050473,3.6524419143853875,0.2872405038472834,161.03037496594905
060374029022,57840.65737726825,65990.16424995908,42620.316647018946,649006.7609166871,8.91,10.17,6.57,14.292737705521482,16.306524710067034,10.531709603312994,160.37306323108734
060374029023,21369.13922282645,64007.52435624796,0.0,544565.7872485688,3.92,11.75,0.0,5.2804292992814945,15.816603722819528,0.0,134.5651365920248
060374029031,623.9979782991152,8319.564254851653,0.0,578902.2378542918,0.11,1.44,0.0,0.1541932584623428,2.0558090988357107,0.0,143.04985831718045
060374029032,10413.315772443424,40408.828394242104,0.0,1005461.1205270793,1.04,4.02,0.0,2.5731863662876817,9.985238955000417,0.0,248.45485373824744
060374029041,5383.4031218704895,43867.039882128214,0.0,451751.25662958686,1.19,9.71,0.0,1.330267882021336,10.839781623908648,0.0,111.63016659772536
060374029042,80029.2196340048,99743.00431318863,39441.897813709045,1456832.7362890122,5.49,6.85,2.71,19.775650846180312,24.647033129491593,9.746305205045529,359.99120903455065
060374030001,266119.6186553835,269481.41391647625,158088.5095434935,1358731.6499753066,19.59,19.83,11.64,65.75958988373512,66.59030758414194,39.06452145632057,335.7499026786591
060374030002,0.0,0.0,0.0,293077.9235139424,0.0,0.0,0.0,0.0,0.0,0.0,72.42113208951744
060374030003,4322.337100515787,4322.334508891205,2496.3387313181406,766641.1740058626,0.56,0.56,0.33,1.0680727580526348,1.068072117648254,0.6168587344736287,189.44115975115415
060374033051,0.0,4330.627797416447,0.0,1481590.1889084245,0.0,0.29,0.0,0.0,1.070121433872901,0.0,366.10890880822575
060374033161,61298.62332860595,122927.74567149795,41919.26287521539,859638.6774933325,7.13,14.3,4.88,15.147219701027254,30.37610748705418,10.358475443602481,212.42134332591945
060374033162,0.0,0.0,0.0,1088439.0841970167,0.0,0.0,0.0,0.0,0.0,0.0,268.9591551042759
060374033163,6002.343665602048,6002.340650448989,4172.386989403764,961993.7028603132,0.62,0.62,0.43,1.4832114211856176,1.4832106761250707,1.0310192786452548,237.7138209143086
060374033171,0.0,0.0,0.0,2613872.8664763966,0.0,0.0,0.0,0.0,0.0,0.0,645.9020517773229
060374033172,0.0,0.0,0.0,734111.653490265,0.0,0.0,0.0,0.0,0.0,0.0,181.40294017520344
060374033173,0.0,0.0,0.0,842661.6591992186,0.0,0.0,0.0,0.0,0.0,0.0,208.22623074417737
060374033181,0.0,0.0,0.0,588655.0117155832,0.0,0.0,0.0,0.0,0.0,0.0,145.45982122253784
060374033182,0.0,0.0,0.0,661128.0987558522,0.0,0.0,0.0,0.0,0.0,0.0,163.3683110417266
060374033183,29079.22526080317,24961.625801163264,0.0,714643.831017611,4.07,3.49,0.0,7.185633050840398,6.168152065637084,0.0,176.5923364767632
060374033184,122883.59114788761,231021.25029148752,129321.08712178045,1404192.4083420576,8.75,16.45,9.21,30.365196666653947,57.08659418029951,31.95593656497608,346.98350071666175
060374033191,106772.70934744626,111433.9725741094,85384.39009548973,1430250.2847043558,7.47,7.79,5.97,26.384111073583476,27.535934301326943,21.098942285887244,353.42254219539166
060374033192,32859.3566111862,39521.984607199294,9228.73841731228,803859.9965622973,4.09,4.92,1.15,8.119723850172788,9.766095082701417,2.2804709270706343,198.63813109672068
060374033201,40476.6642209929,12101.468735128838,7702.824996796561,2329240.7904957365,1.74,0.52,0.33,10.002001552846812,2.9903380481069863,1.9034095092082308,575.5679340643308
060374033202,0.0,0.0,0.0,1587745.8736480684,0.0,0.0,0.0,0.0,0.0,0.0,392.3405497807236
060374033211,0.0,0.0,0.0,1517006.9205211648,0.0,0.0,0.0,0.0,0.0,0.0,374.8605737837122
060374033212,59422.34720583277,67419.68301819774,22871.959096295854,875828.615203408,6.78,7.7,2.61,14.683581773971651,16.659766490607122,5.651784177391589,216.42196405969727
060374033213,0.0,0.0,0.0,3971958.216943779,0.0,0.0,0.0,0.0,0.0,0.0,981.4922503695343
060374033231,66580.42723533683,748619.6699696418,49515.66045514676,1823621.7869279915,3.65,41.05,2.72,16.452381870234753,184.98794912167176,12.235586165367673,450.62675731067503
060374033232,0.0,0.0,0.0,747875.5033618164,0.0,0.0,0.0,0.0,0.0,0.0,184.80406154816993
060374033233,56054.296347039024,62579.216528750476,30134.317744827444,596782.3746499169,9.39,10.49,5.05,13.851318281708611,15.463661172253225,7.446352081588355,147.4681363407485
060374033241,0.0,0.0,0.0,2155112.07819863,0.0,0.0,0.0,0.0,0.0,0.0,532.5397921877678
060374033242,0.0,0.0,0.0,874042.5967251767,0.0,0.0,0.0,0.0,0.0,0.0,215.98062928232653
060374033243,20060.924507577627,20060.922507530107,0.0,2131060.8654158544,0.94,0.94,0.0,4.957162403028976,4.95716190880647,0.0,526.5966080783322
060374033244,0.0,0.0,0.0,2795266.943376731,0.0,0.0,0.0,0.0,0.0,0.0,690.7255043456644
060374033251,113207.3972485665,112407.83715744986,67333.76787980486,1224615.11517792,9.24,9.18,5.5,27.97415708201195,27.77658148069065,16.638536397560745,302.60898518649657
060374033252,12881.644934466403,12881.640772839239,0.0,15879800.89033934,0.08,0.08,0.0,3.1831237854558987,3.1831227570954304,0.0,3923.984256629934
060374033261,58441.67660062967,43196.911661468905,15575.10137880099,1112127.0704494545,5.25,3.88,1.4,14.441252789979304,10.674189334310716,3.8486913675983914,274.8125839833735
060374033262,40834.20379371972,36549.85455019255,0.0,805548.1719935621,5.07,4.54,0.0,10.09035150535508,9.031665751194739,0.0,199.05528833064687
060374033271,145011.40520385496,196603.72955425878,65725.64236790605,8462901.646466682,1.71,2.32,0.78,35.83309859998826,48.58183958937252,16.241159929495907,2091.228539669251
060374033272,0.0,0.0,0.0,409936.63049331424,0.0,0.0,0.0,0.0,0.0,0.0,101.29754745541481
060374033281,0.0,313807.4819127328,0.0,1269622.5816914625,0.0,24.72,0.0,0.0,77.54351752529642,0.0,313.73057236819614
060374033282,0.0,7130.846039503491,0.0,697048.4498275922,0.0,1.02,0.0,0.0,1.7620704307751351,0.0,172.24442309574343
060374033283,71890.008425003,59805.93944939632,12549.13085805497,823079.8765056032,8.73,7.27,1.52,17.764407955538097,14.778369481645269,3.100957767761049,203.38746686186443
060374034011,8636.761686640566,58022.65627847309,2543.1794335641907,643633.6611990418,1.34,9.01,0.4,2.1341902912183155,14.337710613430309,0.6284333240703288,159.04534137569746
060374034012,21620.923219916724,33391.20180412492,1351.600349342094,698860.8144548219,3.09,4.78,0.19,5.342646479929814,8.251145659455387,0.33398771991533205,172.69226814831262
060374034013,0.0,0.0,0.0,963357.5061623049,0.0,0.0,0.0,0.0,0.0,0.0,238.05082404949343
060374034021,36747.64626459881,89540.53022569681,26869.915767440383,1179057.3633839241,3.12,7.59,2.28,9.080541148234142,22.12594687819306,6.6397007857039565,291.3514195506547
060374034022,4588.516503719922,5803.193690728675,0.0,558102.0794362727,0.82,1.04,0.0,1.133847121020095,1.4340003906753565,0.0,137.91002723671838
060374034031,15248.0832502209,34965.101068930766,15248.081982564185,1651098.5828137484,0.92,2.12,0.92,3.7678834281889295,8.640064637676128,3.7678831149441336,407.99534514608735
060374034032,43782.24421062575,39995.161463622055,26407.611792920754,744881.8154481245,5.88,5.37,3.55,10.818828157155266,9.883019630309198,6.525462985726497,184.06430515426345
060374034033,0.0,1866.5795038587326,0.0,1501324.1460423016,0.0,0.12,0.0,0.0,0.4612418403398043,0.0,370.98527581364914
060374034041,0.0,0.0,0.0,1564648.1609877949,0.0,0.0,0.0,0.0,0.0,0.0,386.6329806827878
060374034042,0.0,0.0,0.0,826607.8472298223,0.0,0.0,0.0,0.0,0.0,0.0,204.25924741347757
060374034071,0.0,0.0,0.0,1334293.2638214303,0.0,0.0,0.0,0.0,0.0,0.0,329.7110459456636
060374034072,25082.992641147728,0.0,0.0,3390719.8626667913,0.74,0.0,0.0,6.19814246492891,0.0,0.0,837.865125112572
060374034081,0.0,0.0,0.0,389733.94094802474,0.0,0.0,0.0,0.0,0.0,0.0,96.30535414866334
060374034082,0.0,0.0,0.0,504999.1178725189,0.0,0.0,0.0,0.0,0.0,0.0,124.78799966247077
060374034083,85274.46594388643,83157.3970404779,36850.400695287564,944988.6416830906,9.02,8.8,3.9,21.071779436472855,20.548640317503814,9.105932321026929,233.5117787852385
060374034084,0.0,0.0,0.0,491048.49177698145,0.0,0.0,0.0,0.0,0.0,0.0,121.3407248794272
060374034085,0.0,0.0,0.0,827911.4150662884,0.0,0.0,0.0,0.0,0.0,0.0,204.58136604097587
060374034091,0.0,0.0,0.0,3423194.2381900996,0.0,0.0,0.0,0.0,0.0,0.0,845.889718064167
060374034092,73004.84918635059,70843.18923654972,49222.737116338925,1261322.9308568104,5.79,5.62,3.9,18.039891107146037,17.5057333006482,12.163203231990927,311.67968398265515
060374035001,3803.0741898305428,0.0,0.0,4918558.7676661825,0.08,0.0,0.0,0.939760098426007,0.0,0.0,1215.4023405528226
060374036011,62718.37817151128,64578.258096478065,46463.726258058145,420530.9685223127,14.91,15.36,11.05,15.49804876307323,15.95763510141527,11.481436801383405,103.91546539546258
060374036012,81905.47277901016,222805.00585657495,38065.852189445664,1028069.1425780318,7.97,21.67,3.7,20.239283095305833,55.05631596498296,9.406276926145702,254.04141765136612
060374036013,10828.604457216452,0.0,0.0,2610732.9075537985,0.41,0.0,0.0,2.675806435157518,0.0,0.0,645.126151029963
060374036014,3406.570346707921,13811.237954945402,0.0,861789.6954502956,0.4,1.6,0.0,0.8417818650179945,3.412831223390576,0.0,212.95287143871752
060374037021,5405.119471661598,8221.486765548381,797.1710007443776,853080.0791109713,0.63,0.96,0.09,1.3356341089205424,2.031573623428084,0.19698524423350136,210.80067837075615
060374037022,8389.806271309832,0.0,0.0,859028.6533403647,0.98,0.0,0.0,2.0731662791076317,0.0,0.0,212.27060307489614
060374037031,14989.82894118025,0.0,0.0,1092704.9580199562,1.37,0.0,0.0,3.7040673986379007,0.0,0.0,270.01327548258416
060374037032,0.0,0.0,0.0,422318.76655890304,0.0,0.0,0.0,0.0,0.0,0.0,104.35723991128049
060374037033,782.0307869276891,0.0,0.0,402843.4166571229,0.19,0.0,0.0,0.1932440159228341,0.0,0.0,99.54477614459458
060374037034,814.9659827711461,0.0,0.0,241822.2844005929,0.34,0.0,0.0,0.20138248005542733,0.0,0.0,59.75558783406986
060374037211,51907.28208577725,42406.2455418974,7462.19166143015,571635.5084136461,9.08,7.42,1.31,12.826568740729746,10.478811481220836,1.8439477170787975,141.25421036673103
060374037212,50923.19289294457,48898.47302823339,20951.941095360355,566730.3941245865,8.99,8.63,3.7,12.583395005337112,12.083075830803507,5.177337396846598,140.0421302291929
060374037213,32968.08375543975,35706.43486539564,29817.547461508555,429465.20693525125,7.68,8.31,6.94,8.146590912629396,8.823252208246082,7.368076439891379,106.12316378661036
060374037214,21249.951369195573,19138.105184403314,9098.477191846665,331254.9637623132,6.41,5.78,2.75,5.250977339243784,4.729128782150715,2.248282677261573,81.85488418337843
060374037221,51886.95160597858,99740.94948562048,32395.92069288254,542576.2086917441,9.56,18.38,5.97,12.821544969763684,24.646525370541518,8.005206340794775,134.07350102378174
060374037222,5578.230930632101,5623.985025535008,0.0,610797.9068657457,0.91,0.92,0.0,1.378410882025786,1.3897169651004537,0.0,150.9314497754062
060374037223,37635.36714474854,30834.53911540584,28738.010328435477,649952.0376280027,5.79,4.74,4.42,9.299901754959908,7.619380550476591,7.101317004815386,160.60664619342901
060374038011,87299.99471808752,72006.93338667811,6031.473967289687,595877.7480961629,14.65,12.08,1.01,21.572298496894536,17.793300742795857,1.4904096754963951,147.24459825109778
060374038012,40942.07131636614,38711.4370952325,0.0,630613.810926883,6.49,6.14,0.0,10.117006150686544,9.5658044305596,0.0,155.8280663075503
060374038013,19865.889177424157,11780.643314217074,1550.214974692989,656275.1612596788,3.03,1.8,0.24,4.908968123371827,2.911060360088221,0.3830664626776231,162.16912407049836
060374038021,8348.408153365981,517.1291093873908,0.0,321308.2137803308,2.6,0.16,0.0,2.062936581381094,0.12778538584294669,0.0,79.39698873472214
060374038022,64284.137828210114,45276.26230870453,24412.975826277914,329415.57771749503,19.51,13.74,7.41,15.884956400327694,11.188008069199872,6.03257770430109,81.40036199310826
060374038023,19572.785001073775,9010.684987714863,0.0,653213.9641999573,3.0,1.38,0.0,4.836540504065147,2.226588751169741,0.0,161.41268580330973
060374039011,0.0,3501.6929329672103,0.0,327805.1472392803,0.0,1.07,0.0,0.0,0.8652871679817395,0.0,81.00241595546265
060374039012,0.0,2957.55314502394,0.0,371974.980744759,0.0,0.8,0.0,0.0,0.7308272981105552,0.0,91.91701951317516
060374039013,36673.05869507233,55675.100850239556,28288.016965142393,558148.399248148,6.57,9.97,5.07,9.062110158413592,13.757617033821347,6.990121223121156,137.92147311150129
060374039021,1556.7457431908542,6950.28728004039,0.0,409151.0737214934,0.38,1.7,0.0,0.3846802507185618,1.7174533896407675,0.0,101.10343214964992
060374039022,28587.272778019564,49670.271718571996,4065.0014570076596,659811.0180180294,4.33,7.53,0.62,7.064068944918436,12.273791440595486,1.0044837356984606,163.04285330358385
060374039023,59372.45077579566,68617.55112769581,33768.1044548837,1044095.7992372464,5.69,6.57,3.23,14.671252097593483,16.955766146751994,8.344280332747122,258.00169075878466
060374040001,508.5883284891371,0.0,0.0,309099.73400220205,0.16,0.0,0.0,0.1256749129210562,0.0,0.0,76.38020768201348
060374040002,2448.207532352072,4813.4475696509635,0.0,353707.72012711485,0.69,1.36,0.0,0.6049652561926463,1.1894287978708011,0.0,87.40308110989207
060374040003,7519.7073132843225,8879.034708493746,0.0,386493.85401733685,1.95,2.3,0.0,1.8581601441705555,2.194057258702548,0.0,95.50471123166894
060374040004,22335.509745373944,15757.129235585562,0.0,272050.51094887697,8.21,5.79,0.0,5.5192246558942175,3.8936714305867937,0.0,67.22514528635948
060374041001,0.0,0.0,0.0,349032.6096829199,0.0,0.0,0.0,0.0,0.0,0.0,86.24783616017815
060374041002,1493.3307214595166,1546.5473343939982,0.0,264294.5085229405,0.57,0.59,0.0,0.36901005758289107,0.38216016902245664,0.0,65.3085953482382
060374041003,64759.38251675721,50654.659475491164,0.0,482210.0669369231,13.43,10.5,0.0,16.002391920381367,12.517038952780606,0.0,119.1567025377557
060374041004,1234.3934668749785,0.0,0.0,253285.270253668,0.49,0.0,0.0,0.3050252685127183,0.0,0.0,62.588153326046694
060374042011,12990.92765170846,26127.194965141207,6019.670017649622,473988.0774290069,2.74,5.51,1.27,3.2101281329877653,6.456170478528219,1.4874928560177678,117.12500468398305
060374042012,87534.05292704482,67047.30312755755,67047.30312755755,453554.41070387664,19.3,14.78,14.78,21.63013553990445,16.567749415679774,16.567749415679774,112.07573567309682
060374042031,43889.56804124357,49941.93884820602,38235.97255950097,318547.2323989153,13.78,15.68,12.0,10.8453484532606,12.340921850295791,9.448314585083555,78.71473537724373
060374042032,0.0,2203.297383722763,0.0,326377.38633471576,0.0,0.68,0.0,0.0,0.5444466404904207,0.0,80.64960855249633
060374043011,1345.3638875543334,11196.108104181509,0.0,337279.32164190605,0.4,3.32,0.0,0.33244665664626205,2.766618564031393,0.0,83.34353543530995
060374043012,12602.968841806527,20641.923741063387,2060.2372285311344,279170.2871469669,4.51,7.39,0.74,3.1142614232734007,5.1007304402516045,0.5090957062690414,68.98448029974934
060374043013,34694.183124841315,60674.503288864675,3202.4147373067317,327830.06155862677,10.58,18.51,0.98,8.573119355755603,14.992996280525682,0.791333915278252,81.00857241784875
060374043014,11999.310008444607,14880.125038235095,5842.977686088663,163210.16899247497,7.35,9.12,3.58,2.9650940769794794,3.6769589738522015,1.4438312300250742,40.330111068206044
060374043021,8729.48237576965,6518.128325885671,1201.203582568854,357167.53105254937,2.44,1.82,0.34,2.1571020724754564,1.6106645864199145,0.2968238694904023,88.25801900842583
060374043022,43993.18399206256,43993.17356295899,43993.17356295899,258597.48102838363,17.01,17.01,17.01,10.87095251231381,10.870949935226195,10.870949935226195,63.900829195966786
060374044011,17673.915226100024,17083.580318009095,1767.7673060796283,343757.06682277273,5.14,4.97,0.51,4.367319563963788,4.221444631306595,0.43682481451398975,84.94422112927509
060374044012,130321.15656758069,96912.17652909615,62050.19488739343,724070.3563631488,18.0,13.38,8.57,32.20305910687421,23.94752035003557,15.332937077761306,178.92168161818222
060374044013,3869.6307191811065,6207.235788122572,0.0,382703.82547284977,1.01,1.62,0.0,0.9562065750003087,1.5338413672806688,0.0,94.568174782412
060374044021,402157.29165026394,48653.56260254778,1391.8282268441371,2447876.4965880266,16.43,1.99,0.06,99.37523096304054,12.02255714663918,0.3439282449310888,604.8834554738926
060374044022,14322.657576908008,13615.079595244339,2421.495404335863,416302.263391557,3.44,3.27,0.58,3.5392057641654393,3.3643594370886714,0.5983645456094012,102.87052960101502
060374044023,8326.246007041473,8331.722675488509,1790.5928372797187,269163.05588348466,3.09,3.1,0.67,2.0574601957594454,2.058813510005219,0.4424651261083788,66.51163960095641
060374044024,10780.057612516879,10233.243755968047,1402.9829901837497,232890.68202085258,4.63,4.39,0.6,2.663810248579003,2.528689601964972,0.34668464698129975,57.54854082091108
060374045011,22980.813165462965,13690.234294639846,0.0,416790.27574561356,5.51,3.28,0.0,5.678682603677381,3.382930567751848,0.0,102.99112007992487
060374045012,24802.02008780746,27135.905895064374,4837.216127569129,388425.85143754777,6.39,6.99,1.25,6.12871263495396,6.7054283776569825,1.195302136442094,95.98211819118373
060374045031,26111.794607826007,22230.436076532438,3405.974278496862,656784.4465350119,3.98,3.38,0.52,6.452364967359117,5.493260386872983,0.8416345733553203,162.29497120273516
060374045041,44385.43347441993,37797.005195197074,23624.664479802406,305212.12638113485,14.54,12.38,7.74,10.967879470282027,9.339843387075604,5.837781728315365,75.419558917815
060374045042,5062.737532456835,10558.897759307481,0.0,367100.02815842425,1.38,2.88,0.0,1.2510296892258814,2.6091604586864725,0.0,90.71239249469456
060374046001,854513.0632727704,434453.7101012525,30737.495683928562,24891874.629357457,3.43,1.75,0.12,211.1547764686939,107.35584976439526,7.5954005963225155,6150.916175720229
060374047011,9656.513422134867,9980.552730457232,9656.506061463382,430351.12545274297,2.24,2.32,2.24,2.3861764328194384,2.4662482897127926,2.386174613957903,106.34207901982397
060374047012,3221.116028832089,4485.737356714454,0.0,253481.36515823085,1.27,1.77,0.0,0.795955105054554,1.108449840692439,0.0,62.636609432242466
060374047013,11024.92303277147,21556.70113736832,2281.0458270496597,1023406.9689629591,1.08,2.11,0.22,2.7243178116591316,5.326776857723075,0.5636586992371918,252.88936946174744
060374047021,731.4371561243106,731.4400541233803,0.0,446838.0772220351,0.16,0.16,0.0,0.18074205748335634,0.18074277359452193,0.0,110.41609352600567
060374047022,19800.827546595923,38588.158950570134,6719.015839621552,413365.04558744933,4.79,9.34,1.63,4.892891044267141,9.535341737596243,1.6603049721336098,102.14472727507885
060374047023,93782.30607153036,97015.77890571467,75252.90542551206,296086.78851290507,31.67,32.77,25.42,23.174112516675965,23.973121054830795,18.595397901683672,73.1646388228693
060374047031,0.0,0.0,0.0,508909.7456701533,0.0,0.0,0.0,0.0,0.0,0.0,125.75433683618132
060374047032,55627.69947886477,59712.326393992895,21658.914383933476,776104.4708540792,7.17,7.69,2.79,13.745903899865713,14.7552371918795,5.352034301006555,191.77959132876975
060374048041,16726.999336539688,17911.250705956852,10360.727901150458,348949.50715334713,4.79,5.13,2.97,4.133331551856661,4.425966438249502,2.5601916202912873,86.22730107790719
060374048042,6635.788107000976,10920.04088078658,833.9763580588915,437482.58355047455,1.52,2.5,0.19,1.6397389515157552,2.6984008674838083,0.20608004609273964,108.10430069348104
060374048043,7394.601678902853,7821.886515853919,3229.735912164697,160902.7438781905,4.6,4.86,2.01,1.8272458686630306,1.9328302512929594,0.7980851246136607,39.75993390513386
060374048051,26994.960174925538,31677.020225009714,12907.04895060196,228011.84860335485,11.84,13.89,5.66,6.670599931715912,7.827562166444137,3.1894012545538732,56.34295482816555
060374048052,0.0,0.0,0.0,220701.69523532604,0.0,0.0,0.0,0.0,0.0,0.0,54.536576591575304
060374048061,70996.48459974554,81026.01600035369,20369.973695255878,487133.1762229691,14.57,16.63,4.18,17.54361340984785,20.02196459253204,5.033530120442327,120.37322933588865
060374048062,97823.7181216826,114250.83294204617,96197.01322836352,597833.6903303207,16.36,19.11,16.09,24.172767182994832,28.231995657085697,23.770799649796718,147.7279221029971
060374048063,38057.774734206956,22669.495814725553,11520.587386500485,444523.3338389737,8.56,5.1,2.59,9.404280943487656,5.601754410966065,2.8467991408670157,109.84410797933569
060374049011,0.0,18746.45401425646,0.0,491068.47655088303,0.0,3.82,0.0,0.0,4.632349670349515,0.0,121.34566322460569
060374049012,0.0,0.0,0.0,326373.7822549194,0.0,0.0,0.0,0.0,0.0,0.0,80.64871796498342
060374049013,1208.8882338494896,1208.889764383795,512.364250215182,324413.5498316224,0.37,0.37,0.16,0.2987227881765459,0.2987231663798093,0.1266079634995607,80.1643339842603
060374049021,0.0,0.0,0.0,346225.6199617533,0.0,0.0,0.0,0.0,0.0,0.0,85.55421389435486
060374049022,0.0,0.0,0.0,345679.65204262023,0.0,0.0,0.0,0.0,0.0,0.0,85.41930228342865
060374049031,5853.245920824592,8378.713220153315,1739.423712124838,204306.92233655078,2.86,4.1,0.85,1.4463685660864902,2.0704251264699662,0.42982095991764085,50.4853399803559
060374049032,0.0,0.0,0.0,341069.76631999353,0.0,0.0,0.0,0.0,0.0,0.0,84.28017471341894
060374050011,20716.483577307794,74326.96344327016,0.0,652519.2061083097,3.17,11.39,0.0,5.119154577028908,18.366592654945325,0.0,161.24100734004574
060374050012,0.0,0.0,0.0,321994.2417165511,0.0,0.0,0.0,0.0,0.0,0.0,79.56650992959901
060374050013,1497.505878145518,3967.573816971869,0.0,325751.12891007384,0.46,1.22,0.0,0.3700417612684706,0.9804088415419708,0.0,80.49485697268355
060374050014,12168.912314209618,24370.020139269523,1887.728701302548,403811.82352162985,3.01,6.03,0.47,3.007003719443253,6.021963122876698,0.4664679208418827,99.78407469226399
060374050021,24457.064966363723,39842.18045859487,0.0,462483.5833452519,5.29,8.61,0.0,6.043472368080553,9.845217200704726,0.0,114.28218228483003
060374050022,11617.459587041585,23494.6496311311,0.0,422601.5763983496,2.75,5.56,0.0,2.870736782935288,5.805654359538045,0.0,104.42712374453959
060374051011,8508.41885806418,25446.614613855687,1733.014678548997,470915.8443258768,1.81,5.4,0.37,2.1024760876043724,6.287995411204753,0.4282372532310468,116.36583935107804
060374051012,11013.418108702253,14578.524356297738,5218.865271485749,329067.9042405155,3.35,4.43,1.59,2.721474883008257,3.6024318222913134,1.2896096937362274,81.31445000595322
060374051013,0.0,0.0,0.0,321257.50632941275,0.0,0.0,0.0,0.0,0.0,0.0,79.38445865071982
060374051021,100089.1599622386,115298.29075178453,75894.05935416596,598280.1053418414,16.73,19.27,12.69,24.7325700531971,28.49082811873186,18.75383048780287,147.83823365471156
060374051022,31922.582332141665,42015.35494466649,12261.478393905007,363545.0056928229,8.78,11.56,3.37,7.888241884600858,10.382220311080165,3.0298772958773026,89.8339273122078
060374052011,7470.815198967795,13490.026880059033,2.253432701041708,541971.647152006,1.38,2.49,0.0,1.8460786396116338,3.3334582381993014,0.000556835347201496,133.92411061388438
060374052012,3537.8841617257303,5364.017631784261,0.0,421579.75561196654,0.84,1.27,0.0,0.874230215369879,1.3254776230986505,0.0,104.17462632932933
060374052013,22260.48486929761,40426.90575277845,4285.056272510888,394194.0389610294,5.65,10.26,1.09,5.500685605271848,9.98970596757746,1.0588604648270727,97.4074683695478
060374052021,21098.67313613369,36422.456917971795,6566.265026027733,280751.3746501387,7.52,12.97,2.34,5.213595673755349,9.000185110686814,1.6225594240710892,69.37517553035357
060374052022,361.11834424568315,3268.878056491496,0.0,276032.4886273619,0.13,1.18,0.0,0.08923428620962066,0.8077573591189772,0.0,68.20911339959524
060374052023,3039.075619071461,5361.184343381017,1442.1483026360534,396493.495924798,0.77,1.35,0.36,0.750971940158215,1.3247775022869606,0.356362606455107,97.97567655974717
060374052031,61491.56622421654,71269.87919701588,57499.87125655901,368989.99748444534,16.66,19.31,15.58,15.194896928848488,17.6111706860974,14.20852762116491,91.17941408596224
060374052032,4975.705113777989,6990.823293016063,0.0,350202.35717734863,1.42,2.0,0.0,1.2295235102082354,1.7274700565902792,0.0,86.53688706100922
060374053011,23844.538798575537,49093.83858303058,6450.611937081116,495164.64458799566,4.82,9.91,1.3,5.892113855730632,12.13135171074721,1.5939809234090794,122.35784838997002
060374053012,3611.12505908885,6506.680016447373,1117.5485637960353,330209.36079441546,1.09,1.97,0.34,0.8923284352517902,1.6078356475490099,0.2761522641649021,81.59651006313287
060374053021,22061.31568801329,13902.813421105504,4.287188964756253,540592.6672962888,4.08,2.57,0.0,5.451469828754083,3.4354600138891014,0.0010593874645579155,133.58335727060182
060374053022,2593.7306453549354,6115.748178399819,0.0,593055.5548586237,0.44,1.03,0.0,0.6409248005435082,1.5112342865806088,0.0,146.54721911456159
060374053023,60575.95879665621,56088.28262846893,0.0,661441.8027086493,9.16,8.48,0.0,14.968645406187022,13.859716474745998,0.0,163.4458289766503
060374054001,1161.74805228271,0.0,0.0,255490.15893740585,0.45,0.0,0.0,0.28707419562805536,0.0,0.0,63.13299318533437
060374054002,24094.904226010374,37416.57231901345,18207.39856485215,429836.7915973401,5.61,8.7,4.24,5.953980500183108,9.245836376083599,4.499146167892508,106.21498435628317
060374054003,7267.706915245448,9775.402874104162,3101.9506406478104,409097.23793789314,1.78,2.39,0.76,1.7958894896832818,2.4155546562007335,0.7665086963495951,101.09012903780679
060374054004,0.0,363.57423231335184,0.0,234476.9200368183,0.0,0.16,0.0,0.0,0.0898411493674226,0.0,57.940508770944014
060374055001,670.6504728446548,0.0,0.0,356154.84538365674,0.19,0.0,0.0,0.16572134092341323,0.0,0.0,88.00777892990779
060374055002,0.0,0.0,0.0,479851.09590948897,0.0,0.0,0.0,0.0,0.0,0.0,118.57378810215161
060374055003,0.0,767.3599499194121,0.0,378387.26492248377,0.0,0.2,0.0,0.0,0.1896187731474612,0.0,93.5015294409877
060374055004,5868.040643091433,9804.32152049417,0.0,303683.28263173765,1.93,3.23,0.0,1.4500244215759386,2.42270060934845,0.0,75.04177339991652
060374055005,5249.396309540763,5249.053892941706,0.0,346823.70588130766,1.51,1.51,0.0,1.2971540775414,1.2970694645570695,0.0,85.70200414365648
060374056001,15.789008956078375,4081.9383255183575,15.7876010405982,626001.412100039,0.0,0.65,0.0,0.0039015490810802365,1.0086689270526559,0.003901201177588435,154.6883177359643
060374056002,0.0,0.0,0.0,330269.3375031923,0.0,0.0,0.0,0.0,0.0,0.0,81.61133063063431
060374056003,0.0,0.0,0.0,252535.46015570592,0.0,0.0,0.0,0.0,0.0,0.0,62.40287121576184
060374056004,82385.18725961696,81684.40707550253,70593.36578301912,394701.4633194314,20.87,20.7,17.89,20.357823125031498,20.184656570311272,17.444000580864078,97.53285565919646
060374056005,55043.83334003033,55043.85570948991,38262.54252577472,497432.5730818105,11.07,11.07,7.69,13.601627434903268,13.60163296251711,9.454880166735197,122.91826572557439
060374057011,0.0,0.0,0.0,304800.0675021105,0.0,0.0,0.0,0.0,0.0,0.0,75.31773695132676
060374057012,34553.90511134916,21933.719285284697,4927.040340877635,402039.86739729403,8.59,5.46,1.23,8.538455903720168,5.419940070983996,1.2174981829366802,99.3462147982169
060374057013,0.0,0.0,0.0,337081.21909534116,0.0,0.0,0.0,0.0,0.0,0.0,83.29458322997141
060374057021,34303.221158199085,111869.94062346165,894.7293464151164,696952.7602409042,4.92,16.05,0.13,8.476510549849323,27.643664352469624,0.22109243645577487,172.22077768392245
060374057022,169542.63917604496,154890.97490084573,33664.584241330704,679844.1307251491,24.94,22.78,4.95,41.89489852854656,38.27439343869462,8.318699930887545,167.9931432610514
060374058001,170127.88683527667,177463.07262289335,145093.74385915895,564548.6779168779,30.14,31.43,25.7,42.03951637463378,43.85208025681533,35.85344492481665,139.50301641343398
060374058002,158809.60617935023,143416.27588647167,87343.34775916771,658541.8245622037,24.12,21.78,13.26,39.242708315598634,35.43893356152681,21.583011266648416,162.72922877052642
060374058003,1828.2744294862077,0.0,0.0,672274.3492751643,0.27,0.0,0.0,0.4517764503248534,0.0,0.0,166.12260952822982
060374059001,39392.04515285097,32831.82823438068,2094.489320093387,656558.1327238571,6.0,5.0,0.32,9.733986344267041,8.112921440121086,0.5175595824205802,162.23904784209847
060374059002,66240.76547868772,63170.18684764348,58928.94485955888,663823.8419912746,9.98,9.52,8.88,16.368449622288168,15.609693118339052,14.561659398978847,164.03444370225318
060374060001,11819.146308092684,11819.078577914504,1482.0472719005338,439946.4135421703,2.69,2.69,0.34,2.9205746570774815,2.9205579205859657,0.3662218564753531,108.71312634344926
060374060002,62910.84101480342,25044.340734592166,7922.186952118418,574404.6547798279,10.95,4.36,1.38,15.545607367383191,6.188591370815065,1.9576150288574214,141.9384813358848
060374060003,81584.01328805131,81364.86695240247,63757.61812841549,371287.9874304321,21.97,21.91,17.17,20.159848725166206,20.105696486298566,15.754850549059965,91.74725976817301
060374060004,0.0,16555.420204228292,0.0,524238.3603847842,0.0,3.16,0.0,0.0,4.090933424915049,0.0,129.5421200226034
060374061011,1671.8897648191974,481.635330514096,0.0,286322.8905645474,0.58,0.17,0.0,0.4131329581066971,0.11901468207474994,0.0,70.75192709573392
060374061012,87501.05750179771,154225.4983990475,7695.72565871263,716028.6327065014,12.22,21.54,1.07,21.621982192762093,38.10995061386033,1.9016552245628366,176.93452842635284
060374061013,33380.82150021426,62317.21780828852,964.884313401437,385780.7666054582,8.65,16.15,0.25,8.248580630497798,15.398919878489563,0.238428106334746,95.32850349473723
060374061031,57645.26711565764,72706.14005330685,4180.517831955843,432327.9823470036,13.33,16.82,0.97,14.244455720391223,17.966078472877538,1.0330284535957355,106.83057099678624
060374061032,162401.0550704667,178456.42861885278,53791.539809842485,1082902.7076216035,15.0,16.48,4.97,40.1301746638578,44.097543869129574,13.292178964417337,267.59108665866256
060374061033,43892.20524265249,55766.76665511111,1028.5048032772108,411489.86243537767,10.67,13.55,0.25,10.846000119920758,13.780268147501626,0.25414907175462703,101.68135942696539
060374061034,5554.699989491365,8637.619835227295,0.0,282802.5829490191,1.96,3.05,0.0,1.372596259838923,2.1344023443521944,0.0,69.88204013951703
060374062011,22941.160899269344,22862.051047803834,0.0,322846.5579421046,7.11,7.08,0.0,5.668884315313569,5.649335845289373,0.0,79.77712185564505
060374062012,73800.13322767935,77155.91515924959,4743.936694792534,476060.500263785,15.5,16.21,1.0,18.23641007355333,19.065641847874616,1.1722522866227925,117.63711151913216
060374063001,19320.18062845811,12822.467746797181,2271.7337251130057,1685135.0954850556,1.15,0.76,0.13,4.7741206042096795,3.1685007839227413,0.5613576287358738,416.40595059354274
060374063002,323533.64816422766,312937.6323420218,238119.2296710708,1298413.9545934687,24.92,24.1,18.34,79.94690554708514,77.32857301530683,58.8405430825375,320.8450755521098
060374063003,0.0,0.0,0.0,2406722.758734649,0.0,0.0,0.0,0.0,0.0,0.0,594.714145382834
060374064131,109374.36808338875,109498.86952991808,0.0,433555.4071294389,25.23,25.26,0.0,27.02699494797593,27.057759925413773,0.0,107.13387426587217
060374064132,116833.02814759222,80658.12893331783,38436.79162325471,544441.6770245262,21.46,14.81,7.06,28.87006998837484,19.931057718495307,9.497938056438299,134.53446828776876
060374064133,0.0,0.0,0.0,566622.8157352431,0.0,0.0,0.0,0.0,0.0,0.0,140.01554703025658
060374064134,0.0,0.0,0.0,652955.6798660107,0.0,0.0,0.0,0.0,0.0,0.0,161.34886235444284
060374064135,0.0,0.0,0.0,649953.4382565191,0.0,0.0,0.0,0.0,0.0,0.0,160.60699229627286
060374064136,0.0,0.0,0.0,328775.40820956277,0.0,0.0,0.0,0.0,0.0,0.0,81.24217266264701
060374065001,5620.262271120053,7255.624036738229,2874.285670363762,312343.1742414574,1.8,2.32,0.92,1.3887970524506377,1.792903745380534,0.7102514570208445,77.18167921960062
060374065002,0.0,0.0,0.0,687754.617182996,0.0,0.0,0.0,0.0,0.0,0.0,169.9478670348085
060374065003,0.0,0.0,0.0,491427.32162997214,0.0,0.0,0.0,0.0,0.0,0.0,121.43433577476162
060374065004,55582.02556355708,55403.27381969417,12720.6388480287,554918.9423221049,10.02,9.98,2.29,13.734617629600507,13.690447111745343,3.1433383150481746,137.12345692585967
060374066011,0.0,0.0,0.0,663700.0604973439,0.0,0.0,0.0,0.0,0.0,0.0,164.00385662897688
060374066012,4832.361523311703,3732.564660694704,0.0,655442.8123724257,0.74,0.57,0.0,1.1941025376051906,0.9223368143318253,0.0,161.9634461811999
060374066013,0.0,0.0,0.0,649074.8397556463,0.0,0.0,0.0,0.0,0.0,0.0,160.3898858785582
060374066021,8213.996651421337,9232.541479615862,670.8579344343661,640514.473274437,1.28,1.44,0.1,2.0297227759194882,2.2814106842319046,0.16577260579867864,158.27457325372023
060374066022,35430.88324575033,44330.82664605306,8942.14752775498,421668.8214275378,8.4,10.51,2.12,8.755161920159733,10.954385829127718,2.2096527759815636,104.19663497166175
060374066023,10002.787660106635,5106.069913530697,0.0,528124.4496907227,1.89,0.97,0.0,2.4717426604857042,1.2617373537810188,0.0,130.5023936029628
060374067011,1911.5019492247752,22196.436783968005,0.0,405562.322215777,0.47,5.47,0.0,0.47234241833841817,5.484858978714234,0.0,100.216632339839
060374067012,2074.4833949424833,3309.172245596138,29.5739676151319,537580.380136608,0.39,0.62,0.01,0.5126160106545625,0.8177142700885898,0.007307886549034762,132.83900490292027
060374067021,109038.15460533035,164758.21565307412,14138.863664352684,780506.7991386363,13.97,21.11,1.81,26.943914788225907,40.71264172880237,3.493789299292113,192.86743033886893
060374067022,71859.35258658465,71590.45275507643,38330.727528883974,352286.3303564755,20.4,20.32,10.88,17.75683273289153,17.69038613745024,9.47172904793885,87.05184804840471
060374067023,5773.931386769658,10815.129743354784,1133.2238902283486,485173.7332418121,1.19,2.23,0.23,1.4267695178929554,2.67247676084857,0.28002572168258116,119.8890404305667
060374067024,560255.0993112223,540034.5236004211,336797.2637522973,1204965.246265931,46.5,44.82,27.95,138.4420500342242,133.44543695972098,83.22441633660893,297.7533968332197
060374068011,36849.914739587046,22564.237341426702,0.0,501002.6958855783,7.36,4.5,0.0,9.105812238758176,5.575744475768902,0.0,123.80046228288404
060374068012,3706.4715386301555,16373.724996482135,0.0,691077.7175727449,0.54,2.37,0.0,0.9158890634503958,4.046035561294178,0.0,170.7690230242711
060374068013,832.7690438135621,9999.273588785678,0.0,552854.4249992152,0.15,1.81,0.0,0.2057817122455968,2.4708743145514362,0.0,136.61330358524143
060374069031,74756.43835563221,77860.6617071056,61948.589062422696,183034.47821455053,40.84,42.54,33.85,18.472718216995126,19.23978851242024,15.307829731622626,45.22880456085007
060374069032,0.0,64.95348445831115,0.0,197112.3028807891,0.0,0.03,0.0,0.0,0.016050355554692572,0.0,48.70751079522882
060374069033,12600.578183426212,13103.296414545384,0.0,367075.2993365049,3.43,3.57,0.0,3.1136706787223756,3.237895058993577,0.0,90.70628186972094
060374069034,6923.685498625335,6923.680814123711,2835.2103985780523,501568.9478057853,1.38,1.38,0.57,1.710879946296494,1.7108787887309334,0.7005957470803035,123.94038617963331
060374069035,4296.192677033636,5261.047716696224,964.8537073887265,382222.36216666055,1.12,1.38,0.25,1.0616123303148388,1.3000332029511794,0.2384205434243,94.44920260847368
060374069036,5210.891854498523,4023.0277872163933,0.0,330578.5431765796,1.58,1.22,0.0,1.287639419490002,0.9941118160131129,0.0,81.68773701650848
060374070011,0.0,0.0,0.0,206727.56947067773,0.0,0.0,0.0,0.0,0.0,0.0,51.08349491383174
060374070012,7059.5154876895385,10160.796010129827,2723.3585464161597,373004.12595604034,1.89,2.72,0.73,1.7444442675588852,2.5107873740931823,0.6729565524840301,92.17132683319393
060374070013,0.0,0.0,0.0,412355.02285524976,0.0,0.0,0.0,0.0,0.0,0.0,101.89514522254817
060374070021,0.0,0.0,0.0,526233.1326855791,0.0,0.0,0.0,0.0,0.0,0.0,130.03503899293145
060374070022,1667.4575875549428,7148.24066752298,0.0,2665694.5164841963,0.06,0.27,0.0,0.4120377432530834,1.7663687369673706,0.0,658.7074603707582
060374071011,12432.718399565854,12432.714501911738,551.8515661050355,384597.497511252,3.23,3.23,0.14,3.0721916227985657,3.0721906596672586,0.13636549175563742,95.0361113338351
060374071012,4150.742142495014,4150.744879519835,1716.0386072192105,346394.4477491648,1.2,1.2,0.5,1.0256707204930697,1.025671396826632,0.4240423746492861,85.59593214916545
060374071013,27279.895911059375,12688.766236781445,1988.8589775817559,404275.8124164133,6.75,3.14,0.49,6.7410090854868905,3.1354624212875666,0.4914577563397362,99.89872884510598
060374071021,0.0,0.0,0.0,273881.6446823375,0.0,0.0,0.0,0.0,0.0,0.0,67.67762828608363
060374071022,0.0,337.9881870673576,0.0,382902.4014456491,0.0,0.09,0.0,0.0,0.08351869989667504,0.0,94.6172439739208
060374071023,1750.6231258186242,1750.6225779579158,0.0,265852.93012062303,0.66,0.66,0.0,0.4325883953106525,0.43258825993132316,0.0,65.69368971162021
060374072011,0.0,0.0,0.0,427115.1684252483,0.0,0.0,0.0,0.0,0.0,0.0,105.54245662413355
060374072012,6787.296352233285,4900.925953704432,0.0,219781.610336842,3.09,2.23,0.0,1.6771774542493056,1.2110451773324646,0.0,54.30921866175323
060374072021,0.0,0.0,0.0,327348.7419416035,0.0,0.0,0.0,0.0,0.0,0.0,80.8896357502766
060374072022,69984.0132747262,90153.9219552789,52987.07435952744,481068.07599738374,14.55,18.74,11.01,17.293426296854378,22.277519275520245,13.093391222440083,118.87451043100879
060374073011,4402.517607894222,3283.9178192323193,0.0,219337.50133524346,2.01,1.5,0.0,1.087885792914614,0.8114737654282239,0.0,54.19947693750022
060374073012,4219.194734792773,4219.193563399549,2032.5149630949566,252263.13756802128,1.67,1.67,0.81,1.0425857244252235,1.0425854349676542,0.5022453852933008,62.335578838849905
060374073013,0.0,0.0,0.0,317254.67133958417,0.0,0.0,0.0,0.0,0.0,0.0,78.39533658360811
060374073014,4163.1819094145085,5916.254655948267,0.0,200711.11890734706,2.07,2.95,0.0,1.0287446538430738,1.4619383636149896,0.0,49.59679760230158
060374073021,7677.687086315931,6568.965322787286,0.0,234672.4809768294,3.27,2.8,0.0,1.8971977962496274,1.6232266819319332,0.0,57.988832931625524
060374073022,0.0,0.0,0.0,281079.59868603456,0.0,0.0,0.0,0.0,0.0,0.0,69.45628145595032
060374073023,0.0,2079.4028631414326,0.0,288093.1295408199,0.0,0.72,0.0,0.0,0.5138316377204795,0.0,71.18936267325378
060374074001,51901.26841470874,51607.1752043752,49441.60108694664,607640.3290346437,8.54,8.49,8.14,12.825082730246343,12.75241071531997,12.217285696937365,150.1511953009395
060374075011,30.009345677900217,29.368026521195002,28.35707296951726,278483.32939873793,0.01,0.01,0.01,0.007415470811317562,0.007256997396457719,0.007007185333424806,68.81472934332139
060374075012,224364.81479946626,246933.92124707068,135699.32234625603,392057.6078021371,57.23,62.98,34.61,55.441753148832014,61.018700806940366,33.53203281320743,96.87954473305138
060374075013,2201.0484545175977,869.3330076717915,0.0,271518.92269429454,0.81,0.32,0.0,0.5438909179812857,0.2148168644827362,0.0,67.09378696792743
060374075014,1970.5427808922477,1963.98458209818,0.0,189273.39213406728,1.04,1.04,0.0,0.4869317255697477,0.4853111593550021,0.0,46.77047376487307
060374075021,0.0,0.0,0.0,296041.97007011756,0.0,0.0,0.0,0.0,0.0,0.0,73.15356394446754
060374075022,26232.133745556428,17415.39884551377,3854.5161419529495,411127.1073044815,6.38,4.24,0.94,6.482101415893422,4.303438775123511,0.9524716816286299,101.59172068196611
060374075023,3941.503351050227,3941.500468274385,0.0,322668.3958214538,1.22,1.22,0.0,0.9739666891153769,0.9739659767659528,0.0,79.73309703685864
060374076011,26453.293007430708,26453.302067880795,0.0,375203.3442962143,7.05,7.05,0.0,6.536751059663862,6.536753298549837,0.0,92.7147655200722
060374076012,79639.06330443166,110652.42342631795,11677.189666568891,274144.04946100904,29.05,40.36,4.26,19.679241117529315,27.3428093010266,2.885496407021947,67.74246991901607
060374076013,2342.2851233050683,5501.530541984023,0.0,131860.71138347394,1.78,4.17,0.0,0.5787912588991653,1.359457803230223,0.0,32.58349138694512
060374076021,21414.487653105185,20306.41490770007,0.0,339909.8021057433,6.3,5.97,0.0,5.291635140444459,5.017824401997759,0.0,83.99354131376838
060374076022,0.0,0.0,0.0,214277.5723801436,0.0,0.0,0.0,0.0,0.0,0.0,52.949141262853516
060374076023,0.0,0.0,0.0,211963.92060877164,0.0,0.0,0.0,0.0,0.0,0.0,52.377425459306465
060374076024,0.0,0.0,0.0,165834.9590863174,0.0,0.0,0.0,0.0,0.0,0.0,40.97871082561622
060374077011,69976.09542718051,80867.19673329408,44549.52754282585,557446.8222943863,12.55,14.51,7.99,17.291469754116203,19.98271949696094,11.00842799765197,137.74810967071346
060374077012,0.0,0.0,0.0,348175.8409052522,0.0,0.0,0.0,0.0,0.0,0.0,86.03612398454341
060374077013,3615.5347939051517,3615.539979620359,0.0,236343.37508605857,1.53,1.53,0.0,0.8934181044557415,0.893419385873876,0.0,58.40171985787784
060374077021,32112.621797996268,40684.78559414989,2100.173108061197,699314.8304108919,4.59,5.82,0.3,7.935201659304677,10.053429464152241,0.5189640770145444,172.8044579343295
060374077022,129.72963465919372,0.0,0.0,509680.81985951366,0.03,0.0,0.0,0.03205689086005606,0.0,0.0,125.9448734178827
060374077023,0.0,0.0,0.0,263518.8570154162,0.0,0.0,0.0,0.0,0.0,0.0,65.11692768658581
060374077024,54278.86031917395,43034.626275306146,3436.8793135179967,529357.164407055,10.25,8.13,0.65,13.412598484772463,10.63408774205642,0.8492713738234738,130.80700404318227
060374078011,20584.398724053463,17306.420662225224,1122.9667814487493,291842.6961691921,7.05,5.93,0.38,5.086515698979462,4.276509679570396,0.27749113490484806,72.11590076529424
060374078012,1321.9462910912985,0.0,0.0,482107.8203913036,0.27,0.0,0.0,0.3266600425392197,0.0,0.0,119.1314368660967
060374078013,2348.8237470640047,3700.38144355061,1710.406224791725,297656.116068945,0.79,1.24,0.57,0.5804069880173875,0.9143841681825934,0.4226505826409733,73.55242810725149
060374078021,47146.094707031196,28670.344569254725,0.0,2405875.4088120405,1.96,1.19,0.0,11.650053717268047,7.084596431580761,0.0,594.5047606569716
060374078022,573.8350992430279,0.0,0.0,306217.0614386973,0.19,0.0,0.0,0.14179774109769708,0.0,0.0,75.66788377856369
060374078023,1194.7248172741267,0.0,0.0,424019.3186278993,0.28,0.0,0.0,0.2952229317208125,0.0,0.0,104.77745547899457
060374079011,12794.1412317531,12794.14591459333,9529.859870161356,331403.86666342133,3.86,3.86,2.88,3.161501149617138,3.1615023067721597,2.3548796585448524,81.89167889155833
060374079012,969.3475786964215,0.0,0.0,303314.00304076634,0.32,0.0,0.0,0.2395310032080523,0.0,0.0,74.95052242572152
060374079013,806.838724767406,0.0,0.0,390598.75530832657,0.21,0.0,0.0,0.1993741908661311,0.0,0.0,96.519054431064
060374079021,22898.065330065372,22976.19629912796,7876.452091093109,470760.18355066545,4.86,4.88,1.67,5.658235168245877,5.677541751160487,1.9463136985774148,116.32737473583995
060374080031,7516.793277403203,5043.943774028717,1212.4516077167777,573279.2779204118,1.31,0.88,0.21,1.8574400702225424,1.2463856503802997,0.2996033170353323,141.66039465774443
060374080032,0.0,0.0,0.0,791742.5859890416,0.0,0.0,0.0,0.0,0.0,0.0,195.64385373462207
060374080041,26513.379331333086,25684.75730539528,25684.75730539528,621565.9674102874,4.27,4.13,4.13,6.551598713652719,6.3468417518412625,6.3468417518412625,153.5922954839267
060374080051,0.0,0.0,0.0,1910106.2959395847,0.0,0.0,0.0,0.0,0.0,0.0,471.9975449009853
060374080052,38168.97744198336,38168.96553818547,38168.96553818547,898123.9097861259,4.25,4.25,4.25,9.431759731012928,9.431756789520408,9.431756789520408,221.93125133248262
060374080053,2175.1838815683086,0.0,0.0,876454.3032134082,0.25,0.0,0.0,0.5374996428161662,0.0,0.0,216.57657493408783
060374080061,229355.52265240985,241415.80845621353,225135.42381117973,3323315.3877142766,6.9,7.26,6.77,56.67498391662482,59.655145440776764,55.632174782633506,821.2091166168368
060374081331,0.0,0.0,0.0,333311.9376267668,0.0,0.0,0.0,0.0,0.0,0.0,82.36317349482223
060374081332,60389.52964560004,60389.54037226769,56565.645603476725,283200.29232451966,21.32,21.32,19.97,14.922577759698688,14.92258041031599,13.977675434783599,69.98031626646316
060374081333,1172.5491434631294,0.0,0.0,440338.6664844779,0.27,0.0,0.0,0.2897432033844546,0.0,0.0,108.8100541563898
060374081341,8079.531979603462,8079.535576621906,0.0,884028.3506726673,0.91,0.91,0.0,1.9964958318960748,1.99649672073869,0.0,218.44816282075845
060374081351,13986.242994062623,7819.431708104519,0.0,734878.9868660558,1.9,1.06,0.0,3.456075910340313,1.9322236550876155,0.0,181.5925523817407
060374081352,0.0,0.0,0.0,392837.60985213425,0.0,0.0,0.0,0.0,0.0,0.0,97.0722874371611
060374081361,0.0,0.0,0.0,559775.0746869685,0.0,0.0,0.0,0.0,0.0,0.0,138.3234333663343
060374081362,2.2254098722111344,1.866351119511523,0.0,449273.485841874,0.0,0.0,0.0,0.000549910755393528,0.00046118540533856596,0.0,111.01789610203937
060374081371,21098.197018523504,21098.210175947894,870.6745804062903,270678.1929803434,7.79,7.79,0.32,5.21347802253166,5.213481273802033,0.21514837432506048,66.88603813125076
060374081372,40971.2449874348,37982.28020484394,29488.145153083133,269614.9457916891,15.2,14.09,10.94,10.124215121804763,9.385625839010725,7.28667935681175,66.62330402910443
060374081373,24466.30140737237,23643.238120733768,23643.238120733768,290495.52837145305,8.42,8.14,8.14,6.045754742359394,5.8423713749429425,5.8423713749429425,71.78300835273366
060374081381,5518.129892279392,8087.869199006542,0.0,310879.37480746757,1.78,2.6,0.0,1.3635595920170671,1.9985560036770484,0.0,76.81996650207314
060374081382,1145.766444694229,0.0,0.0,335812.0942010877,0.34,0.0,0.0,0.28312505438844526,0.0,0.0,82.98097563884744
060374081383,1214.122923732014,0.0,0.0,248308.98803530424,0.49,0.0,0.0,0.3000163082168294,0.0,0.0,61.358487210189644
060374081391,796.5071293518293,0.0,0.0,313239.53448684636,0.25,0.0,0.0,0.19682119803980058,0.0,0.0,77.40317465996947
060374081392,36065.615318656375,1418.0887270604226,0.0,471171.4950788252,7.65,0.3,0.0,8.912007631164625,0.35041735585455264,0.0,116.42901202790772
060374081401,30766.31742180105,14385.461738222944,0.0,709199.0573033366,4.34,2.03,0.0,7.602522602854043,3.554725010404892,0.0,175.24690359109502
060374081402,2293.835330478131,0.0,0.0,203618.15590480604,1.13,0.0,0.0,0.5668190543606598,0.0,0.0,50.31514208849784
060374081411,0.0,0.0,0.0,191309.3594414143,0.0,0.0,0.0,0.0,0.0,0.0,47.27357224300973
060374081412,0.0,0.0,0.0,500435.35702295246,0.0,0.0,0.0,0.0,0.0,0.0,123.66026979681375
060374081413,32420.796638218773,15270.548574368164,2738.4117043147867,432152.3162466049,7.5,3.53,0.63,8.011353320756442,3.7734347306821228,0.6766762688088557,106.78716295803638
060374082121,48730.96714407536,71724.45292385432,44070.20330302418,997536.276977548,4.89,7.19,4.42,12.041684225400642,17.723498300272762,10.88998439852932,246.4965822498729
060374082122,146813.34145131087,104533.07513800674,41415.146526997145,1853592.3820817156,7.92,5.64,2.23,36.27836674379537,25.830685407913013,10.233905581072177,458.032652658934
060374082131,328902.1091105325,201176.48109537782,77661.5525657901,766995.1861561311,42.88,26.23,10.13,81.27348113711336,49.71179110329531,19.190587572101876,189.52863805859027
060374082132,76906.76725149012,70621.60895912482,60269.708245785056,451618.38251412805,17.03,15.64,13.35,19.004076059085964,17.450979621669518,14.892969246989477,111.59733268873781
060374082133,11859.848923050547,10631.847678096401,4885.179984160908,329974.2933399813,3.59,3.22,1.48,2.9306324922733555,2.6271867761968073,1.207154263521842,81.53842363013439
060374083011,22345.838522038193,18975.437758226544,4141.873319947797,593838.4637551943,3.76,3.2,0.7,5.521776952191925,4.688932785753023,1.023479186714375,146.74068011610274
060374083012,84713.22540454294,78228.84668709553,7507.583031681135,921016.3937285108,9.2,8.49,0.82,20.933093878903545,19.330769002351133,1.8551641689399845,227.5881073097966
060374083013,17470.144216167384,22320.982410840545,4139.158413593835,578920.3242904197,3.02,3.86,0.71,4.316966650822433,5.51563487335264,1.0228083187441315,143.05432757287923
060374083014,0.0,22267.670679336043,0.0,623826.741105234,0.0,3.57,0.0,0.0,5.502461257602546,0.0,154.15094483022744
060374083021,69698.66922913557,168273.50524869264,9598.434233516116,3396836.330128201,2.05,4.95,0.28,17.222916247619324,41.58128870529524,2.3718247527604985,839.376537137855
060374083031,17737.886689434657,1902.5677660725555,1902.5677660725555,1098133.001822613,1.62,0.17,0.17,4.383127256814105,0.4701347336024914,0.4701347336024914,271.35457431706016
060374083032,28860.988912218883,28860.990385968416,27412.73850587927,827760.8812515227,3.49,3.49,3.31,7.131705674673476,7.131706038844917,6.773835205554949,204.54416832525445
060374084011,14416.305368220028,9620.10032042074,3231.156615334423,626370.0149085661,2.3,1.54,0.52,3.5623466373611534,2.3771785594299666,0.7984361880123674,154.77940147357526
060374084012,11291.571392662347,8783.115050545768,908.9703564123995,532445.5949260286,2.12,1.65,0.17,2.7902080563475606,2.170354995035113,0.22461146666363122,131.57017184470809
060374084021,5361.755292525331,15914.79773512557,2864.2640329357278,628838.3199564563,0.85,2.53,0.46,1.3249185868930646,3.932632165310983,0.7077750564812644,155.3893329340115
060374084022,4205.523214342424,0.0,0.0,1753480.4656593446,0.24,0.0,0.0,1.039207418149104,0.0,0.0,433.29445936197504
060374084023,132551.5462607754,307637.19936615333,62118.595633439414,9188046.952341806,1.44,3.35,0.68,32.754200402831515,76.01880750286371,15.349839270205637,2270.4158470966477
060374085031,5404.394071308881,0.0,0.0,700268.2941096878,0.77,0.0,0.0,1.335454858589668,0.0,0.0,173.04006394533553
060374085032,4606.440894374577,3727.7003766286634,0.0,528242.7775131448,0.87,0.71,0.0,1.13827633441038,0.9211348235621217,0.0,130.5316330446606
060374085033,37144.52995483996,35353.3938741977,22660.4704167434,2208797.3789534154,1.68,1.6,1.03,9.178613243909279,8.73601387944257,5.599524186554793,545.8057189099586
060374085034,2536.5116078152478,0.0,0.0,766027.529158369,0.33,0.0,0.0,0.6267856684450797,0.0,0.0,189.2895248070289
060374085041,10064.956888148059,5678.6408396118,4033.9012233059734,465638.96436488,2.16,1.22,0.87,2.4871050112963995,1.4032227108872979,0.9967987005858875,115.06189391535948
060374085042,21166.493519943077,37381.38150732628,4694.782090332278,623298.7337662529,3.4,6.0,0.75,5.230354455567817,9.2371405371375,1.1601059193367735,154.02047137531105
060374085043,16260.729081490526,10130.650900574487,6452.965174463801,328963.6351356242,4.94,3.08,1.96,4.018113662615946,2.5033383552971404,1.5945624210302107,81.28868454901381
060374085051,2098.0642853969507,0.0,0.0,1228275.6468062007,0.17,0.0,0.0,0.5184429755856491,0.0,0.0,303.51352225087544
060374085052,956.3321702741998,0.0,0.0,762024.3395770118,0.13,0.0,0.0,0.23631482574492826,0.0,0.0,188.30031511844223
060374086231,51544.69793125771,51544.62320719376,46466.70406297747,960228.6045959914,5.37,5.37,4.84,12.736972244913245,12.736953780194918,11.482172633003929,237.27765563437632
060374086241,2041.109778004304,1491.9852651536878,0.0,912797.6508143911,0.22,0.16,0.0,0.5043692103101147,0.3686775880891918,0.0,225.5572117068225
060374086242,1713.3304426056811,0.0,0.0,466396.0752429781,0.37,0.0,0.0,0.42337317259938406,0.0,0.0,115.24898008770485
060374086251,6470.963478806606,7188.3391522287875,0.0,625087.4102234131,1.04,1.15,0.0,1.5990098988906016,1.7762772883268543,0.0,154.46246295357898
060374086252,1090.123954703467,0.0,0.0,718009.575308976,0.15,0.0,0.0,0.26937549567349506,0.0,0.0,177.42403000380187
060374086253,63731.34050492368,65528.607769949944,47625.113164441354,805644.2166812035,7.91,8.13,5.91,15.748357206882972,16.192471620005737,11.768421755916199,199.07902148982438
060374086261,25065.669346138282,24491.923140031246,3007.3221664288203,314044.8816147999,7.98,7.8,0.96,6.193861785507333,6.052086010381915,0.7431254911300557,77.6021802692359
060374086262,53044.85484072246,26677.78290616713,875.3620559602186,385971.4376217313,13.74,6.91,0.23,13.107669090287136,6.592223721726651,0.21630667475993196,95.37561932894812
060374086263,44593.274459629305,42992.13245894953,42881.73189733931,1796746.9097417898,2.48,2.39,2.39,11.0192380962167,10.623587291355623,10.596306718464742,443.98583053169546
060374086271,873.9215443888272,0.0,0.0,2649465.615768767,0.03,0.0,0.0,0.2159507165985754,0.0,0.0,654.6972116686793
060374086272,840.6402622742507,0.0,0.0,476039.0025554051,0.18,0.0,0.0,0.20772673268593664,0.0,0.0,117.63179931970227
060374086281,2918.821771929835,2073.0667299283286,0.0,1386451.1698421757,0.21,0.15,0.0,0.7212565673873893,0.5122659451058287,0.0,342.5995452094485
060374086282,1236.3296275256728,17102.301826555737,0.0,675089.5567584832,0.18,2.53,0.0,0.3055037042288898,4.2260708168176535,0.0,166.81826244730453
060374086283,53296.54466533295,64746.23646501487,48976.16313441447,297844.75174545636,17.89,21.74,16.44,13.169863000408913,15.999143460250789,12.102273474127607,73.59904099805415
060374086291,3334.7108771050944,3334.7075593313366,0.0,1007090.4493922458,0.33,0.33,0.0,0.8240250033697598,0.8240241835300098,0.0,248.85746966900987
060374086292,4081.96746375395,4081.969536451516,0.0,765692.4184730205,0.53,0.53,0.0,1.0086761272674771,1.0086766394422,0.0,189.20671715329215
060374086311,704.7293147095852,466.84796243923955,0.0,520174.98242879397,0.14,0.09,0.0,0.17414240614240606,0.11536064384571716,0.0,128.53803746274315
060374086312,1332.6284931766286,0.0,0.0,419970.9382978881,0.32,0.0,0.0,0.32929967216042455,0.0,0.0,103.777078913223
060374086313,0.0,0.0,0.0,536546.8011268608,0.0,0.0,0.0,0.0,0.0,0.0,132.58360196744022
060374087031,2503.832057702358,2694.8827161711133,0.0,10790227.378885234,0.02,0.02,0.0,0.6187103757482586,0.6659200215887336,0.0,2666.323252576887
060374087032,1799.8560330857154,0.0,0.0,2636680.0617586905,0.07,0.0,0.0,0.44475411164162465,0.0,0.0,651.5378324677503
060374087033,0.0,13637.211152685739,0.0,3686028.8349269247,0.0,0.37,0.0,0.0,3.369828264032691,0.0,910.8375613535887
060374087051,21370.0550175318,20193.343109847774,18469.89028162535,423928.8946098287,5.04,4.76,4.36,5.2806555970815054,4.989883752256289,4.564009283697722,104.75511121751545
060374087052,11368.875292669509,7899.805897179347,4020.9073159859126,754718.1325435193,1.51,1.05,0.53,2.80931026604773,1.9520845497390649,0.9935878361608148,186.49491204235298
060374087053,24046.060324062593,21973.089981631518,21973.089981631518,749406.283417632,3.21,2.93,2.93,5.941910909159956,5.4296687819234055,5.4296687819234055,185.18232553780456
060374087071,6030.095362621536,4756.3615926865505,0.0,1578552.5291768457,0.38,0.3,0.0,1.4900690148639792,1.1753225457565841,0.0,390.0688248882031
060374087072,3375.9452223661096,0.0,0.0,1304767.2361178312,0.26,0.0,0.0,0.8342142319850319,0.0,0.0,322.41500560675564
060374087073,48485.15590876465,93350.29735785726,18497.367702325777,2068966.6122863134,2.34,4.51,0.89,11.980942946330275,23.067360838686632,4.570799102221635,511.25278397183826
060374087221,17112.208904633568,7334.531542640937,0.0,955226.6434573492,1.79,0.77,0.0,4.2285189091253015,1.8124022147272454,0.0,236.0416441191282
060374087222,0.0,0.0,0.0,1150360.3888135809,0.0,0.0,0.0,0.0,0.0,0.0,284.26024270249656
060374087241,7238.502086036267,6155.380716709861,1246.0792030681814,197690.7504950889,3.66,3.11,0.63,1.7886728192208639,1.5210277000782237,0.3079128768124643,48.85044831361915
060374087242,57112.137188536464,59119.56303745838,53540.44337360108,202268.06018474244,28.24,29.23,26.47,14.112716446378382,14.60876217654328,13.23013168375486,49.981526170574334
060374087243,1396.7224072651993,3777.3559676690893,0.0,133629.06822349105,1.05,2.83,0.0,0.34513762325100455,0.9334049873281437,0.0,33.020461878467614
060374087251,2657.8447026076938,3191.3391594395757,0.0,421780.6538682809,0.63,0.76,0.0,0.6567677291183588,0.7885970803844191,0.0,104.22426936959197
060374087252,1415.9525464506846,52708.84191318535,0.0,811060.100516753,0.17,6.5,0.0,0.34988949413010056,13.02463848765018,0.0,200.41731553098973
060374087253,36444.58328190725,113574.11712111506,3189.886878133395,714608.2729516294,5.1,15.89,0.45,9.005652654287568,28.064775536009652,0.7882382138582577,176.58354988730457
060374088001,80377.4989476162,132955.01063460571,10487.742894165194,430273.15505989507,18.68,30.9,2.44,19.86171253882738,32.85389862083527,2.5915777085922427,106.32281211615616
060374088002,58468.55512678814,190697.95964125945,3329.257275889126,1078431.5274944913,5.42,17.68,0.31,14.447894618438967,47.122492062163516,0.8226773891609181,266.4862339877441
060374088003,22326.595695436354,52656.05032365392,2089.2664119775277,283041.4587112061,7.89,18.6,0.74,5.517021946183972,13.011593401780758,0.5162689737182428,69.94106762585551
060374089001,74982.8527104832,74718.41474484214,42352.15167807182,869139.004084634,8.63,8.6,4.87,18.528666422520224,18.46332237814609,10.465444596365185,214.76892515232566
060374089002,8807.907456230505,12755.079036717214,5828.536775481812,1129565.2921446,0.78,1.13,0.52,2.176481331899329,3.1518486710118507,1.440262803300835,279.12166240746143
060374089003,21727.55889467053,23490.41763420053,2089.0423662733256,1158953.7697886932,1.87,2.03,0.18,5.368996729017862,5.804608610322149,0.5162136108190398,286.38371338644436
060374090001,73640.32903424732,167969.15606416584,20556.142119647593,1552609.583116063,4.74,10.82,1.32,18.196921597375255,41.506082383953526,5.079533339968783,383.65818330547125
060374090002,0.0,1230.386414380881,0.0,584762.8418439178,0.0,0.21,0.0,0.0,0.30403510427760533,0.0,144.49804510166499
060374090003,0.0,0.0,0.0,608550.6102933367,0.0,0.0,0.0,0.0,0.0,0.0,150.37613069861123
060374090004,52796.21789205615,199585.34130728192,27134.117410136765,5123083.293429119,1.03,3.9,0.53,13.046229562240114,49.31861189899029,6.704986433406698,1265.941451510864
060374091001,44536.445384480336,44551.01601576772,41667.82367639764,291381.42526932864,15.28,15.29,14.3,11.005195325923587,11.008795807326074,10.296343464462822,72.00191824362378
060374091002,7819.158933376523,0.0,0.0,402141.68164014013,1.94,0.0,0.0,1.9321562509843995,0.0,0.0,99.37137364553418
060374091003,81142.67132584777,75864.8889816238,10168.737698270328,428818.4193054587,18.92,17.69,2.37,20.05079075123843,18.746622331768297,2.5127498079706343,105.96333908262223
060374091004,27886.76961470336,15379.100174546797,7149.138548440058,435094.9057965921,6.41,3.53,1.64,6.890970843528229,3.800258415253135,1.7665906081738971,107.51429267128727
060374300031,0.0,0.0,0.0,301771.7858361647,0.0,0.0,0.0,0.0,0.0,0.0,74.56943225507321
060374300032,0.0,0.0,0.0,11425583.232512536,0.0,0.0,0.0,0.0,0.0,0.0,2823.323103154858
060374300033,0.0,0.0,0.0,215703.91245892318,0.0,0.0,0.0,0.0,0.0,0.0,53.30159757212225
060374300041,14194.327883350614,17648.668640689284,1555.88924701599,549085.2065836074,2.59,3.21,0.28,3.507494806285375,4.361080996845124,0.3844686059045468,135.6819094308196
060374300042,6306.709526752681,4872.933861995811,0.0,272516.6235005366,2.31,1.79,0.0,1.5584218634108271,1.204128180832742,0.0,67.34032420624396
060374300043,25520.623175538843,31637.31257093193,9734.393590033576,299020.32537064323,8.53,10.58,3.26,6.306283325071306,7.81775019143608,2.405421041416776,73.8895315671487
060374300051,6688.612363123588,15183.760202622081,945.9931886805745,335355.2599675573,1.99,4.53,0.28,1.6527921094756524,3.751988856974893,0.23376000775425346,82.86808944130364
060374300052,10308.642972249228,10618.143108575787,1939.1976725565112,700326.093429319,1.47,1.52,0.28,2.547321154066459,2.6238003033175725,0.4791861806173159,173.05434646826154
060374301011,35705.71485900407,58523.059200337055,29740.1876474192,459091.23123708175,7.78,12.75,6.48,8.823074290792034,14.461362868324787,7.3489604135206,113.44391382306969
060374301012,53008.26798644021,60306.21481513497,17054.16986007779,796893.8701978035,6.65,7.57,2.14,13.098628281703036,14.901990216734744,4.214177148880355,196.91676378407396
060374301013,302050.31958197395,333329.5693041477,152415.80887734654,733734.0445736792,41.17,45.43,20.77,74.63825944258286,82.36753037718734,37.66276659426328,181.3096309798251
060374301021,4720.931694179195,51898.624630594124,0.0,692753.3024728829,0.68,7.49,0.0,1.1665676271705812,12.824429436964184,0.0,171.1830690702003
060374301022,0.0,0.0,0.0,261699.36697074154,0.0,0.0,0.0,0.0,0.0,0.0,64.66732190502077
060374301023,0.0,1969.9779840398942,0.0,332886.13708788465,0.0,0.59,0.0,0.0,0.4867921612280954,0.0,82.25795589023284
060374302001,0.0,0.0,0.0,5163345.57741403,0.0,0.0,0.0,0.0,0.0,0.0,1275.890478553695
060374303011,2889.3050370247665,0.0,0.0,521286.7600928036,0.55,0.0,0.0,0.7139628233490072,0.0,0.0,128.81276370651494
060374303012,0.0,0.0,0.0,14489908.95823917,0.0,0.0,0.0,0.0,0.0,0.0,3580.5344805501863
060374303013,4152.393051450079,297207.9159382806,0.0,6023629.426402294,0.07,4.93,0.0,1.0260786689801784,73.44167544299003,0.0,1488.4712472279812
060374303014,712.8282391166923,0.0,0.0,3412070.904944387,0.02,0.0,0.0,0.176143693947498,0.0,0.0,843.1410825592988
060374303021,10329.710502904476,14419.669761574245,421.3369846154382,325866.6345690651,3.17,4.43,0.13,2.5525270542655947,3.563177997064353,0.10411463630962303,80.52339904261021
060374303022,623.6543044039012,561.4697121479873,0.0,560637.608294115,0.11,0.1,0.0,0.15410833479336564,0.1387421874025879,0.0,138.5365700623565
060374303023,1795.900496070697,0.0,0.0,302826.32186979294,0.59,0.0,0.0,0.44377667715862107,0.0,0.0,74.83001378393378
060374303024,26217.736490415067,23632.567570526455,552.6005061510099,354593.4521607695,7.39,6.66,0.16,6.478543776669635,5.8397346245635005,0.13655055887139395,87.62195026194598
060374303025,16244.183263565776,13672.731570925609,1090.7476063632316,395111.53085908503,4.11,3.46,0.28,4.014025101965964,3.378605550531727,0.2695296033547838,97.63418555500988
060374304001,26949.338894014807,27958.95801801406,11762.813152337865,2238055.0831622044,1.2,1.25,0.53,6.659326667693445,6.908808986465825,2.9066544311354376,553.0354550693249
060374304002,0.0,0.0,0.0,383439.3328328285,0.0,0.0,0.0,0.0,0.0,0.0,94.74992260917146
060374304003,61372.13963405318,70847.83293970057,23768.91997043697,540782.4785326316,11.35,13.1,4.4,15.165385975728848,17.50688078468671,5.873428036357352,133.6302606485651
060374304004,21624.633869913665,19907.841578393272,906.022102308873,438435.8505100508,4.93,4.54,0.21,5.3435634015127995,4.919334787416765,0.22388293720871716,108.33985808916717
060374305011,0.0,0.0,0.0,1865552.8184959367,0.0,0.0,0.0,0.0,0.0,0.0,460.9881408615839
060374305012,0.0,0.0,0.0,528431.5062659071,0.0,0.0,0.0,0.0,0.0,0.0,130.57826893510574
060374305013,0.0,659.545553024432,0.0,226813.63687876376,0.0,0.29,0.0,0.0,0.1629772554750748,0.0,56.04687026288204
060374305014,0.0,0.0,0.0,2088845.936158843,0.0,0.0,0.0,0.0,0.0,0.0,516.165071880669
060374305021,0.0,0.0,0.0,527408.5954768459,0.0,0.0,0.0,0.0,0.0,0.0,130.3255021743679
060374305022,23399.621432006006,34524.745485289764,4586.5207974654695,683432.487596232,3.42,5.05,0.67,5.782172380143102,8.531250403199321,1.1333539712647922,168.87984555452064
060374305023,24901.64202568049,29222.588744500223,841.4192295995124,502492.77243266214,4.96,5.82,0.17,6.153329751914573,7.221058939167819,0.20791921970399588,124.16866821646647
060374305024,8463.64357553883,13755.550358160895,0.0,243400.69704680433,3.48,5.65,0.0,2.0914118743356456,3.3990705185441508,0.0,60.14562209312452
060374305025,5758.331155997801,11868.538742831473,520.4541421113025,405842.3247729035,1.42,2.92,0.13,1.4229146169170996,2.932779793505202,0.1286070193225797,100.28582247852952
060374305026,553.1362796502693,2105.791819023575,553.1385841731336,581352.7938694188,0.1,0.36,0.1,0.13668295138630845,0.5203524907302565,0.1366835208463099,143.65540389610507
060374306001,0.0,0.0,0.0,982775.9316460306,0.0,0.0,0.0,0.0,0.0,0.0,242.8492214861412
060374306002,0.0,0.0,0.0,1569642.2556304056,0.0,0.0,0.0,0.0,0.0,0.0,387.8670483445332
060374306003,8792.128880864988,10043.091649547649,2753.431630296224,1148521.2136478727,0.77,0.87,0.24,2.172582361014624,2.4817019931711743,0.6803877733481073,283.80577262158926
060374307011,0.0,0.0,0.0,1255360.237522217,0.0,0.0,0.0,0.0,0.0,0.0,310.2062703716387
060374307012,67959.09643419502,66825.59073452771,19343.607910639126,615105.4600773879,11.05,10.86,3.14,16.793058448535636,16.51296309022414,4.779909611709758,151.99586935495915
060374307013,0.0,0.0,0.0,485697.9814645527,0.0,0.0,0.0,0.0,0.0,0.0,120.01858498763049
060374307014,11420.538547249864,11420.544082384511,11420.544082384511,634765.7725783009,1.8,1.8,1.8,2.8220765342786436,2.8220779020402023,2.8220779020402023,156.85403837526096
060374307211,1686091.5702248919,480023.6429871327,295504.87718953734,3116251.0114010177,54.11,15.4,9.48,416.6423006489937,118.61642541359382,73.02084540332847,770.0423949196883
060374307212,10598.799301449677,12769.292461785764,0.0,562738.0289864662,1.88,2.27,0.0,2.6190203444786477,3.15536088483537,0.0,139.05559531878149
060374307213,10732.613809272376,0.0,0.0,412542.8234660768,2.6,0.0,0.0,2.6520866294800167,0.0,0.0,101.94155176412636
060374307231,0.0,0.0,0.0,188055.1519753883,0.0,0.0,0.0,0.0,0.0,0.0,46.469440065744074
060374307232,33540.322668632034,32411.50655688208,10750.604460050059,298343.7878489746,11.24,10.86,3.6,8.287994227564132,8.009057691663877,2.6565322161032787,73.72235550477991
060374307241,0.0,0.0,0.0,259354.19763435732,0.0,0.0,0.0,0.0,0.0,0.0,64.08781794154845
060374307242,77423.35160482136,64612.46230772571,16497.866018251378,320511.20072325383,24.16,20.16,5.15,19.13172683277585,15.966087146083405,4.076711475834191,79.20004251921884
060374308011,180016.4081952354,281091.25001776597,24972.47498009623,744229.9877439887,24.19,37.77,3.36,44.48302321743259,69.4591605627224,6.170832956135921,183.90323502078212
060374308012,30336.419995114036,37636.11654242931,2076.8244570460715,481441.2344355593,6.3,7.82,0.43,7.4962926352407955,9.300086935159685,0.513194499698708,118.96671988922186
060374308013,2235.5836199610985,20908.947567954037,655.5596099717162,140079.36515759726,1.6,14.93,0.47,0.5524247432122337,5.166713464856241,0.16199230749652704,34.61436496294642
060374308014,0.0,28547.94789971486,679.8483727897999,343904.34162884613,0.0,8.3,0.2,0.0,7.054351555863803,0.16799419149805514,84.98061352641037
060374308021,0.0,0.0,0.0,390283.4203391885,0.0,0.0,0.0,0.0,0.0,0.0,96.4411334632252
060374308022,0.0,0.0,0.0,526713.8290062237,0.0,0.0,0.0,0.0,0.0,0.0,130.1538216406142
060374308023,3858.8844171719247,3858.884066923544,0.0,424205.8241292117,0.91,0.91,0.0,0.9535511059429684,0.9535510193947088,0.0,104.82354199204211
060374308024,28434.097400130726,29491.067517158655,9041.965028889132,518259.81185310945,5.49,5.69,1.74,7.026218484733837,7.287401488701418,2.2343182176764174,128.06478850706395
060374308031,0.0,0.0,0.0,366759.5324976102,0.0,0.0,0.0,0.0,0.0,0.0,90.62825418454119
060374308032,28265.726196520838,26902.319520356505,2293.0905805703105,727088.927316856,3.89,3.7,0.32,6.98461305423773,6.647707927429263,0.5666350226505902,179.66758674518374
060374308033,15314.27114977735,8902.45044518296,955.2776994022988,463759.1070645502,3.3,1.92,0.21,3.784238814357337,2.199843413249471,0.23605426031788115,114.59737106005765
060374308034,0.0,0.0,0.0,431891.540324809,0.0,0.0,0.0,0.0,0.0,0.0,106.72272382440354
060374308035,0.0,0.0,0.0,288209.8472898067,0.0,0.0,0.0,0.0,0.0,0.0,71.21820425714115
060374309011,86919.55578196527,78219.72683743136,41685.148057491795,450131.36042108986,19.31,17.38,9.26,21.478289988459085,19.328515438420947,10.300624412261776,111.2298815271875
060374309012,119782.92846064265,109805.77412340332,74033.20125800415,403776.18003235833,29.67,27.19,18.34,29.599006230521276,27.133597702060968,18.29400243809454,99.77526699425073
060374309013,21128.141730938183,38974.6647243011,9692.906378198311,310531.7757495322,6.8,12.55,3.12,5.220877522115814,9.630849394253296,2.3951693281102138,76.7340729042644
060374309021,49755.01334921994,82311.87196036451,24033.441794570972,794047.7921889038,6.27,10.37,3.03,12.294731553562896,20.339706520042345,5.9387928026163745,196.2134825919995
060374309022,5566.151302143415,4717.5596112104595,0.0,221217.08826456865,2.52,2.13,0.0,1.3754259408201075,1.1657343673222527,0.0,54.66393298267182
060374309023,5149.530498204558,3933.726501904949,0.0,162611.6663423221,3.17,2.42,0.0,1.2724766981356392,0.9720449878407204,0.0,40.18221784253091
060374310021,77500.50332785159,136128.06899609897,59664.212377318756,619150.9598975037,12.52,21.99,9.64,19.150791438726085,33.637978417669636,14.743347959435319,152.99553413123425
060374310022,715.875496907466,7797.859634870232,0.0,734501.3380257662,0.1,1.06,0.0,0.17689668774631592,1.9268930797020194,0.0,181.4992333210003
060374310031,18253.97527954919,15910.689000621842,0.0,245174.27210037597,7.45,6.49,0.0,4.510655524745209,3.931616874904092,0.0,60.583882033297996
060374310032,18508.288984947038,13699.00332154677,1567.9545946516746,609104.8899671078,3.04,2.25,0.26,4.573497809929872,3.3850974414907795,0.3874500182345966,150.51309618883795
060374310041,2800.4173646162035,9127.79435006846,0.0,394359.8340539881,0.71,2.31,0.0,0.6919982011507608,2.255527104827503,0.0,97.44843722923875
060374310042,117079.9856411882,94701.40519063077,28784.628310645814,512099.4068542694,22.86,18.49,5.62,28.93109451403605,23.401226855107407,7.112836559092701,126.54251927983334
060374311001,166853.57566661516,225946.3263647702,15433.5187087083,975411.6762995553,17.11,23.16,1.58,41.23041646425948,55.832553167471175,3.8137055278959973,241.02947435952882
060374311002,13017.259101362382,38374.397782054104,0.0,966732.3078282096,1.35,3.97,0.0,3.2166347758990814,9.482520202507223,0.0,238.88475570252282
060374311003,46390.09756134278,138063.25215648112,3181.2033495421565,471090.66271690547,9.85,29.31,0.68,11.463242754194624,34.1161725907247,0.7860924672132387,116.40903791628065
060374311004,43931.39137091288,44584.34778246556,7136.532817269241,593925.9282556259,7.4,7.51,1.2,10.855683223092763,11.017032266250919,1.76347566416426,146.76229306484672
060374312001,1378.4209422422136,6332.813040379291,0.0,456843.5214654194,0.3,1.39,0.0,0.3406152327550917,1.564872182103164,0.0,112.88849264251559
060374312002,8509.131142748905,0.0,0.0,314640.8451038335,2.7,0.0,0.0,2.1026520969831046,0.0,0.0,77.74944605453405
060374312003,43.590071823758954,1879.8948004620067,0.0,230519.364947541,0.02,0.82,0.0,0.010771341326191092,0.4645321217863048,0.0,56.96257561093082
060374312004,2068.4865127648527,8629.58575592769,0.0,485878.84823115147,0.43,1.78,0.0,0.5111341487964455,2.1324170801221283,0.0,120.06327813898561
060374313001,0.0,0.0,0.0,237677.03861486213,0.0,0.0,0.0,0.0,0.0,0.0,58.73127529291169
060374313002,0.0,0.0,0.0,357993.8229499464,0.0,0.0,0.0,0.0,0.0,0.0,88.46220018293535
060374313003,1826.538763150416,8064.91305447871,0.0,221032.88266882545,0.83,3.65,0.0,0.45134755783284786,1.9928834168264833,0.0,54.61841478866731
060374314001,65844.69309549507,11904.077215476207,2217.7155736391874,807764.717663871,8.15,1.47,0.27,16.270578004950735,2.9415615413448393,0.5480094528097847,199.60300869404796
060374314002,23177.930531970058,19469.302282112476,1449.4456597284677,273946.42325821717,8.46,7.11,0.53,5.727391365721919,4.810969367320956,0.35816582266313013,67.69363542078729
060374314003,20160.252052528933,10830.713767574334,0.0,312387.54935346637,6.45,3.47,0.0,4.981706773914365,2.676327657098135,0.0,77.19264454858124
060374314004,7249.665528155172,3949.6219726800123,0.0,404241.3590774802,1.79,0.98,0.0,1.7914313658441425,0.9759728442101925,0.0,99.89021523964611
060374315011,11905.896706123809,19123.254453926504,12228.162248061004,265312.14291505545,4.49,7.21,4.61,2.942011147275391,4.725459086731177,3.0216446969495045,65.56005828289587
060374315012,0.0,0.0,0.0,409136.60397243145,0.0,0.0,0.0,0.0,0.0,0.0,101.09985659678823
060374315013,2115.4659489189244,2115.6613009469115,0.0,363706.5553909139,0.58,0.58,0.0,0.5227430202884097,0.5227912928258058,0.0,89.87384711198048
060374315021,33309.8143040975,31683.114063736255,9071.145171814434,300471.5870727254,11.09,10.54,3.02,8.231034370214452,7.829067986787258,2.241528788025241,74.2481461436504
060374315022,2792.2188265883387,13428.466922860061,0.0,1090855.657409255,0.26,1.23,0.0,0.6899722982839123,3.318246441492547,0.0,269.5563033497294
060374315023,7648.137066357811,9677.335808340302,0.0,305999.33485991665,2.5,3.16,0.0,1.8898958272955138,2.391321756505789,0.0,75.61408236925857
060374315024,30200.338041638584,35155.0627055108,16925.593238113106,325324.09208226507,9.28,10.81,5.2,7.462666052216448,8.687005180347363,4.182405173662013,80.38933387444733
060374316001,56520.33113689892,64505.212829607386,5816.97689142054,599899.3032443047,9.42,10.75,0.97,13.966477986233912,15.93958522288082,1.437406293740158,148.2383461700706
060374316002,35641.86847635043,30457.928591294964,5961.482893201354,856443.395834788,4.16,3.56,0.7,8.807297506051107,7.526318063251623,1.473114504434501,211.63177203278977
060374316003,6033.864330403705,0.0,0.0,672225.509285602,0.9,0.0,0.0,1.4910003470855298,0.0,0.0,166.11054090397818
060374317011,0.0,3533.42487510869,0.0,657290.8339764925,0.0,0.54,0.0,0.0,0.8731283016493038,0.0,162.42010226463242
060374317012,0.0,0.0,0.0,572996.6710478815,0.0,0.0,0.0,0.0,0.0,0.0,141.5905609787026
060374317013,0.0,0.0,0.0,761937.7094044164,0.0,0.0,0.0,0.0,0.0,0.0,188.2789083365965
060374317014,0.0,1668.0531132893484,0.0,503309.10874614667,0.0,0.33,0.0,0.0,0.41218490086685716,0.0,124.37038931261557
060374317015,79338.38408936292,62170.98911584712,3621.511292578303,790756.4150979393,10.03,7.86,0.46,19.604941665390506,15.362785981662388,0.8948949294402085,195.40016560038444
060374318001,0.0,0.0,0.0,567001.261547535,0.0,0.0,0.0,0.0,0.0,0.0,140.1090630270676
060374318002,2885.4433546645178,0.0,0.0,483608.0328308807,0.6,0.0,0.0,0.7130085808562729,0.0,0.0,119.50214743326019
060374318003,114739.85873806803,112048.15799823601,83516.71750967645,311245.2529619403,36.86,36.0,26.83,28.352836562958963,27.68770282484732,20.637430339114086,76.91037696300464
060374319001,9343.195796290569,9950.5629365948,3102.7599576560456,255608.1261699829,3.66,3.89,1.21,2.3087539613647965,2.4588376502602953,0.7667086829376429,63.16214352334095
060374319002,11497.851408327233,15315.007391380885,494.15042305756117,327143.164103202,3.51,4.68,0.15,2.841180958307485,3.78442074361963,0.12210722879179979,80.8388363600972
060374319003,30141.124150474043,44307.727299776976,2178.23331198282,416411.1523961996,7.24,10.64,0.52,7.448033981052078,10.948677856354525,0.5382531734820016,102.89743666004482
060374320011,63.56904390431174,821.7245293694194,0.0,418628.70784582425,0.02,0.2,0.0,0.015708252843477932,0.2030525532907573,0.0,103.44540654534892
060374320012,1142.8398567969525,1142.8406075327944,0.0,311799.7563631389,0.37,0.37,0.0,0.28240187876969153,0.28240206428055814,0.0,77.04739773748265
060374320021,743.3155601377908,743.3172870186895,0.0,476434.62983911514,0.16,0.16,0.0,0.18367727503832848,0.1836777017598917,0.0,117.72956095056226
060374320022,20087.32000088381,30829.39941621879,686.0675819261708,295439.3844498143,6.8,10.44,0.23,4.963684871471414,7.618110503148348,0.16953099154412213,73.00466179489587
060374320023,36951.883311637444,43841.69153393004,16784.008502025677,286265.5820461155,12.91,15.32,5.86,9.131009221652352,10.833517910657575,4.1474188234412015,70.73776585242548
060374320024,0.0,2926.012261121732,0.0,451535.2543869494,0.0,0.65,0.0,0.0,0.7230333759620886,0.0,111.57679128116067
060374321011,5990.623523799346,5500.79408953382,1216.3505191621064,402591.57295106613,1.49,1.37,0.3,1.4803153110746117,1.359275821866583,0.3005667590353369,99.48254420953931
060374321012,2330.3086358338837,10104.744036068583,858.7844656226926,428081.33663441974,0.54,2.36,0.2,0.5758318043939615,2.4969366296607913,0.21221026297577117,105.7812019880223
060374321013,0.0,0.0,0.0,329957.3703479037,0.0,0.0,0.0,0.0,0.0,0.0,81.53424186772149
060374321021,4889.233238331058,5594.784454965256,2184.324479444237,425176.4687198781,1.15,1.32,0.51,1.20815584443974,1.3825013469707563,0.5397583337411356,105.06339349388777
060374321022,1505.894419526112,3988.038082467401,1505.8912708261958,335462.3115242343,0.45,1.19,0.45,0.3721146149862754,0.9854656716736897,0.3721138369255815,82.89454245705296
060374321023,0.0,0.0,0.0,299806.05216045765,0.0,0.0,0.0,0.0,0.0,0.0,74.08368888527475
060374321024,6270.979472395539,3841.9274220971747,0.0,277497.89304220804,2.26,1.38,0.0,1.549592774699063,0.9493609412064855,0.0,68.57122271652946
060374321025,18942.674525723884,18913.892280343516,687.4867730600631,532530.8311876623,3.56,3.55,0.13,4.680836814687355,4.673724566963158,0.1698816813106374,131.5912341836539
060374322011,1371.7005337420164,3936.44644917893,0.0,555872.9719584178,0.25,0.71,0.0,0.33895458364903525,0.9727171014494279,0.0,137.35920278307174
060374322012,25138.513327962362,19943.05741262714,5007.068592973711,661128.9334550857,3.8,3.02,0.76,6.21186192542356,4.928036809568808,1.2372735946990316,163.36851730039913
060374322021,9201.447533949467,7706.602424934197,1140.9806451776915,328676.6367383489,2.8,2.34,0.35,2.273727202926691,1.9043429320291463,0.28194245757328584,81.21776570057465
060374322022,29202.00341191511,39021.7754615616,6927.732248014381,509788.9680079487,5.73,7.65,1.36,7.215972192706746,9.64249071095525,1.7118799198479766,125.97159740735671
060374322023,40706.58180294155,77214.08454704954,24227.686935832397,481218.58203540585,8.46,16.05,5.03,10.058815424640244,19.08001581663663,5.986791822345922,118.91170128294736
060374323001,6954.996907327186,3878.0865721153905,0.0,211070.52211564902,3.3,1.84,0.0,1.7186171638880394,0.9582960617652652,0.0,52.156661883861204
060374323002,0.0,0.0,0.0,541306.6908536131,0.0,0.0,0.0,0.0,0.0,0.0,133.759796334111
060374323003,48816.15762808823,154822.67171263995,39787.76230976783,1234773.675284688,3.95,12.54,3.22,12.062735252450015,38.2575153533176,9.831770183280083,305.1192200568365
060374324011,35612.26250838669,73191.40693838795,66809.57144139093,639912.4338863357,5.57,11.44,10.44,8.799981712043722,18.085990531628887,16.50900463668274,158.1258060810652
060374324012,58242.530238061634,32122.411064858872,5754.796778082176,422020.6376307811,13.8,7.61,1.36,14.392042652089131,7.937620639827045,1.4220412531140103,104.2835706487705
060374324021,35651.081409004415,13981.51748938701,0.0,479304.2235431305,7.44,2.92,0.0,8.809574071289003,3.454908212704821,0.0,118.43865299744876
060374324022,170009.3214562922,33735.97317973153,2039.4395072987309,697870.0331214864,24.36,4.83,0.29,42.010218231431026,8.336340521743619,0.5039564774302606,172.4474407489882
060374324023,45821.081145218806,19676.96538948439,0.0,334572.1142563924,13.7,5.88,0.0,11.32263573562723,4.8622840386847495,0.0,82.67456992160187
060374325011,76611.0282268143,29037.6780046068,2718.6710517307656,591129.2392189532,12.96,4.91,0.46,18.93099735457872,7.17536650024908,0.6717982473216704,146.07121615359466
060374325012,31983.351495213232,8732.49239877492,0.0,476340.25325159915,6.71,1.83,0.0,7.903258271823098,2.1578458653583983,0.0,117.70623998790255
060374325021,0.0,11456.421980514306,0.0,1181542.653179778,0.0,0.97,0.0,0.0,2.830943523743805,0.0,291.96554803371566
060374325022,31246.281680626485,8154.666052918052,0.0,578435.5233968487,5.4,1.41,0.0,7.721124354121708,2.0150618657436588,0.0,142.93453066313774
060374326011,52264.60020067544,44513.19198458134,37863.89939265606,246968.80400710786,21.16,18.02,15.33,12.91486396981679,10.999449285671139,9.356373303256644,61.027320524665974
060374326012,31836.675884276832,10047.088045823763,3731.047024894882,347785.1859596857,9.15,2.89,1.07,7.86701393903073,2.4826895241974776,0.921961798358582,85.93959104519718
060374326013,22621.0338354535,11665.540854638211,1791.5202371648786,379205.6776876283,5.97,3.08,0.47,5.589779195091392,2.882617922906177,0.44269429161077384,93.70376363951634
060374326014,55184.86276968757,18556.809768900264,7925.6965628165835,430915.2918991577,12.81,4.31,1.84,13.636476565916817,4.58548755675772,1.958482272547793,106.48148758477626
060374326021,0.0,0.0,0.0,397069.199895868,0.0,0.0,0.0,0.0,0.0,0.0,98.1179361091306
060374326022,2477.1877651275117,0.0,0.0,319057.493652819,0.78,0.0,0.0,0.6121264276676286,0.0,0.0,78.84082367903753
060374326023,25870.66541079792,149.96752970245763,0.0,348367.5476296787,7.43,0.04,0.0,6.39278064514462,0.03705778363481424,0.0,86.08349574781263
060374327001,17468.872195765944,16839.262189194516,1161.309325579396,453948.8482502954,3.85,3.71,0.26,4.316652327735902,4.161072306886525,0.28696578389867317,112.17320331346959
060374327002,314585.90499153227,159013.37926590914,24414.869911484064,833802.3988209433,37.73,19.07,2.93,77.73587005712601,39.293061741885516,6.033045742948486,206.03705982888673
060374327003,41229.1706539857,83647.89899064573,37090.676678317905,571372.9270768705,7.22,14.64,6.49,10.187949942027995,20.669845989010426,9.165305809471038,141.1893251053409
060374328011,29024.222528437716,19051.737171800964,3905.453281407549,377145.16892415745,7.7,5.05,1.04,7.1720415796774954,4.707786781450051,0.9650585229044051,93.19460083550244
060374328012,32384.11567616762,54474.25152993717,2305.928877698447,437914.73319255194,7.4,12.44,0.53,8.002289257636209,13.46088070444344,0.5698074349598272,108.21108719563748
060374328021,39646.948456356135,18943.77017455683,0.0,128722.33472579463,30.8,14.72,0.0,9.796974322316924,4.681107555410175,0.0,31.807981625761624
060374328022,40608.19952199972,18813.317259733412,1458.7682365219232,169905.38286921865,23.9,11.07,0.86,10.034504633578502,4.64887193812923,0.3604694815579339,41.984534447223055
060374328023,61088.48331961992,46670.36308688721,2593.275794713429,294103.2749675301,20.77,15.87,0.88,15.095292973945247,11.532497873796377,0.6408124045022282,72.67450195159414
060374329011,17353.55835883562,31733.02653691705,7845.600172503107,463893.9988135758,3.74,6.84,1.69,4.288157658072792,7.8414016275125675,1.9386900234652384,114.63070353715739
060374329012,133637.81675960758,133349.57683263146,107302.02791206009,436583.0109860343,30.61,30.54,24.58,33.02262368882197,32.95139805171247,26.51490853941003,107.88201147178764
060374329013,21672.482685291267,27521.07147043697,4563.748643425823,234206.89660104192,9.25,11.75,1.95,5.355387101289434,6.800604864087449,1.1277268494539963,57.87378452684141
060374329021,19654.60228195437,19266.50924699948,1513.9736817821577,436977.35740518186,4.5,4.41,0.35,4.856757994467753,4.760858117020475,0.3741110441680289,107.9794565941213
060374329022,9213.653331339881,64958.32754475666,2067.428819259473,651351.9385566792,1.41,9.97,0.32,2.27674332114696,16.05155230741617,0.5108727870393234,160.95256924642584
060374331031,9594.429393847806,15064.027993851676,0.022992993950882286,322027.0037328636,2.98,4.68,0.0,2.370835135326546,3.7224023838527756,5.681692541304992e-06,79.57460560013753
060374331032,0.0,4065.6142139794647,1110.1122580971844,226197.2847769247,0.0,1.8,0.49,0.0,1.0046351512437253,0.27431471300848104,55.894566341639006
060374331033,25478.386543483735,7973.438129928109,2159.817832588321,178335.39830982382,14.29,4.47,1.21,6.295846425995441,1.970279470700727,0.5337026094213233,44.067636628447886
060374331034,0.03430670505753852,296592.18141988816,20349.02102907649,1356226.1235445773,0.0,21.87,1.5,8.477371440124588e-06,73.28952412994018,5.028352603873316,335.1307736142177
060374332001,152747.54375700495,100512.68658448606,3525.4757327551133,523197.7126969199,29.19,19.21,0.67,37.74474006824724,24.83722576074906,0.8711640257956865,129.28497037872077
060374332002,75564.07156304999,48998.03901497079,6901.463682898029,411604.9856288522,18.36,11.9,1.68,18.672288728799646,12.107679121937407,1.7053888160443054,101.70980698760464
060374332003,33301.978065679796,24068.395768203773,676.7002119263931,305152.18540390074,10.91,7.89,0.22,8.229097993530978,5.947430117604701,0.16721626400698297,75.40474717977006
060374332004,61631.24893362659,54594.92975907529,2634.1188925687225,547414.6141065402,11.26,9.97,0.48,15.229413278041626,13.490700944289395,0.6509049537780612,135.26909703949772
060374333021,124888.61993661601,158614.413347223,3035.179329723138,854243.5198115866,14.62,18.57,0.36,30.86065007034533,39.19447511635618,0.7500091460924911,211.08817082889612
060374333041,39995.870742913416,25167.183687270648,6248.772931439764,230457.6892036168,17.35,10.92,2.71,9.883194897039058,6.218946525497234,1.5441054189251198,56.94733520270116
060374333042,222379.8703624132,168754.2381976422,1281.538654182602,559202.9961658976,39.77,30.18,0.23,54.95126269652289,41.70008040402926,0.3166750980067095,138.1820696851559
060374333051,2235.6445004266807,809.5706612582568,809.5706612582568,317440.5226472508,0.7,0.26,0.26,0.5524397871029052,0.20004926707484683,0.20004926707484683,78.44126144188525
060374333052,34708.92582308646,19065.03037925169,0.0,194472.5858891842,17.85,9.8,0.0,8.576762355829326,4.711071604548085,0.0,48.05522252105294
060374333061,27889.544558930138,10844.788197284575,0.0,300076.40543039166,9.29,3.61,0.0,6.891656547179937,2.679805524420617,0.0,74.1504946331727
060374333062,0.0,0.0,0.0,134239.30472399696,0.0,0.0,0.0,0.0,0.0,0.0,33.17125460171032
060374333071,11907.440606087508,0.0,0.0,286996.6181756024,4.15,0.0,0.0,2.942392653264868,0.0,0.0,70.91840881406863
060374333072,0.0,0.0,0.0,134860.7377840974,0.0,0.0,0.0,0.0,0.0,0.0,33.32481405508275
060374334021,71505.90234517558,30655.081680783656,3075.415882489909,221809.91278747545,32.24,13.82,1.39,17.669493276158484,7.575035652637157,0.7599518148128479,54.810423112547795
060374334022,39135.810835272736,31085.486704010367,2823.2964041908735,336083.4018375263,11.64,9.25,0.84,9.670669465476891,7.681391050086978,0.697651734952462,83.04801721584455
060374334031,114301.5219526513,74847.95541595526,38488.99521216491,365924.49579326896,31.24,20.45,10.52,28.24452118438747,18.49533257509701,9.510837844189911,90.42191212117586
060374334032,57021.362555945394,35351.39754917965,0.0,239896.62182683178,23.77,14.74,0.0,14.090285546164424,8.73552057678745,0.0,59.27974624920357
060374334033,45663.94334865287,24082.98118613068,1039.1950490652712,100955.20603611955,45.23,23.86,1.03,11.283806140463895,5.951034252865388,0.25679068901806346,24.94657469865159
060374335051,35611.43050018086,32328.977426021273,1218.83180534566,323571.54048372846,11.01,9.99,0.38,8.799776118338638,7.988664299300363,0.3011798982042531,79.95626894315005
060374335052,7.608655698253983,18411.235332190037,5868.312067421576,224732.9208637494,0.0,8.19,2.61,0.0018801397687693718,4.5495153300425715,1.4500914919885781,55.532714138267075
060374335053,36013.718707748274,36935.853580123316,16476.10241633532,216892.74304067416,16.6,17.03,7.6,8.899183699329326,9.127048188731736,4.071333572680624,53.59536400652566
060374335061,171661.12117626585,145147.59714102995,38770.41921819795,1177706.5556623922,14.58,12.32,3.29,42.41838683134247,35.86675236057664,9.580379230554723,291.0176276933368
060374335062,71488.76078333826,49558.53714838373,762.854984100887,458759.04371463653,15.58,10.8,0.17,17.66525750398173,12.246181227006046,0.18850557185037803,113.36182849861724
060374336011,24997.4446024018,13077.383354437301,0.0,546564.7123594057,4.57,2.39,0.0,6.177003084180829,3.2314918023905874,0.0,135.05908174406244
060374336012,24657.886292820058,23854.4080306399,0.0,578894.2437718044,4.26,4.12,0.0,6.093096398561288,5.894552596084685,0.0,143.04788293637793
060374336021,87443.47008107306,160017.79168787142,3094.9331815607975,1001769.6537255093,8.73,15.97,0.31,21.607752031196217,39.541257456564864,0.7647746444449686,247.5426724260721
060374338031,6690.2996860813155,7503.757145566144,813.455960736996,414225.10255386063,1.62,1.81,0.2,1.65320905605878,1.8542187718920895,0.20100934548465485,102.35725197984742
060374338032,14809.701023570877,62291.25706116713,5784.321524343397,774604.2596605779,1.91,8.04,0.75,3.6595568208441502,15.39250483816896,1.4293369768016104,191.4088810695183
060374338041,5491.033832282878,16818.65515238822,1202.9993075959012,323397.1827925583,1.7,5.2,0.37,1.3568640097753715,4.155980197195596,0.29726760280822095,79.91318421936171
060374338042,41318.93159375539,41866.21974620864,13800.538509710668,756533.09411621,5.46,5.53,1.82,10.210130353290635,10.345368200975056,3.41018733289436,186.94339881412097
060374338043,11020.815252466062,16398.050816738796,1533.183254509347,433267.26125094935,2.54,3.78,0.35,2.72330275703978,4.052046602388202,0.37885783296460224,107.06267186864982
060374339011,70753.93073683334,86542.03790703077,46749.84154476883,394483.45305604173,17.94,21.94,11.85,17.483677045026596,21.38500328996272,11.552137428449637,97.4789841498978
060374339012,0.0,2857.0326403197564,0.0,187806.40368838637,0.0,1.52,0.0,0.0,0.705988140450356,0.0,46.40797302539516
060374339013,29291.919022823222,5736.150260825535,0.0,138641.03997082706,21.13,4.14,0.0,7.238190824040049,1.4174335983542738,0.0,34.25894706899574
060374339031,3645.2801424748322,3648.661358762817,0.0,137837.69831653943,2.64,2.65,0.0,0.9007683401609262,0.9016038569015917,0.0,34.06043702306453
060374339032,0.0,0.0,0.0,81692.77286095731,0.0,0.0,0.0,0.0,0.0,0.0,20.18672380091735
060374339033,3500.2370220204543,17357.360737907868,488.52228438769123,365028.8904838161,0.96,4.76,0.13,0.8649274045518591,4.289097246403922,0.12071648543883147,90.2006032295395
060374339034,15902.849884355948,14156.56923772463,0.0,325193.78294736607,4.89,4.35,0.0,3.9296797870888427,3.498164441754283,0.0,80.35713378595946
060374340011,0.0,14819.538135124138,3819.5117777621435,422271.57744377956,0.0,3.51,0.9,0.0,3.661987624047054,0.9438219148622453,104.3455792269868
060374340012,0.0,5453.570422509739,0.0,650863.6312614102,0.0,0.84,0.0,0.0,1.347606599612319,0.0,160.8319058859552
060374340031,3488.1023358246553,19916.910061667688,0.0,357001.8066310853,0.98,5.58,0.0,0.8619288582904618,4.921575658435618,0.0,88.21706761204152
060374340032,0.0,0.0,0.0,338502.62429304374,0.0,0.0,0.0,0.0,0.0,0.0,83.64582010356912
060374340033,0.0,20534.839509027242,0.0,268010.1331717142,0.0,7.66,0.0,0.0,5.074269350245195,0.0,66.22674619446222
060374340041,81279.88821471542,70286.00078808898,48913.499765032204,684403.4608443254,11.88,10.27,7.15,20.08469778290581,17.36804903654221,12.086789018332384,169.11977826938517
060374341001,0.0,12151.514100952592,3137.621083328587,438401.2794098594,0.0,2.77,0.72,0.0,3.002704527319529,0.775323054695331,108.33131538426665
060374341002,2808.7993207690824,4484.609789744464,0.0,488376.21537141874,0.58,0.92,0.0,0.694069427623359,1.10817121282619,0.0,120.68039099884493
060374341003,0.0,31887.425610388436,0.0,824702.0883303833,0.0,3.87,0.0,0.0,7.879554469460892,0.0,203.78832413364725
060374341004,5807.773150622101,24337.85584988925,3657.61216088668,462246.0368859559,1.26,5.27,0.79,1.435131999859235,6.014015153879765,0.903815648274846,114.22348327638952
060374341005,7683.922756574381,17255.146272467588,0.0,279959.5363543364,2.74,6.16,0.0,1.898738663927545,4.263839501929839,0.0,69.17950802620905
060374600011,1943.0408070544026,48233.1276562603,0.0,5198839.871031794,0.04,0.93,0.0,0.480135839833447,11.918665408854684,0.0,1284.66130951802
060374600021,0.0,0.0,0.0,912351.275332121,0.0,0.0,0.0,0.0,0.0,0.0,225.44690992299854
060374600022,18553.378300493474,20230.654058952114,18553.440559630977,656231.6736403606,2.83,3.08,2.83,4.584639622448067,4.999103488567619,4.58465500701599,162.15837804573763
060374601011,2913.5871172446577,0.0,0.0,604697.2097453191,0.48,0.0,0.0,0.7199630560445597,0.0,0.0,149.42393468624755
060374601012,2101.500115248874,339.8642224117233,0.0,2411757.82393667,0.09,0.01,0.0,0.5192919876318649,0.0839822783260904,0.0,595.9583370902915
060374601013,1878.853984435535,1378.2107701220878,0.0,461413.4252423604,0.41,0.3,0.0,0.4642749305450464,0.3405632980931742,0.0,114.01774045858484
060374601014,18681.95674929296,10899.563293684037,188.7375587433434,375612.2873593381,4.97,2.9,0.05,4.6164120490871206,2.693340745511307,0.0466380664504554,92.81581755168376
060374601015,4430.998235205836,0.0,0.0,1845062.5453017906,0.24,0.0,0.0,1.0949235091908744,0.0,0.0,455.924884087578
060374602001,0.0,0.0,0.0,1312499.6070002913,0.0,0.0,0.0,0.0,0.0,0.0,324.3257160633116
060374602002,0.0,0.0,0.0,301905.08971890557,0.0,0.0,0.0,0.0,0.0,0.0,74.60237236186893
060374602003,1715.363594184603,0.0,0.0,578355.8265361788,0.3,0.0,0.0,0.4238755752958741,0.0,0.0,142.91483713998016
060374602004,27988.892568928448,20667.52000212653,11260.28029273972,316084.5740468525,8.85,6.54,3.56,6.916205975088573,5.107055414105746,2.782475857164653,78.10619924573395
060374602005,2850.2207397574166,0.0,0.0,679710.9535560167,0.42,0.0,0.0,0.7043048831633826,0.0,0.0,167.9602344658702
060374603011,0.0,0.0,0.0,486019.42202875955,0.0,0.0,0.0,0.0,0.0,0.0,120.09801468086785
060374603012,3192.5301951893816,1048.371195394673,0.0,365900.33708007046,0.87,0.29,0.0,0.7888913917277159,0.2590581641571888,0.0,90.4159423731352
060374603013,699.9601929155499,0.0,0.0,315933.8236850527,0.22,0.0,0.0,0.1729639304822276,0.0,0.0,78.0689480200751
060374603014,3400.626321638632,167012.73559993654,0.0,3751166.355428152,0.09,4.45,0.0,0.8403130644357975,41.26974574029714,0.0,926.9333932048697
060374603021,698.7509255726228,3457.217455310779,0.0,393788.62199196575,0.18,0.88,0.0,0.17266511401415782,0.8542970381095126,0.0,97.30728765475406
060374603022,2975.198296848274,2975.1991128196614,0.0,295120.3969812844,1.01,1.01,0.0,0.7351875100831533,0.7351877117140743,0.0,72.92583827480155
060374603023,6743.210834249293,3811.507080279892,0.0,331069.6884318737,2.04,1.15,0.0,1.6662836855106937,0.9418439110373642,0.0,81.80910165217372
060374603024,8832.641118558142,7056.395300020331,3341.2355391291912,292631.09432225075,3.02,2.41,1.14,2.1825931529638796,1.7436732523946366,0.8256372824681686,72.3107181916538
060374604011,0.0,1.2124098692280667,0.0,5363824.9121780535,0.0,0.0,0.0,0.0,0.0002995930032301575,0.0,1325.4300010468426
060374605011,0.0,0.0,0.0,4191912.6823489983,0.0,0.0,0.0,0.0,0.0,0.0,1035.8441824488975
060374605012,0.0,0.0,0.0,664460.6135354037,0.0,0.0,0.0,0.0,0.0,0.0,164.19179337757265
060374605013,0.0,0.0,0.0,2617275.9680029103,0.0,0.0,0.0,0.0,0.0,0.0,646.7429764782036
060374605021,15264.37331942976,30080.4604543679,428.1953423646353,802901.609515453,1.9,3.75,0.05,3.7719087919549117,7.433043655284561,0.10580937341747666,198.40130849991704
060374605022,93406.76512053136,114800.87102576939,41134.70750122592,993804.2944550322,9.4,11.55,4.14,23.081314326722815,28.367913027585594,10.164607588630698,245.57438928501784
060374605023,14408.077109181122,16762.601409541017,11658.929166257754,817502.8048631756,1.76,2.05,1.43,3.5603133902725337,4.142129015686677,2.8809841391267823,202.00934244619262
060374606011,12614.84278837245,16026.177433971232,6269.930653683965,2325853.215487722,0.54,0.69,0.27,3.117195539369094,3.9601546882819383,1.5493336059512495,574.7308460497266
060374606012,0.0,3345.9759262701373,0.0,829355.0530175387,0.0,0.4,0.0,0.0,0.8268086576409341,0.0,204.93809674762005
060374606013,22170.466938434714,23983.484205309243,23983.484205309243,1257259.0371911426,1.76,1.91,1.91,5.478441690127087,5.926448013464675,5.926448013464675,310.6754739881583
060374606014,37621.40093653087,40208.793813748336,12916.740796620314,452575.67405852315,8.31,8.88,2.85,9.29645062975063,9.935809333680881,3.1917961618613595,111.83388458099084
060374607001,9127.312012248594,25699.790527811558,0.0,1458459.2403927955,0.63,1.76,0.0,2.2554079165565293,6.350556542001117,0.0,360.39312695157395
060374607002,0.0,0.0,0.0,1332218.9981845024,0.0,0.0,0.0,0.0,0.0,0.0,329.1984837441863
060374607003,0.0,0.0,0.0,1013678.4566979005,0.0,0.0,0.0,0.0,0.0,0.0,250.48540172738214
060374607004,23604.136441637445,35743.147201292915,10690.793946704984,986200.5355729955,2.39,3.62,1.08,5.832709139613839,8.832324024012529,2.641752716387397,243.69545954588781
060374607005,9499.121101260156,146230.20213043023,1488.9376983857821,2653642.900724911,0.36,5.51,0.06,2.3472839433296904,36.13426987946065,0.3679245179404619,655.7294412612644
060374608001,0.0,0.0,0.0,3988726.3216461106,0.0,0.0,0.0,0.0,0.0,0.0,985.6357392784854
060374608002,0.0,0.0,0.0,2755196.48177588,0.0,0.0,0.0,0.0,0.0,0.0,680.8238776462206
060374609001,5423.664625633884,10600.117360825589,0.0,396850.3226544619,1.37,2.67,0.0,1.3402167162672312,2.619346044043529,0.0,98.06385036489846
060374609002,4480.338908616262,7188.187840265695,0.0,359686.04048382817,1.25,2.0,0.0,1.1071158551158047,1.7762398983264938,0.0,88.88035624217063
060374609003,3883.2207185775924,5755.475753395883,826.839739083605,321659.50904242974,1.21,1.79,0.26,0.9595647369853159,1.4222090315679103,0.20431654913846567,79.48379568447072
060374609004,6270.434778953967,10530.102206989784,0.00847872748127143,1057697.4251717792,0.59,1.0,0.0,1.5494581780184005,2.60204492274645,2.095139188615715e-06,261.36272572391107
060374609005,10156.113648843359,17548.108061441282,0.0,320050.3262802362,3.17,5.48,0.0,2.5096303374213225,4.3362319365494875,0.0,79.08615796416849
060374610001,21030.58921321963,16038.882452904225,0.0,336575.4332891884,6.25,4.77,0.0,5.19677177001189,3.963294166831923,0.0,83.16960083540137
060374610002,36506.22009481482,31292.03608371378,19965.57051696504,415669.6633690948,8.78,7.53,4.8,9.020883442453512,7.732430513350396,4.933599918804235,102.71421073114837
060374610003,58682.59223189761,55769.122116190956,5835.824636305247,438792.78717377305,13.37,12.71,1.33,14.500784338945172,13.780850194610293,1.4420636729296894,108.42805905961588
060374610004,1721.7447718662293,24621.20504609509,2056.0319503010596,577439.2980938808,0.3,4.26,0.36,0.4254523986411021,6.0840322650966225,0.5080565593878232,142.6883580296206
060374611001,40957.70202261248,35477.37008890865,1682.6999044202032,390451.248903648,10.49,9.09,0.43,10.120868582316145,8.766649069271573,0.41580420177651695,96.48260480466706
060374611002,29153.80285030658,17999.098582574214,0.0,581905.1119313167,5.01,3.09,0.0,7.204061574543539,4.447674121312116,0.0,143.79188466148156
060374611003,7858.346771266211,4379.799743381752,0.0,436492.41270639753,1.8,1.0,0.0,1.9418397766150042,1.0822720863381405,0.0,107.85962414933773
060374611004,18142.278643344765,13064.344797982432,2567.5753785407496,549913.7732295828,3.3,2.38,0.47,4.483054684847315,3.228269904924026,0.6344616933600133,135.8866527079443
060374612001,1431.1988597596142,0.0,0.0,411601.74758723954,0.35,0.0,0.0,0.35365694019627153,0.0,0.0,101.70900685009673
060374612002,7451.188792902921,2840.449313694947,995.5998936512199,721417.0988404086,1.03,0.39,0.14,1.8412288490541435,0.7018903111987378,0.24601809150935391,178.26604740589488
060374612003,1117.2967835267045,4758.398838018956,0.0,683495.9860611724,0.16,0.7,0.0,0.27609004790540315,1.1758259600415903,0.0,168.89553636692233
060374612004,41036.8782155447,27483.0637473807,13877.270938111496,639301.6490633758,6.42,4.3,2.17,10.140433445673779,6.7912129511829304,3.4291483288852485,157.97487786439333
060374613001,54963.12436729994,35970.39566726472,0.0,456728.5447821618,12.03,7.88,0.0,13.581683813408903,8.88847834288432,0.0,112.8600812853394
060374613002,3496.057742899805,1883.348116492249,0.0,479570.65183861594,0.73,0.39,0.0,0.8638946821904934,0.4653854547612845,0.0,118.50448886303833
060374613003,24054.01086852585,29603.01256375712,11772.631588903867,405217.63624463347,5.94,7.31,2.91,5.943875531482421,7.31506371214449,2.9090806196484906,100.13145858145319
060374613004,6776.128830313919,5427.463984496242,0.0,608197.5880641441,1.11,0.89,0.0,1.6744178994853778,1.341155558288245,0.0,150.2888970060002
060374614001,12025.544075151785,18640.015340725215,8152.340813631438,380689.33912621165,3.16,4.9,2.14,2.971576656040592,4.606048101323718,2.0144872866027375,94.0703843652656
060374614002,0.0,0.0,0.0,272789.4233708267,0.0,0.0,0.0,0.0,0.0,0.0,67.40773452225619
060374614003,6732.186236182326,17831.786499785656,0.0,363290.4061624851,1.85,4.91,0.0,1.6635594479998337,4.406330405270583,0.0,89.7710143981423
060374615011,536.3432480115141,1378.6319429201671,0.0,332124.0826827591,0.16,0.42,0.0,0.13253330289722365,0.3406673721581072,0.0,82.06964814575555
060374615012,12887.83811970567,21726.656129115334,1157.1755451942117,231921.52860417188,5.56,9.37,0.5,3.1846541548569443,5.3687736507909705,0.2859443045196907,57.30905779618199
060374615013,2989.598917682854,8947.602296215135,806.2109544577488,440033.68625236483,0.68,2.03,0.18,0.7387459809878463,2.2110006786227254,0.19921906544428947,108.73469189979356
060374615021,1232.1479776129431,6631.474707954354,0.0,323728.05985409353,0.38,2.05,0.0,0.3044703960320426,1.6386730873989195,0.0,79.99494572187112
060374615022,2182.004411424675,5089.657888666876,1271.542685145751,324597.63398426573,0.67,1.57,0.39,0.5391850324481319,1.2576818541163957,0.3142050402647245,80.2098221690213
060374615023,0.0,2121.1441834023435,0.0,262626.6681847842,0.0,0.81,0.0,0.0,0.524146142586495,0.0,64.89646302525175
060374615024,0.0,0.0,0.0,261628.03857976003,0.0,0.0,0.0,0.0,0.0,0.0,64.64969627575785
060374616001,0.0,1090.6990346127805,0.0,282025.5745363899,0.0,0.39,0.0,0.0,0.2695176010138601,0.0,69.69003717931109
060374616002,13645.50794679585,11643.16634722084,1846.90363139054,617647.735781433,2.21,1.89,0.3,3.371878446506224,2.8770890617156675,0.45637982636785235,152.62407936260192
060374616003,9662.437170488392,25432.707076296225,0.0,380805.34310409444,2.54,6.68,0.0,2.387640222916052,6.284558783830854,0.0,94.09904957247204
060374616004,0.0,6340.820240630479,0.0,381118.85681184864,0.0,1.66,0.0,0.0,1.5668508043757177,0.0,94.17652049682182
060374617001,0.0,0.0,0.0,1154796.9948180171,0.0,0.0,0.0,0.0,0.0,0.0,285.3565519216423
060374617002,19497.834915257976,48479.46871675851,0.0,1053316.5400062285,1.85,4.6,0.0,4.818019934518637,11.979537610580119,0.0,260.2801854239138
060374619011,8047.385393771801,9565.067993210709,2002.6173127930078,269699.919285825,2.98,3.55,0.74,1.9885522375412754,2.3635797752217056,0.49485751501046576,66.64430143678749
060374619012,35295.10684157511,48751.11062742057,26900.290733896232,338314.5869020188,10.43,14.41,7.95,8.721610840011774,12.046661788536737,6.647206603377081,83.59935505232981
060374619013,9426.541653178116,20170.61478313339,1500.1674062603288,270767.6600861165,3.48,7.45,0.55,2.3293491711247016,4.984267460413421,0.3706994391885665,66.90814593455158
060374619021,6392.82453438209,77082.6774994219,2827.032168382289,287284.033371996,2.23,26.83,0.98,1.57970134522114,19.047544428005132,0.6985748623880531,70.98943065581294
060374619022,43396.00214180315,210942.27109102884,12061.766080407795,548053.2837307698,7.92,38.49,2.2,10.72338566340019,52.12497036549888,2.980527308466884,135.42691574062445
060374620011,0.0,0.0,0.0,319308.129068263,0.0,0.0,0.0,0.0,0.0,0.0,78.90275703897998
060374620012,687.7255742266838,5666.636934947623,0.0,192402.2453984707,0.36,2.95,0.0,0.16994069036401002,1.4002564814461609,0.0,47.543630244328256
060374620021,0.0,9235.279785468894,0.0,171245.17068091332,0.0,5.39,0.0,0.0,2.282087334344292,0.0,42.315603225516924
060374620022,3951.3428286688663,9141.529968058952,759.7790713385684,169988.33725936647,2.32,5.38,0.45,0.9763980769857683,2.258921249950731,0.18774549725388556,42.00503292344491
060374620023,0.0,692.2817418210686,0.0,170306.76679751725,0.0,0.41,0.0,0.0,0.17106654389544884,0.0,42.08371857594007
060374621001,22871.245809653225,45833.557108958754,19908.940762893504,352960.94362328335,6.48,12.99,5.64,5.651607920423666,11.32571861340636,4.919606401821997,87.21854861704207
060374621002,24003.964103129674,34506.816938015574,17256.855493292544,349124.96394078224,6.88,9.88,4.94,5.931508706428001,8.526820162685981,4.264261859593802,86.27065739429733
060374621003,0.0,872.1908438368785,0.0,341846.88849652285,0.0,0.26,0.0,0.0,0.21552305117848067,0.0,84.47220578529681
060374622011,15624.988830250102,17724.104725947167,1272.451228242754,269631.8984400965,5.79,6.57,0.47,3.861018825319149,4.379721659469163,0.3144295461532888,66.62749311975604
060374622012,9798.450322593395,11716.12559287998,0.0,102578.25691165906,9.55,11.42,0.0,2.42124980475151,2.895117683945826,0.0,25.347639304392402
060374622013,4785.2201050170615,4785.2230248595315,0.0,164640.15566198298,2.91,2.91,0.0,1.18245363945459,1.1824543609633773,0.0,40.68346846966779
060374622021,42470.605648188495,105327.33486774283,8134.006261025818,282390.3962718133,15.04,37.3,2.88,10.494715209837164,26.026951261413455,2.009956719987096,69.7801865934104
060374622022,14278.970138756293,71551.53297506915,1296.6411693673622,285873.4245506468,4.99,25.03,0.45,3.5284103630956363,17.68076885036492,0.32040701078255335,70.64086162491249
060374623011,11463.292824202614,26066.32516488674,579.9409167554544,243596.987756815,4.71,10.7,0.24,2.8326413461944058,6.441129223316509,0.14330652146327413,60.19412658390018
060374623012,3355.0515431488425,14859.455479666614,0.0,160845.16190697154,2.09,9.24,0.0,0.8290512914117965,3.671851414697379,0.0,39.74570509017017
060374623013,0.0,1310.8633966635089,0.0,228039.3176693728,0.0,0.57,0.0,0.0,0.3239213996838804,0.0,56.34974258220246
060374623021,17483.004315979066,26019.430999254717,2376.1212542974868,157908.76501720728,11.07,16.48,1.5,4.320144450692105,6.429541422629423,0.5871523489554198,39.02010561658597
060374623022,30566.146015997943,91876.70676824148,11484.292775257349,306205.71742040437,9.98,30.0,3.75,7.553059171264247,22.703228673913202,2.837830547110578,75.66508061059605
060374623023,30875.241865368676,60008.45091136802,0.0,236857.19465568045,13.04,25.34,0.0,7.62943841903292,14.82841115370726,0.0,58.52868743863455
060374624001,3040.5968102196166,6612.171616962036,0.0,462282.5761349974,0.66,1.43,0.0,0.7513478346771645,1.6339031897357672,0.0,114.23251232146244
060374624002,0.0,0.0,0.0,290523.88397972716,0.0,0.0,0.0,0.0,0.0,0.0,71.79001517613297
060374624003,1904.9343958120858,3567.0761436347548,0.0,254865.19098485156,0.75,1.4,0.0,0.47071954054706955,0.8814437111952911,0.0,62.978560241013696
060374624004,36977.680409617176,51780.486551418246,5505.394505184587,308424.77209135314,11.99,16.79,1.79,9.13738382338938,12.79523688184363,1.3604126093308733,76.21342096155735
060374625001,1226.1358367067996,16194.793087160113,1222.7239664377616,1052313.4170069434,0.12,1.54,0.12,0.30298476365999566,4.001820523584512,0.3021416721556486,260.03230833251695
060374625002,1205.6911830049814,3171.9229366257714,0.0,428804.2871090748,0.28,0.74,0.0,0.29793277970804377,0.7837992272393626,0.0,105.95984694084382
060374625003,9545.774408280018,12013.942630022322,2956.2740961194477,744096.3598550167,1.28,1.61,0.4,2.3588122265575384,2.9687098765163054,0.7305112382430955,183.87021485030303
060374625004,12737.783467731913,21333.431524846215,0.0,342416.79021808173,3.72,6.23,0.0,3.1475748428400463,5.271605734950775,0.0,84.61303156760141
060374626001,1514.0908950154248,2811.823062481138,0.0,594604.4102354986,0.25,0.47,0.0,0.3741400081887483,0.6948166104725747,0.0,146.92994961330174
060374626002,0.0,0.0,0.0,454031.4832420798,0.0,0.0,0.0,0.0,0.0,0.0,112.193622864637
060374627001,3341.670492320218,6634.5143610959785,0.0,292328.70126781485,1.14,2.27,0.0,0.8257447617423576,1.6394242020480085,0.0,72.2359952405844
060374627002,72320.25156324446,69227.85476688769,4333.344492903817,386907.4523923872,18.69,17.89,1.12,17.87072335033688,17.106575460325303,1.070792743947638,95.60691361590995
060374627003,2703.450136714039,2686.836301594996,0.0,448407.39481034345,0.6,0.6,0.0,0.6680370773101829,0.6639317092454591,0.0,110.80388034730773
060374627004,39269.07562353098,61055.26444055946,7517.216242206359,281138.5900769213,13.97,21.72,2.67,9.703599911815587,15.0870844101631,1.8575445871015734,69.47085854609865
060374627005,27253.785651782495,41124.905609440044,1449.5688918444077,266786.76232646516,10.22,15.41,0.54,6.734557099908071,10.16218548842185,0.3581962739821485,65.92444467507114
060374628001,7048.1216856231185,9252.836316007897,1535.2737448433752,525861.0116590542,1.34,1.76,0.29,1.741628797752901,2.2864256475203724,0.3793744043760457,129.94308588472006
060374628002,106480.72674821802,141401.09733391606,27424.75228452213,601519.3092657988,17.7,23.51,4.56,26.311960602019408,34.9409720965731,6.776803874909355,148.638658375991
060374629001,4812.5611485929485,7939.573781255249,0.0,815654.1796978537,0.59,0.97,0.0,1.18920975845712,1.9619114079037825,0.0,201.55253721952596
060374629002,0.0,0.0,0.0,441002.32275715057,0.0,0.0,0.0,0.0,0.0,0.0,108.97404719281165
060374629003,112492.18588554075,227817.58289657778,24902.07843264713,1088137.410654888,10.34,20.94,2.29,27.797424505321818,56.294950726586414,6.15343759042454,268.8846099485696
060374630001,66674.14715801782,85040.91732280025,33024.64872578859,594042.2511789334,11.22,14.32,5.56,16.47554056747991,21.014068315368224,8.160568421205125,146.791037085184
060374630002,211937.7521712323,374471.06810101215,162258.38420673614,1222809.224375932,17.33,30.62,13.27,52.37095909756591,92.53381613151745,40.09491992565141,302.16273985098326
060374631031,121803.0367155051,155043.36413980182,12771.840575040738,613289.1125689902,19.86,25.28,2.08,30.098185851444033,38.31204963971835,3.155990537333262,151.54704011101964
060374631032,14049.547449175952,14049.53768442923,9814.238007028347,1433941.185389186,0.98,0.98,0.68,3.4717187818696633,3.4717163689481993,2.4251510265362923,354.33458361707403
060374631033,36470.57188207637,36797.09306637596,2799.0868364737453,490855.3291199907,7.43,7.5,0.57,9.012074577246155,9.092759719049615,0.6916694204865659,121.29299334738629
060374631034,59214.28233870627,57445.88761844536,3591.5123077921526,372869.6348451781,15.88,15.41,0.96,14.632167825610443,14.195187973675852,0.8874820188609992,92.13809335594038
060374631035,38242.09053534005,30018.270891306034,3772.5923944883516,764214.6134627776,5.0,3.93,0.49,9.449826369837076,7.417676279580883,0.9322278827601708,188.84154358250197
060374632001,11978.459084456685,30555.763146725047,0.0,583860.9661933559,2.05,5.23,0.0,2.959941701453501,7.5504935083918445,0.0,144.2751867749969
060374632002,551.8098283350648,551.8099979869144,0.0,858511.7875956859,0.06,0.06,0.0,0.13635517812806722,0.1363552200499522,0.0,212.14288276789
060374632003,23526.264347114156,38863.762056614716,2194.4160488798084,186241.06494320126,12.63,20.87,1.18,5.813466525991015,9.603444748248926,0.5422520148561147,46.02116939764086
060374633001,14348.97941190446,9791.293963288996,2722.731640343384,354704.59387847653,4.05,2.76,0.77,3.545710031243153,2.4194814298556806,0.6728016406197727,87.6494139784969
060374633002,0.0,0.0,0.0,304965.51989703084,0.0,0.0,0.0,0.0,0.0,0.0,75.35862112848821
060374634001,15800.1158869424,29063.396309906715,1396.8427413663096,344279.4289853795,4.59,8.44,0.41,3.904293663468321,7.1817216318909045,0.3451673584549629,85.07329963073006
060374634002,10272.505703295588,11404.417827561781,4065.039000467481,536075.0124256166,1.92,2.13,0.76,2.538391440436488,2.818093017690595,1.0044930128894214,132.46702044044738
060374634003,19942.935908342602,21994.835406765105,17287.182684564177,752292.2282332726,2.65,2.92,2.3,4.928006785206228,5.435042193496206,4.2717558717618065,185.89545803236663
060374634004,16239.033147497998,28185.161487597325,0.0,297422.11504103214,5.46,9.48,0.0,4.012752480570435,6.964705081106394,0.0,73.49460519398538
060374635001,28654.816356697218,77432.06238273422,2775.262728249736,388081.7250266029,7.38,19.95,0.72,7.080759326693235,19.133879312874882,0.685782355135757,95.89708270313427
060374635002,8450.442593357548,37945.625252306294,0.0,937871.7638637007,0.9,4.05,0.0,2.088149840597999,9.376568202981248,0.0,231.75315997682296
060374635003,43484.40443264679,127008.38685586218,8173.64714487501,356052.518244046,12.21,35.67,2.3,10.74523034520168,31.38445588354713,2.0197521957123463,87.98249334303983
060374636011,14231.915380960005,71902.9087053976,1028.6661305878295,253235.05968180244,5.62,28.39,0.41,3.5167828792205396,17.767595684246036,0.2541889366012585,62.57574602353217
060374636012,0.0,674.9648258991585,0.0,140855.70318059783,0.0,0.48,0.0,0.0,0.1667874407807304,0.0,34.80620226626744
060374636013,48951.02158748013,57657.912695366475,42696.95626637836,281922.08800891746,17.36,20.45,15.14,12.096060862581723,14.247580511189048,10.550647665690299,69.6644651014633
060374636014,20713.58829042829,114801.07112393714,1438.3681574742768,252135.16989305726,8.22,45.53,0.57,5.118439136060092,28.367962472919668,0.3554285122429049,62.303957337712454
060374636021,25199.716923890643,65712.8352814159,246.2232627330557,242592.1042580387,10.39,27.09,0.1,6.226985663342579,16.237995229503277,0.0608430932637418,59.94581446360499
060374636022,1733.3611695484628,84549.9063630911,43808.87651492271,253100.6306199989,0.68,33.41,17.31,0.42832287302164473,20.892736864864734,10.825409142867917,62.54252787893493
060374636023,0.0,6119.725954792961,0.0,169464.77108088008,0.0,3.61,0.0,0.0,1.5122172165336272,0.0,41.875656903186716
060374636024,62270.74252562713,94035.15752858167,20450.331315453113,262453.5668879455,23.73,35.83,7.79,15.387435586038727,23.236593472425156,5.053386920834958,64.85368876326397
060374637001,0.0,0.0,0.0,802980.0830387196,0.0,0.0,0.0,0.0,0.0,0.0,198.4206997298189
060374637002,85996.40122755597,180401.44535015468,31286.052441739525,932949.3975116352,9.22,19.34,3.35,21.25017353013862,44.57816797047795,7.730951923217785,230.5368167616747
060374638001,0.0,0.0,0.0,1110879.4645053926,0.0,0.0,0.0,0.0,0.0,0.0,274.5042938406454
060374638002,0.0,0.0,0.0,504735.8141227363,0.0,0.0,0.0,0.0,0.0,0.0,124.722935888939
060374638003,79.17193433836317,152.64503946127417,0.0,754349.9715268583,0.01,0.02,0.0,0.0195638110361746,0.03771941070514866,0.0,186.4039374738896
060374638004,2765.0701853050437,17161.572681069018,792.8947327309565,497048.84447120375,0.56,3.45,0.16,0.6832637229232883,4.240716963932043,0.19592855539478912,122.82344432087054
060374639001,0.0,52862.242084655736,0.0,561946.9068997724,0.0,9.41,0.0,0.0,13.062544495538496,0.0,138.86010479376188
060374639002,4332.7242343825765,13598.861727465173,0.0,414668.58858520223,1.04,3.28,0.0,1.0706394747291383,3.3603519146845167,0.0,102.46683976479744
060374639003,0.0,1602.7528539567654,0.0,905382.4450570133,0.0,0.18,0.0,0.0,0.39604885537457446,0.0,223.72487445948812
060374640001,0.0,63809.57861496727,0.0,1107439.089892311,0.0,5.76,0.0,0.0,15.767690264910563,0.0,273.6541587594899
060374640002,3438.35806834838,5851.375458799397,2239.573962826549,619239.5893628519,0.56,0.94,0.36,0.8496367820999322,1.4459063648542345,0.5534107784081855,153.01743494907834
060374640003,4990.458316850586,5639.103273158053,0.0,397731.55789623933,1.25,1.42,0.0,1.2331691060813519,1.3934527654464612,0.0,98.28160833548017
060374640004,0.0,0.0,0.0,397005.35862365545,0.0,0.0,0.0,0.0,0.0,0.0,98.10216058720715
060374640005,68978.9139254811,148412.07734760712,12049.379957657506,624761.8350565258,11.04,23.75,1.93,17.04506083874677,36.67342298731491,2.9774666308797744,154.38201157776902
060374641011,0.0,0.0,0.0,762773.8274808344,0.0,0.0,0.0,0.0,0.0,0.0,188.48551761282135
060374641012,16338.901478926153,16338.904566713736,0.0,598380.654450737,2.73,2.73,0.0,4.037430482704479,4.037431245713408,0.0,147.86307988062143
060374641013,10120.274265648217,10120.269210458438,0.0,1817936.0830113431,0.56,0.56,0.0,2.5007742329653393,2.5007729838007404,0.0,449.2217892754423
060374641021,25678.297351737434,26823.40075633788,0.0,528612.3167117722,4.86,5.07,0.0,6.34524546252838,6.628206676141523,0.0,130.6229481693045
060374641022,12661.18085885972,12661.17717619146,0.0,540822.0839376204,2.34,2.34,0.0,3.128645925953303,3.128645015946158,0.0,133.640047357273
060374641023,0.0,0.0,0.0,1167455.8162568114,0.0,0.0,0.0,0.0,0.0,0.0,288.48461482220023
060374641024,13009.987401333114,14049.000554140002,809.333035694714,848970.8605717057,1.53,1.65,0.1,3.2148378996894342,3.4715836411631824,0.19999054851932124,209.78526835607897
060374642001,0.0,0.0,0.0,445255.07067194156,0.0,0.0,0.0,0.0,0.0,0.0,110.02492408857978
060374642002,3603.242421506917,3603.2419048602696,0.0,605760.9264568752,0.59,0.59,0.0,0.8903805930851392,0.8903804654189724,0.0,149.68678481002962
060374642003,8871.988434336194,8871.989231380736,0.0,494399.9251337806,1.79,1.79,0.0,2.192316086438924,2.1923162833929197,0.0,122.16888209752084
060374642004,0.0,0.0,0.0,459597.16429502395,0.0,0.0,0.0,0.0,0.0,0.0,113.56893260434936
060374642005,0.0,0.0,0.0,658923.6313436211,0.0,0.0,0.0,0.0,0.0,0.0,162.8235752808953
060374642006,41243.559536047476,41243.55073778595,0.0,796597.4467728288,5.18,5.18,0.0,10.191505512218756,10.191503338120985,0.0,196.8435159605698
060374800021,3601.7780016428765,1896.802982080254,0.0,373701.1695148299,0.96,0.51,0.0,0.8900187270560075,0.46871022445499794,0.0,92.34357004768785
060374800022,728.3177360489553,4452.970891171119,0.0,564419.4055861098,0.13,0.79,0.0,0.17997123199567935,1.1003530707250224,0.0,139.47107252482638
060374800023,4712.416319322069,3659.0292157993217,0.0,465640.3823406191,1.01,0.79,0.0,1.164463432218175,0.9041658101695942,0.0,115.0622443047954
060374800111,19724.610196759593,24100.95348754778,14971.021230862296,401802.54013195087,4.91,6.0,3.73,4.8740573269614185,5.955475305262903,3.6994199122052587,99.28756995378173
060374800112,39124.9264368988,42395.38403663119,33793.419071136865,724702.0120256005,5.4,5.85,4.66,9.66797987206466,10.476127544818722,8.350535710653055,179.07776713160825
060374800121,2095.0574639831625,2095.0600134050255,2095.0600134050255,218276.31751162856,0.96,0.96,0.96,0.5176999738331913,0.5177006038090534,0.5177006038090534,53.937252703959075
060374800122,8346.838233378112,13451.108398891187,0.0,434733.36347969103,1.92,3.09,0.0,2.0625486457036186,3.323841272064198,0.0,107.4249536191529
060374800123,2568.221395274455,3143.40435918108,0.0,269228.78477782116,0.95,1.17,0.0,0.6346213275714299,0.7767521332809911,0.0,66.52788156446485
060374800124,17683.15842216174,18814.88783188725,16176.731996912058,360642.24262705597,4.9,5.22,4.49,4.369603607452595,4.649260034960426,3.997357530989053,89.11663893753266
060374801011,6002.219937637366,4425.567703618969,0.0,484328.0672727864,1.24,0.91,0.0,1.4831808473397066,1.0935815956115322,0.0,119.6800718186968
060374801012,48365.37660746896,62805.57708687414,45363.09192001623,283400.3110260568,17.07,22.16,16.01,11.951344836391733,15.519596084317492,11.209464133425696,70.02974196400707
060374801013,0.0,1279.908185534532,0.0,369101.0003899397,0.0,0.35,0.0,0.0,0.316272200429458,0.0,91.2068435012684
060374801021,752.4579925044876,0.0,0.0,346530.8084043077,0.22,0.0,0.0,0.18593641927583884,0.0,0.0,85.62962760087163
060374801022,32634.546120145278,38724.20132101769,17505.365495561582,257671.76242351692,12.67,15.03,6.79,8.064171968026299,9.568958539441384,4.3256700185028985,63.67207914697995
060374801023,8697.977281700922,8423.822903351363,0.0,323291.9306236461,2.69,2.61,0.0,2.149316994187444,2.081571971944483,0.0,79.88717584201243
060374801024,18982.798746140845,16732.49984491626,0.0,300917.03006302676,6.31,5.56,0.0,4.690751725479561,4.134690757077317,0.0,74.35821750369068
060374802011,1869.9840778128046,3199.720327155952,534.3798036444917,584782.4826833609,0.32,0.55,0.09,0.46208312888545844,0.7906681120301146,0.13204812522792103,144.5028984587879
060374802012,0.0,0.0,0.0,359907.24783340417,0.0,0.0,0.0,0.0,0.0,0.0,88.93501776867095
060374802013,31422.58224352018,48871.60781964228,4814.205773854244,588208.3611807558,5.34,8.31,0.82,7.76468917196843,12.076437293186407,1.189616154209683,145.34945147174682
060374802021,10238.785719823887,18480.12701675053,0.0,353334.3219549423,2.9,5.23,0.0,2.5300590510576466,4.566538836035808,0.0,87.31081241211822
060374802022,10038.905077218918,6083.715634293608,0.0,884814.2724824882,1.13,0.69,0.0,2.4806674686188437,1.5033188725498796,0.0,218.6423683293776
060374802023,0.0,0.0,0.0,276916.49787217146,0.0,0.0,0.0,0.0,0.0,0.0,68.4275568412544
060374803021,7630.561020689987,22364.63597132924,2562.214473799693,368641.46997270366,2.07,6.07,0.7,1.8855526918260819,5.5264219030696,0.6331369849489655,91.09329106222151
060374803022,43754.7446396642,49988.79727547081,23437.27595445369,444121.63767014677,9.85,11.26,5.28,10.81203286518263,12.35250081984001,5.7914770152765005,109.7448466943038
060374803023,41022.34099132579,41959.00393169297,0.0,237707.68892386951,17.26,17.65,0.0,10.136841219337693,10.368295672523281,0.0,58.73884914921105
060374803031,19131.41853768765,24335.01749115531,0.0,183117.4207043418,10.45,13.29,0.0,4.7274764757633045,6.013313780162074,0.0,45.249300096429785
060374803032,20940.896734185502,26864.938988318587,0.0,268518.41001438664,7.8,10.0,0.0,5.174608275765425,6.638470996800587,0.0,66.35234413756172
060374803041,13367.92388161318,18592.74944098382,1590.1380495063192,170463.0013407453,7.84,10.91,0.93,3.3032859301900546,4.594368443137731,0.39293166930871326,42.12232497234279
060374803042,0.0,3442.3457857428093,0.0,95825.43045245024,0.0,3.59,0.0,0.0,0.8506221685278659,0.0,23.678979546208037
060374803043,16934.318275751182,31603.202933487424,12821.31867607825,170355.3563446328,9.94,18.55,7.53,4.184561177415885,7.8093215164636485,3.1682168423644073,42.09572531451537
060374804001,0.0,0.0,0.0,490580.1223706812,0.0,0.0,0.0,0.0,0.0,0.0,121.22498827861583
060374804002,9746.962946951886,16769.077087681417,7306.552770494129,341364.9768763015,2.86,4.91,2.14,2.4085269971528716,4.1437291906038185,1.8054885095629254,84.35312283054856
060374804003,652.2359650967503,4627.400616729004,0.0,453611.51013998553,0.14,1.02,0.0,0.16117101696183722,1.1434555945982166,0.0,112.08984525103806
060374805001,15940.114670967836,22627.255823002186,11821.572335544844,583224.7902028086,2.73,3.88,2.03,3.9388881163998657,5.5913166816980935,2.9211741415164973,144.1179842641725
060374805002,1355.0260301494732,17240.231361710546,0.0,628246.1061243791,0.22,2.74,0.0,0.33483422407802427,4.260153947217672,0.0,155.24299370912593
060374805003,9808.090940798818,14839.010370966107,1479.4764911668885,481007.8823549321,2.04,3.08,0.31,2.4236320533907407,3.6667993183128025,0.36558660272149723,118.85963625802887
060374805004,54109.87657383608,73750.83042165705,17082.901979418104,419000.41021586035,12.91,17.6,4.08,13.370841691918999,18.224227084863788,4.221277010190304,103.53725620128893
060374806011,0.0,0.09962138171956703,0.0,257973.7600961965,0.0,0.0,0.0,0.0,2.46169795320997e-05,0.0,63.74670439708963
060374806012,30589.11657537288,37151.73062078677,12226.943698496227,228808.28243758352,13.37,16.24,5.34,7.558735320101105,9.180392567214883,3.0213435867944636,56.539757914585984
060374806013,19385.30207211628,19664.020203811735,18256.371558628765,219800.9924630619,8.82,8.95,8.31,4.790212463386524,4.859085213640945,4.511247658201269,54.314008089446446
060374806021,2727.615449343093,10146.924594649063,0.0,356550.5830152917,0.77,2.85,0.0,0.6740084561056586,2.5073596726793186,0.0,88.10556782833386
060374806022,25793.378769028503,36445.30784644771,10995.81609547312,200693.99155880228,12.85,18.16,5.48,6.373682700047872,9.005831698084735,2.7171253308146817,49.592565342305896
060374806023,19644.985724482645,12885.524559511083,0.0,682358.9509857319,2.88,1.89,0.0,4.854381691365301,3.1840824616825136,0.0,168.61456888086406
060374806024,0.0,5226.251644810085,0.0,416431.7957549019,0.0,1.26,0.0,0.0,1.2914349063341963,0.0,102.90253774507171
060374807021,0.0,0.0,0.0,1260011.3789243265,0.0,0.0,0.0,0.0,0.0,0.0,311.35559244206473
060374807022,9092.995410950169,21899.338124911726,0.0,915998.2498683825,0.99,2.39,0.0,2.2469280997020253,5.4114443012347495,0.0,226.3480969569825
060374807031,0.0,0.0,0.0,668070.810659135,0.0,0.0,0.0,0.0,0.0,0.0,165.08389251500392
060374807032,34810.230588215825,33205.752668628294,0.0,467114.1342695906,7.45,7.11,0.0,8.601795308461059,8.205320180085739,0.0,115.42641633739187
060374807041,14593.160605149238,31958.68083669267,12086.975902154833,392606.89597260946,3.72,8.14,3.08,3.606048518147012,7.897162019338329,2.9867567910864046,97.01527679595135
060374807042,12116.415512455618,15597.777117993177,981.1796557589623,364432.62663133093,3.32,4.28,0.27,2.994031477220025,3.8542946647815266,0.24245477312414035,90.05326322281607
060374807043,6200.253788375834,15749.31027142267,0.0,312379.38869777485,1.98,5.04,0.0,1.5321160775698475,3.891739322464644,0.0,77.19062800664356
060374808021,93130.8158500418,284240.57527342153,39202.54022796445,780848.8749928201,11.93,36.4,5.02,23.01312577697291,70.23737578138535,9.687158657513049,192.95195912330772
060374808022,42738.98623505248,72280.41352064462,29144.65144715751,939939.2993140345,4.55,7.69,3.1,10.561033497132572,17.860879155623344,7.201800213577429,232.2640591129746
060374808031,4546.578132905755,8879.246289834191,1113.2809166500774,244298.16602028033,1.86,3.63,0.46,1.123483923901949,2.1941095415903904,0.2750977055889329,60.36739150617026
060374808032,128950.01601668591,161447.91297676676,97976.49222874577,407957.3801835723,31.61,39.57,24.02,31.864242898000253,39.89464812320166,24.210518486998986,100.80846405260702
060374808033,0.0,0.0,0.0,267226.92347704346,0.0,0.0,0.0,0.0,0.0,0.0,66.03321086409183
060374808034,3566.5204606989546,11408.289539240084,719.8063378538907,172144.57071626233,2.07,6.63,0.42,0.8813063989514655,2.8190497384817927,0.17786801969786895,42.537849814343424
060374808041,10307.860676498982,18859.540615779562,0.0,482087.2553318374,2.14,3.91,0.0,2.5471278445766736,4.660293978157707,0.0,119.12635512923241
060374808042,36489.55105093064,43011.70618435584,8135.510536817657,356325.6992537401,10.24,12.07,2.28,9.01676443200582,10.628424064238883,2.01032843463047,88.04999784064987
060374809011,17268.21057453264,28620.664655559704,0.0,221016.53419412073,7.81,12.95,0.0,4.267067761275227,7.072320257555897,0.0,54.61437499258899
060374809012,56117.280019675105,12152.964199566657,0.0,521904.1142524986,10.75,2.33,0.0,13.866881886161552,3.0030628544907225,0.0,128.96531524164672
060374809013,26856.263899941765,36991.40629891583,1640.881886558837,208493.75074926316,12.88,17.74,0.79,6.636327335777971,9.140775564500498,0.4054707445206834,51.51992781241676
060374809021,7761.911187901968,2100.4645487554135,0.0,335065.9097050028,2.32,0.63,0.0,1.9180100250007743,0.5190360935784637,0.0,82.79658943429749
060374809022,26455.44764780751,36603.01568939303,0.0,178429.53686827532,14.83,20.51,0.0,6.537283482896096,9.044802154776104,0.0,44.09089877284482
060374809031,21555.30227299531,33074.86778821969,8293.734485469402,803833.5418306584,2.68,4.11,1.03,5.326431190808562,8.172977821784086,2.049426423819301,198.63159399016746
060374810011,34359.07355593981,48680.71954101657,9571.589729080566,403319.75821162603,8.52,12.07,2.37,8.4903119778989,12.02926777227899,2.365191331251655,99.66248270612874
060374810012,18712.959299922753,41190.71270617776,2335.799757487303,321168.7040858186,5.83,12.83,0.73,4.624072946186951,10.178446776164469,0.5771886901048122,79.36251513844135
060374810013,1848.5680229207276,1848.5700525906616,0.0,325164.656192763,0.57,0.57,0.0,0.45679110647183,0.45679160801419333,0.0,80.34993640815237
060374810021,26648.94679128768,41013.4203049069,2201.8543773417855,460651.8997121953,5.79,8.9,0.48,6.5850981625593334,10.134636869717204,0.5440900658481898,113.82956340195642
060374810022,21199.91293100429,12551.437876613714,0.0,307458.3147987465,6.9,4.08,0.0,5.238612571886507,3.1015278444620593,0.0,75.97460416359606
060374810023,64516.03761931701,62900.676659591256,12112.898340004003,166755.46866433087,38.69,37.72,7.26,15.942260086671318,15.54309570051112,2.993162364979683,41.206173696035414
060374811011,29770.60800439404,40445.01554280616,2601.4695790187116,504575.9934060481,5.9,8.02,0.52,7.356477447435235,9.994180994150549,0.6428371326986447,124.68344332977541
060374811012,51585.49878030452,68353.35778383735,7563.6709451536135,384648.1343348572,13.41,17.77,1.97,12.747054354281142,16.890482549736763,1.8690237941942986,95.04862396544836
060374811021,32763.527587103876,15234.763600840633,0.0,207670.14647459312,15.78,7.34,0.0,8.096043982621298,3.7645920711478102,0.0,51.31641076394643
060374811022,84174.66914305686,68529.29130141484,14278.271823996247,249166.2831156696,33.78,27.5,5.73,20.800013728467498,16.933956668710607,3.528237805760471,61.57032943805325
060374811023,12644.128573806127,21402.947301153512,2120.6379301922443,158887.9553805118,7.96,13.47,1.33,3.1244322145502483,5.288783457373175,0.5240210446938944,39.26206882483931
060374811031,47474.24758037165,56035.60989196852,1192.2588505727138,412821.2115599262,11.5,13.57,0.29,11.731142058214388,13.846700758100143,0.2946135780783745,102.01034296025293
060374811032,12633.311117349302,21264.01153992094,1720.9016169463544,383187.7045390499,3.3,5.55,0.45,3.1217591628459798,5.254451683094369,0.4252440505229905,94.68774390364936
060374811033,3845.288675298545,5087.29787010094,0.0,353794.4887142915,1.09,1.44,0.0,0.9501915249610178,1.2570986808283904,0.0,87.42452209472572
060374811034,1504.834603390372,834.0989427262762,0.0,263816.460553027,0.57,0.32,0.0,0.3718527287157683,0.20611033742373577,0.0,65.1904671222731
060374812011,12745.739539102287,10441.17401957369,682.2920299892385,247336.2454532318,5.15,4.22,0.28,3.1495408308910027,2.5800702890718124,0.16859803234249737,61.11811728337728
060374812012,23644.64117899159,25518.96298437975,0.0,444640.49903498637,5.32,5.74,0.0,5.842718078188963,6.30587308290163,0.0,109.87306012979107
060374812013,119773.42134659913,139521.03269061743,84802.93225153245,342720.695523313,34.95,40.71,24.74,29.596656971478904,34.476398005707864,20.9552609235491,84.68812820398048
060374812031,16003.469497573948,20291.23506280123,0.0,628141.8499578554,2.55,3.23,0.0,3.9545434349961552,5.014073380633418,0.0,155.2172314493268
060374812032,27667.853321673312,16963.303264512717,433.7211966247399,549725.0805537945,5.03,3.09,0.08,6.8368754494296615,4.191723524120626,0.10717484174235177,135.8400257323136
060374812033,43878.09074951091,41168.87614251311,5746.321666263759,379396.5583465694,11.57,10.85,1.51,10.842512352708793,10.173050843770184,1.4199470073751432,93.75093127755869
060374813001,23289.958042079837,27463.675845657854,4789.1240672028725,462672.52404086816,5.03,5.94,1.04,5.7550739663424135,6.786422096331858,1.1834183295197482,114.32887054749494
060374813002,44180.4954877849,48510.58993059281,40282.78423854731,434093.1410757103,10.18,11.18,9.28,10.917238190917464,11.987227829996366,9.954092765825749,107.26675121779341
060374814011,26665.582566713954,45949.27662986352,12446.755987831744,470352.0884206771,5.67,9.77,2.65,6.589208952192045,11.35431352976273,3.0756603864018874,116.22653223306929
060374814012,1773.4880651264727,2347.1100531170287,0.0,460731.6881991025,0.38,0.51,0.0,0.438238444860542,0.579983525020902,0.0,113.84927956645029
060374814013,94310.99606720633,98111.03549547924,59705.93159902872,275496.9883997575,34.23,35.61,21.67,23.30475465973535,24.243764852248997,14.753657003630472,68.0767884115773
060374814031,66014.67565004806,88101.99488202482,28658.02093092667,350781.5789237779,18.82,25.12,8.17,16.312581608936316,21.770477053340993,7.081551194230643,86.6800158716147
060374814032,47051.16548841872,72825.67251889472,4166.981723667412,459617.1593426263,10.24,15.84,0.91,11.626596196490434,17.99561558838434,1.029683608393542,113.57387348821459
060374814041,16076.257262624915,34972.94788271817,0.0,311448.0021348081,5.16,11.23,0.0,3.9725296834452166,8.642003627590364,0.0,76.96047737470828
060374814042,36951.92083106087,60275.00444435416,16144.033965965386,452668.7453183127,8.16,13.32,3.57,9.131018492903788,14.89427796615722,3.989277671578751,111.85688299014478
060374814043,7721.992194147981,9238.53864858914,0.0,260167.93776082818,2.97,3.55,0.0,1.9081458268214098,2.2828926169587693,0.0,64.28889750591517
060374815001,24519.39229775294,7561.217673676431,0.0,1219280.2728442014,2.01,0.62,0.0,6.058873787079316,1.868417577610087,0.0,301.29071693655584
060374815002,118560.18630395815,124195.14472754476,86955.53214851355,420811.42000647436,28.17,29.51,20.66,29.29686006345777,30.689288614269756,21.4871799422388,103.98476646643938
060374815003,0.0,0.0,0.0,547995.4533241785,0.0,0.0,0.0,0.0,0.0,0.0,135.4126255359433
060374816031,12959.677147892091,18383.645872070836,0.0,314633.7999815396,4.12,5.84,0.0,3.2024059653211805,4.542697825975344,0.0,77.74770516690214
060374816032,14903.40879949837,42545.28151893137,2027.2412419548882,341076.9260689158,4.37,12.47,0.59,3.682712516561153,10.513168019363475,0.5009422204192326,84.28194392590758
060374816041,10652.657085123448,20198.124553459842,6313.258183212894,282594.6498905727,3.77,7.15,2.23,2.632328892658331,4.991065272704013,1.5600400716635254,69.83065876179
060374816042,5144.557929338815,27374.32173036395,0.0,340422.61781612656,1.51,8.04,0.0,1.271247949609198,6.764342213586497,0.0,84.12026083550498
060374816051,0.0,0.0,0.0,207090.6888562903,0.0,0.0,0.0,0.0,0.0,0.0,51.17322366813166
060374816052,1438.7387993481302,3698.87720293659,0.0,358554.91242022795,0.4,1.03,0.0,0.35552009984453115,0.9140124622318476,0.0,88.60084841052648
060374816053,0.0,0.0,0.0,199299.8343669559,0.0,0.0,0.0,0.0,0.0,0.0,49.248061597589505
060374816061,39700.340482926316,64058.860621811444,4139.545683953888,379520.30293566315,10.46,16.88,1.09,9.810167779409854,15.829289190304692,1.0229040153341833,93.78150923145118
060374816062,14967.978842651604,32665.355798334058,13129.92227432588,307749.92996018473,4.86,10.61,4.27,3.6986681217058845,8.071785205308018,3.2444744522315276,76.04666383930486
060374816063,0.0,8226.701811116676,0.0,174800.49677050053,0.0,4.71,0.0,0.0,2.032862289252606,0.0,43.19414343512454
060374817111,42096.371105573635,48173.38780457238,5494.218164376441,223568.45337004427,18.83,21.55,2.46,10.40223984042613,11.903903370014548,1.3576508753720693,55.24496795402895
060374817112,7084.39707108429,24037.533254980463,0.0,223773.61240754699,3.17,10.74,0.0,1.7505926407151522,5.939803824501619,0.0,55.295663856252496
060374817121,28643.88896475138,26050.417806765603,1248.2358734948423,453922.1813226262,6.31,5.74,0.27,7.0780591093380165,6.437198429519851,0.3084458016809433,112.16661377213534
060374817122,13601.360117872691,10785.52634910037,0.0,282681.9491375526,4.81,3.82,0.0,3.36096928039922,2.66516160281861,0.0,69.85223087551675
060374817131,55838.042153063485,55944.74275036047,26670.966767907063,290766.2177876867,19.2,19.24,9.17,13.79788070661241,13.824246998410256,6.590539417281764,71.84989716419119
060374817132,5566.242058305349,22747.544848356116,0.0,175434.29399517865,3.17,12.97,0.0,1.3754483671561228,5.621040747194489,0.0,43.350758140101455
060374817141,88648.71633207997,84080.8959482695,46460.19034176292,280586.17792355357,31.59,29.97,16.56,21.90557486581315,20.776841867398172,11.480563057438438,69.33435453021363
060374817142,39403.40069975773,38575.8038101505,9066.369944456867,174498.0008481958,22.58,22.11,5.2,9.736792361017203,9.53228871590977,2.2403488036474566,43.11939506485116
060374818001,0.0,0.0,0.0,323562.45662416145,0.0,0.0,0.0,0.0,0.0,0.0,79.95402427256656
060374818002,15.607510791325613,15.694432560715027,4.8328491016252455,498480.1551531866,0.0,0.0,0.0,0.003856699907843415,0.003878178744826187,0.0011942230208303536,123.17712889293993
060374819011,6482.314548521614,15061.281349580859,0.0,283872.641958406,2.28,5.31,0.0,1.601814809302589,3.7217236732724808,0.0,70.14645747922397
060374819012,13331.518604289384,10227.34601508828,0.0,259236.489809942,5.14,3.95,0.0,3.2942899902495397,2.527232238455083,0.0,64.05873170469464
060374819013,13627.22825316381,22912.738356923284,2536.178654608861,586580.6839639257,2.32,3.91,0.43,3.3673614358381765,5.661860952144879,0.6267033939160047,144.9472436721766
060374819014,0.0,0.0,0.0,704285.6698273675,0.0,0.0,0.0,0.0,0.0,0.0,174.03277910454972
060374819021,0.0,10667.704990439304,0.0,545713.6090484222,0.0,1.95,0.0,0.0,2.6360473110416875,0.0,134.84876953573388
060374819022,3337.5922599655096,4234.788693602391,0.0,342389.9636388127,0.97,1.24,0.0,0.8247370085806357,1.0464390755654576,0.0,84.60640257549768
060374820011,22662.03046112585,474533.16516043874,0.0,2310943.831107082,0.98,20.53,0.0,5.599909681917024,117.25969879579159,0.0,571.0466569349079
060374820012,2894.684646430308,2215.9080599581066,2215.177289265334,634390.0798750665,0.46,0.35,0.35,0.7152921537833079,0.5475628064521142,0.5473822290813116,156.7612026865138
060374820021,1049.9591420878578,19492.033966048122,0.0,693571.1881932447,0.15,2.81,0.0,0.25945055433055775,4.816586488751265,0.0,171.38517303312685
060374820022,1989.2792252806848,0.0,0.0,547883.8507333152,0.36,0.0,0.0,0.49156160180769076,0.0,0.0,135.38504793515534
060374820023,2814.1729321652333,27284.59443751922,0.0,925590.8937950336,0.3,2.95,0.0,0.6953972759172612,6.742170116660084,0.0,228.7184908937563
060374820024,31579.28686486444,31579.289912063643,21750.2029742284,321362.29684283753,9.83,9.83,6.77,7.803411727203371,7.8034124801826925,5.374592202934982,79.41035295051378
060374821011,7073.059338565777,7073.056411918356,1329.1009758584125,226213.07052423575,3.13,3.13,0.59,1.7477910259961924,1.7477903028058652,0.3284280036478747,55.89846708475005
060374821012,1364.1185280698974,12077.496442381247,0.0,319796.9685043365,0.43,3.78,0.0,0.33708102924514005,2.9844143655629503,0.0,79.02355189430712
060374821013,92082.17742681816,88728.14362712567,43639.089187403166,606243.9905437399,15.19,14.64,7.2,22.754001579381104,21.925201777854323,10.78345378053291,149.8061525454874
060374821021,989.5360552400577,0.0,0.0,716373.596097564,0.14,0.0,0.0,0.24451968440560845,0.0,0.0,177.01977073669357
060374821022,24442.15540232844,32445.840060020346,6926.370691324504,381652.22056328965,6.4,8.5,1.81,6.039788134572105,8.017541685053962,1.7115434718627354,94.3083175500824
060374822011,62492.527042635076,63570.80831661132,1314.343300224742,300541.90075817745,20.79,21.15,0.44,15.442239733717486,15.708688839252288,0.3247813025808479,74.26552103371638
060374822012,15373.01936354191,19591.10964048313,0.0,270044.67304004764,5.69,7.25,0.0,3.7987558141301427,4.841068621076644,0.0,66.7294919447369
060374822013,0.0,0.0,0.0,202713.5103676667,0.0,0.0,0.0,0.0,0.0,0.0,50.09159930795045
060374822021,43378.36183121223,32824.82360747062,1481.956285922312,244134.06840148297,17.77,13.45,0.61,10.719026647722423,8.111190559116443,0.36619937335049646,60.326842101479485
060374822022,0.0,0.0,0.0,201329.32980002044,0.0,0.0,0.0,0.0,0.0,0.0,49.74956084076279
060374822023,1728.4722841051575,0.0,0.0,201407.0843114202,0.86,0.0,0.0,0.4271148031192275,0.0,0.0,49.768774398963025
060374823011,0.0,3646.4390483935,2484.885576584173,278073.42345500895,0.0,1.31,0.89,0.0,0.9010547120500432,0.6140285983040892,68.71343937873058
060374823012,0.0,539.7508035499455,0.0,218205.94693474282,0.0,0.25,0.0,0.0,0.1333753282084183,0.0,53.91986375571366
060374823013,7162.44850148486,3425.959229442411,0.0,159939.49035319305,4.48,2.14,0.0,1.7698795691983429,0.8465729622823228,0.0,39.521908775389775
060374823014,7169.829885747376,10322.442204087569,0.0,217389.0724416508,3.3,4.75,0.0,1.7717035489722877,2.5507310185138254,0.0,53.718009672487355
060374823031,1612.5822633202827,2429.935269434935,0.0,160055.13630707245,1.01,1.52,0.0,0.3984777553249433,0.6004500816942387,0.0,39.55048551293828
060374823032,23309.753656291778,23323.199108374953,0.0,343419.3574272618,6.79,6.79,0.0,5.759965569143632,5.763288012709643,0.0,84.86077132027233
060374823033,12553.558973746847,14346.25441426671,944.5419774640723,479324.379138258,2.62,2.99,0.2,3.1020519789782712,3.54503666966238,0.23340140565301026,118.44363355347143
060374823041,37169.3305861432,42082.37307020075,19332.083547834405,287809.4906870536,12.91,14.62,6.72,9.184741613368091,10.398780850555523,4.777061879642732,71.11927398609495
060374823042,41632.27590817194,44545.700351354484,2880.013783047013,331638.25688365597,12.55,13.43,0.87,10.287559419635105,11.00748227804349,0.711666904490526,81.94959797634158
060374824011,9685.53470035861,10927.691696330992,0.0,394317.36280787044,2.46,2.77,0.0,2.3933477468455813,2.700291425177445,0.0,97.43794235576546
060374824012,38094.61425528146,55062.52498945145,14748.230933797298,444754.5412122891,8.57,12.38,3.32,9.41338418739584,13.606246242063724,3.6443672308618296,109.90124056551682
060374824031,74578.33531921798,64542.383098914535,0.0,961744.2877756436,7.75,6.71,0.0,18.428707998241528,15.9487701964572,0.0,237.65218910466766
060374824041,88473.56977845449,172367.68199376407,84166.41115316865,424393.9080039562,20.85,40.62,19.83,21.86229520986687,42.59298181168012,20.797973134726018,104.87001852965867
060374824042,17443.96868475572,12536.508562463327,0.0,514573.58763324877,3.39,2.44,0.0,4.310498536147849,3.097838730593885,0.0,127.15390266504177
060374825021,9329.826279030469,8723.977215112907,0.0,317012.3468786057,2.94,2.75,0.0,2.305450281702208,2.155741717651334,0.0,78.33545690523921
060374825022,11564.513175788281,14857.377594489071,541.119648657314,323653.7769570105,3.57,4.59,0.17,2.857653439785223,3.6713379580879373,0.13371357720084404,79.97659001825093
060374825031,55113.286274279235,61451.04510954299,31095.40239358092,353058.3777836187,15.61,17.41,8.81,13.618789628714858,15.184883943349606,7.683841270340819,87.24262512239967
060374825032,29868.570108104614,20091.983468312865,8854.896504112607,376622.0236923222,7.93,5.33,2.35,7.380684410441963,4.96483723936943,2.1880925785010144,93.06532883342706
060374825211,1113.762976380558,4694.898756485546,0.0,411459.27524797356,0.27,1.14,0.0,0.27521682514252327,1.160134748171081,0.0,101.67380116835389
060374825212,14170.242472990887,16902.17232238393,2111.809964011303,741336.6252082054,1.91,2.28,0.28,3.5015431717706416,4.176617739346445,0.5218396067431736,183.18826956765457
060374825213,3351.226609497576,2557.8014636614803,0.0,393407.0820500697,0.85,0.65,0.0,0.8281061297228137,0.6320465063953439,0.0,97.21300708186689
060374825221,47408.19616006081,55990.86415261474,13546.785515217793,555042.0831746567,8.54,10.09,2.44,11.714820396802029,13.835643845108098,3.3474836023917627,137.15388569320365
060374825222,21962.569423105895,9077.588909592074,1295.0695395412718,839602.0050807722,2.62,1.08,0.15,5.427069095295684,2.243121070306859,0.3200186525948521,207.47017374608112
060374825223,2083.1732126848,1305.5979941067403,0.0,247236.33579382196,0.84,0.53,0.0,0.5147633113826579,0.32262029037651196,0.0,61.09342906887656
060374826001,849.9813983209181,849.9850833144467,0.0,566051.5030603763,0.15,0.15,0.0,0.21003497767208507,0.21003588825381667,0.0,139.87437259379658
060374826002,35200.03127248109,20162.750690155535,0.0,1491308.8192682546,2.36,1.35,0.0,8.698117155242588,4.982324200718234,0.0,368.51043467063
060374826003,0.0,0.0,0.0,294944.25463984034,0.0,0.0,0.0,0.0,0.0,0.0,72.88231255432649
060374826004,2406.4778985148587,0.0,0.0,492277.5348998553,0.49,0.0,0.0,0.5946536391048165,0.0,0.0,121.64442804914455
060374827011,23799.587892447023,21772.738505396108,2913.0836356117998,182752.6784812133,13.02,11.91,1.59,5.881006244924452,5.380160853960745,0.7198386430236107,45.15917033024643
060374827012,958.2335784978328,958.233666756983,0.0,324187.79294702865,0.3,0.3,0.0,0.2367846739493539,0.23678469575866487,0.0,80.10854824317393
060374827013,99818.374483675,99053.55384991935,65033.406627018296,443238.05814208987,22.52,22.35,14.67,24.665657504220874,24.476666209762723,16.070104752678635,109.52650943796672
060374827014,28744.249518806595,28744.23949677452,23860.134906933738,279208.384610166,10.29,10.29,8.55,7.102858742332087,7.102856265834029,5.895967738035889,68.99389438792609
060374827021,0.0,0.0,0.0,434226.5452035458,0.0,0.0,0.0,0.0,0.0,0.0,107.2997160956915
060374827022,0.0,0.0,0.0,284027.7037314772,0.0,0.0,0.0,0.0,0.0,0.0,70.18477407780969
060374828011,26114.123279184856,20840.569398533033,1545.7789127526953,339648.8369979227,7.69,6.14,0.46,6.452940394583556,5.149816851217437,0.38197028789965487,83.92905543125075
060374828012,171797.22441791158,394110.8930311006,115402.73027787184,2248096.465785115,7.64,17.53,5.13,42.45201867478825,97.38692256281531,28.516635687665914,555.516734752817
060374828013,4080.2595014126973,4080.261360663737,0.0,577513.2019683067,0.71,0.71,0.0,1.0082540805816105,1.0082545400125478,0.0,142.70662007470253
060375001001,0.0,0.0,0.0,2975278.599700107,0.0,0.0,0.0,0.0,0.0,0.0,735.2073533499884
060375001002,0.0,0.0,0.0,2163734.6117871962,0.0,0.0,0.0,0.0,0.0,0.0,534.670466639384
060375001003,0.0,0.0,0.0,4913687.076859406,0.0,0.0,0.0,0.0,0.0,0.0,1214.1985195376242
060375002021,0.0,0.0,0.0,662601.0687500105,0.0,0.0,0.0,0.0,0.0,0.0,163.73228985402278
060375002022,86429.13445849983,106884.30876213849,50845.93182976597,617456.1583190083,14.0,17.31,8.23,21.357104240244524,26.411687889522515,12.564303380847804,152.57673954066897
060375002023,34499.15308353322,44914.09552998454,14621.984940751643,558010.3783624066,6.18,8.05,2.62,8.52492638300061,11.098514709189534,3.6131711665915818,137.88736740787974
060375002024,0.0,0.0,0.0,1008413.7563259809,0.0,0.0,0.0,0.0,0.0,0.0,249.1844659336686
060375002025,0.0,0.0,0.0,3510765.548749848,0.0,0.0,0.0,0.0,0.0,0.0,867.5290601656131
060375002031,0.0,0.0,0.0,468225.6607267168,0.0,0.0,0.0,0.0,0.0,0.0,115.70108050659088
060375002032,0.0,0.0,0.0,466452.4376574011,0.0,0.0,0.0,0.0,0.0,0.0,115.26290754362125
060375002033,60620.1895603872,96545.63749089726,25312.23406961532,935434.3456266107,6.48,10.32,2.71,14.979575065931353,23.85694658117883,6.254789255558472,231.15086081355182
060375002041,0.0,14641.367696407498,0.0,5317729.650067247,0.0,0.28,0.0,0.0,3.6179607498218065,0.0,1314.0396137191228
060375003001,3504.661577893693,94109.24566387602,0.0,8957585.372666221,0.04,1.05,0.0,0.8660207361187385,23.25490104935926,0.0,2213.467550537387
060375004021,36552.148467747655,47203.657745224555,27461.690064260238,708613.4596495563,5.16,6.66,3.88,9.032232590567247,11.664277853779227,6.78593139906209,175.10219925947138
060375004022,23926.84394453091,36963.92614129741,6980.769864313732,240404.67355014212,9.95,15.38,2.9,5.912451900218645,9.133985069669421,1.7249858002557368,59.40528856409722
060375004023,15997.546856635425,44724.66702372662,8476.577320048424,386836.2545631273,4.14,11.56,2.19,3.9530799185477483,11.051705905889918,2.094607872206488,95.58932024915104
060375004031,18110.87320542384,20757.537478627266,0.0,1906462.2870067381,0.95,1.09,0.0,4.475294232129721,5.129299216975172,0.0,471.0970906835645
060375004032,0.0,0.0,0.0,294237.40999158396,0.0,0.0,0.0,0.0,0.0,0.0,72.70764743788108
060375004041,5742.8021534276395,5154.3128527590725,0.0,128568.97566319749,4.47,4.01,0.0,1.4190773168131954,1.2736584436821439,0.0,31.770085776097112
060375004042,0.0,0.0,0.0,208267.4385682311,0.0,0.0,0.0,0.0,0.0,0.0,51.46400485459217
060375004043,0.0,0.0,0.0,415103.90255555336,0.0,0.0,0.0,0.0,0.0,0.0,102.57440818949904
060375004044,0.0,0.0,0.0,420082.6325628221,0.0,0.0,0.0,0.0,0.0,0.0,103.8046791671672
060375005001,19847.203933053202,20461.673417181773,867.6783313391002,668360.4372719607,2.97,3.06,0.13,4.904350898933735,5.0561896152092585,0.21440798505634182,165.15546080964927
060375006001,0.0,0.0,0.0,223397.2301167136,0.0,0.0,0.0,0.0,0.0,0.0,55.20265776669863
060375006002,1464.8226012250757,6767.298272960082,0.0,121689.61525618246,1.2,5.56,0.0,0.3619655476574477,1.6722358212418902,0.0,30.07015879847155
060375006003,22933.461595377918,25131.47666686038,5262.353805540081,247818.2977802196,9.25,10.14,2.12,5.666981775888447,6.210123128597699,1.300355944533171,61.23723500752474
060375006004,13496.568940928551,16891.647900368305,4189.588722722293,265435.23372374667,5.08,6.36,1.58,3.335074816646045,4.174017098029553,1.0352699195188262,65.59047468413262
060375006005,13089.064932394935,13089.051671274223,0.0,324781.91181769694,4.03,4.03,0.0,3.234378383167947,3.2343751062736548,0.0,80.25535821334725
060375007001,92502.90155950197,95532.71350867886,81856.39956567908,353491.5019234129,26.17,27.03,23.16,22.85796477668038,23.60664761415551,20.227156840205836,87.34965242818615
060375007002,1757.889715147522,1757.8912858590297,0.0,245998.2454896825,0.71,0.71,0.0,0.43438400863873505,0.43438439677000135,0.0,60.78749029198138
060375007003,22984.455665825113,22984.45104460323,20942.971240845894,343575.7346379129,6.69,6.69,6.1,5.679582685118864,5.679581543190068,5.1751208975250975,84.89941297056303
060375007004,46324.20149464249,58230.88402782289,34796.201142749575,324963.97715923015,14.26,17.92,10.71,11.446959481495464,14.38916481086544,8.598328556987347,80.30034753901877
060375007005,6759.234545779852,11440.007465026043,2087.3966191746067,204804.61653386775,3.3,5.59,1.02,1.6702432308609723,2.8268874086324796,0.5158069378544125,50.608322894837904
060375007006,51845.890138777875,34613.13897137725,22556.27096948137,1775451.4550918806,2.92,1.95,1.27,12.811398460247453,8.553092909298183,5.573775942390442,438.7236090869129
060375008001,6385.03273069884,15332.303886284992,0.0,254880.00386233412,2.51,6.02,0.0,1.5777759485996732,3.7886948005909544,0.0,62.98222058275465
060375008002,31512.038647518235,50046.802304099176,12852.817564058321,891066.5597944543,3.54,5.62,1.44,7.78679433080305,12.366834174566236,3.1760003870945144,220.18734217064332
060375008003,0.0,0.0,0.0,803655.1736924971,0.0,0.0,0.0,0.0,0.0,0.0,198.58751826334552
060375009001,14650.204464877985,16033.006090247574,622.9289589041832,718357.2865093539,2.04,2.23,0.09,3.620144362865643,3.961842085996012,0.15392909801696236,177.5099513126117
060375009002,0.0,0.0,0.0,231244.409000741,0.0,0.0,0.0,0.0,0.0,0.0,57.141737898277306
060375009003,0.0,6469.298874152333,0.0,336663.0197473706,0.0,1.92,0.0,0.0,1.5985985661225155,0.0,83.19124392056183
060375009004,89299.03606030348,91859.6295214594,74994.10591643395,302084.5270310915,29.56,30.41,24.83,22.066272370331443,22.699008794332705,18.53144715026941,74.64671228734609
060375010011,0.0,424.7973742945479,0.0,331065.29373253253,0.0,0.13,0.0,0.0,0.10496971722130448,0.0,81.8080156983166
060375010012,13162.65301925766,12239.212793267752,911.9535077235353,385396.7165127647,3.42,3.18,0.24,3.2525623954435994,3.024375346138238,0.22534861940634368,95.23360265007969
060375010021,629.4607532236814,0.0,0.0,363668.10614656855,0.17,0.0,0.0,0.15554313954394702,0.0,0.0,89.86434609678939
060375010022,24531.376378603127,24531.384236447575,1536.8370551285864,517560.0986285169,4.74,4.74,0.3,6.061835117949334,6.061837059664985,0.37976070676042434,127.89188560378338
060375010023,28343.808144539584,21714.66368486265,1771.5924692176345,591792.8710560697,4.79,3.67,0.3,7.003907523788602,5.365810253279188,0.4377700329103809,146.2352031518591
060375012001,13563.458419824452,13563.477499654062,1617.1608325481561,739541.720065381,1.83,1.83,0.22,3.351603566844757,3.351608281573331,0.39960914442057077,182.74473884763958
060375012002,14044.968505844427,11253.709040557631,930.1236804082139,666492.1412025477,2.11,1.69,0.14,3.47058730033101,2.7808520653874806,0.22983856685891546,164.69379479672338
060375013011,7783.580307056147,8076.308040940427,0.0,420747.6389285979,1.85,1.92,0.0,1.923364580955425,1.995699179302919,0.0,103.96900581886032
060375013012,10163.523563249424,11030.911679133653,1707.3092336113232,443455.6396887941,2.29,2.49,0.39,2.5114613671472723,2.7257976384029305,0.4218852994539397,109.58027500906529
060375013021,2014.182049021038,2014.1649987408837,0.0,477382.4503679391,0.42,0.42,0.0,0.4977152235676603,0.49771101035167864,0.0,117.9637725038997
060375013022,4010.308816544371,12741.336720451318,0.0,388370.0054670129,1.03,3.28,0.0,0.9909688899133331,3.148452870708724,0.0,95.9683183513313
060375013023,0.0,0.0,0.0,277516.52006101015,0.0,0.0,0.0,0.0,0.0,0.0,68.57582555311615
060375014001,8079.3810761987725,9223.829382627846,1617.5266689264756,223348.5511715569,3.62,4.13,0.72,1.9964585428526944,2.279257878182302,0.39969954455839,55.190628937386265
060375014002,86350.04698019006,106818.39680379647,68817.29105323131,556632.1497301122,15.51,19.19,12.36,21.337561298747513,26.39540068991316,17.005122957245668,137.54679969594767
060375014003,12521.759699348646,23453.636820023185,0.0,281263.87042980536,4.45,8.34,0.0,3.0941942071477246,5.795519873204183,0.0,69.50181599548841
060375015011,0.0,1212634.6328292522,0.0,6346918.188931609,0.0,19.11,0.0,0.0,299.6485435255683,0.0,1568.3576402168353
060375015031,1869.2470314121854,1570.125297293945,0.0,173421.61225639112,1.08,0.91,0.0,0.46190100075347446,0.3879864105390667,0.0,42.853413651266365
060375015032,0.0,0.0,0.0,195471.93004714383,0.0,0.0,0.0,0.0,0.0,0.0,48.30216584042253
060375015033,8871.289325178317,11761.724279805154,0.0,261938.04292943273,3.39,4.49,0.0,2.19214333280378,2.906385364872873,0.0,64.7263000188402
060375015034,2560.15721285214,7890.168944590446,0.0,173965.54110506477,1.47,4.54,0.0,0.632628624697743,1.9497032068934035,0.0,42.98782139690886
060375015041,26140.434284809802,46352.26197754548,2370.430428608826,175211.943022558,14.92,26.45,1.35,6.459441985665293,11.45389337782736,0.5857461153027601,43.29581401819243
060375015042,71546.16701613361,106723.19203848342,8733.720963338435,393901.42888839403,18.16,27.09,2.22,17.67944289303522,26.37187508006299,2.158149450273523,97.33516284592811
060375015043,22664.932973322087,41335.396721408615,1963.8422917567755,176423.9562655942,12.85,23.43,1.11,5.600626908300488,10.214198974940292,0.4852759986459102,43.59530901295615
060375016001,0.0,327614.19805675827,0.0,8982036.49958351,0.0,3.65,0.0,0.0,80.95523138487471,0.0,2219.509555581586
060375016002,2863.771624038807,11766.309544837324,0.0,229251.60124384038,1.25,5.13,0.0,0.707653379592953,2.9075184085377757,0.0,56.649304377317655
060375016003,0.0,0.0,0.0,455695.3491287032,0.0,0.0,0.0,0.0,0.0,0.0,112.60477307926129
060375016004,0.0,0.0,0.0,345286.95916454267,0.0,0.0,0.0,0.0,0.0,0.0,85.32226575999185
060375016005,0.0,0.0,0.0,299393.1472957353,0.0,0.0,0.0,0.0,0.0,0.0,73.9816578711679
060375017001,0.0,0.0,0.0,383651.68870625546,0.0,0.0,0.0,0.0,0.0,0.0,94.80239688828142
060375017002,24001.44777157729,19924.96558341122,4432.956855174129,404186.9998399969,5.94,4.93,1.1,5.930886907359851,4.92356622120897,1.0954074947252885,99.87678277953154
060375017003,32519.036303409503,60972.21257450181,6884.040332556371,381712.5346102097,8.52,15.97,1.8,8.035628870698604,15.066561847119365,1.7010834124116938,94.32322147565442
060375017004,0.0,0.0,0.0,222718.8059486641,0.0,0.0,0.0,0.0,0.0,0.0,55.035015503856215
060375018021,0.0,4150.897840979724,0.0,304408.14894019463,0.0,1.36,0.0,0.0,1.0257091944265275,0.0,75.22089176558048
060375018022,5830.83431175628,7288.303059813881,0.0,110926.19451436165,5.26,6.57,0.0,1.440830536878372,1.8009789078436174,0.0,27.410459610172317
060375018023,21702.014307276866,39146.08386473832,6145.886896745176,360076.86853399675,6.03,10.87,1.71,5.362684524005529,9.673207986341808,1.5186817260742698,88.9769319565956
060375018031,40424.23196726865,42901.942444471555,1068.5746565863667,374849.7730340523,10.78,11.45,0.29,9.9890452607891,10.601300853423515,0.26405054814191936,92.62739615845983
060375018032,17629.702798748836,17840.71956898705,0.0,217602.61004642723,8.1,8.2,0.0,4.356394435237584,4.408537814743267,0.0,53.770775963773225
060375018041,64021.80860454924,85413.7668713285,32053.02658628722,357997.10861381574,17.88,23.86,8.95,15.820133437444987,21.106201445287155,7.920475361781695,88.46301208815916
060375018042,5199.399232035643,24132.94726092764,0.0,174318.02305796283,2.98,13.84,0.0,1.284799530632254,5.963381138838508,0.0,43.074921584340025
060375019001,24279.648442272515,42164.04724004171,2104.421976209451,394194.3799287599,6.16,10.7,0.53,5.999631790216417,10.418962977450088,0.5200139951991223,97.40755262450891
060375019002,4438.461146552582,5297.378051283844,513.1393744674241,238808.1003006613,1.86,2.22,0.21,1.0967676347460678,1.309010624138283,0.12679950087359543,59.010766722243986
060375019003,0.0,0.0,0.0,330183.35673214914,0.0,0.0,0.0,0.0,0.0,0.0,81.59008431940684
060375019004,135421.85981993852,141573.8770497085,108748.07737388853,430308.8584040109,31.47,32.9,25.27,33.463470329798895,34.983666894153785,26.872235143295537,106.33163460462355
060375020031,23809.75853826598,20499.649098423306,3478.966109967264,337290.3814169139,7.06,6.08,1.03,5.883519466239313,5.065573610408923,0.859671247714801,83.34626836523219
060375020032,32625.485493221397,29171.33552018675,0.0,306296.34908659256,10.65,9.52,0.0,8.061933038353942,7.208393991622416,0.0,75.68747618304249
060375020041,9737.59041122563,12704.605447993508,2484.355132029709,399564.56120059564,2.44,3.18,0.62,2.406210993136921,3.139376375616263,0.6138975226001111,98.73455331623371
060375020042,129963.77217472241,76755.14082177501,7208.601056461727,935355.117576417,13.89,8.21,0.77,32.11474750014655,18.96660835233071,1.781284113901586,231.13128313598583
060375020051,2219.8734615664507,2219.882565404582,0.0,276228.690165451,0.8,0.8,0.0,0.5485426785292146,0.5485449281366088,0.0,68.25759585550918
060375020052,13447.209335692049,9452.467761000724,3899.4734220816813,400483.3834514046,3.36,2.36,0.97,3.3228777925650106,2.335755651888166,0.9635808674845665,98.96159923902037
060375020053,40669.94729353891,46225.84525316507,5625.157375219398,365749.0752453423,11.12,12.64,1.54,10.049762840219442,11.422655124925509,1.390006659016428,90.37856475976326
060375021001,24921.09370858833,16230.479418784835,1201.1186637611486,340273.49440038134,7.32,4.77,0.35,6.158136367439694,4.010638808173803,0.2968028855960305,84.08341163697158
060375021002,44553.086532288864,215259.82059740886,56366.935524985405,1219416.219839354,3.65,17.65,4.62,11.009307443100866,53.19186008327629,13.928573105036632,301.3243101706523
060375021003,18176.513151422758,18054.19592652924,13203.27191289532,377277.7857296914,4.82,4.79,3.5,4.491514216025268,4.46128897150795,3.2625995426507077,93.22737116182286
060375022001,29578.10736475089,9554.578966561332,7535.098788013698,353702.17524057365,8.36,2.7,2.13,7.308909503443541,2.3609878802902924,1.8619634604049,87.40171093858811
060375022002,9101.902913316473,9706.25327538515,4257.609355288812,357383.2207661796,2.55,2.72,1.19,2.2491291914721705,2.3984674182309704,1.0520781838768138,88.31131709739098
060375022003,60245.158614088126,60247.89724721739,60221.251533018825,385562.5467936074,15.63,15.63,15.62,14.886902900884127,14.887579631868233,14.880995332496733,95.27458020488615
060375022004,2251.101655863886,1616.4380510108351,0.0,640457.9712731433,0.35,0.25,0.0,0.5562593333936131,0.39943054121307364,0.0,158.2606113051369
060375023031,745.6468496360502,0.0,0.0,443176.74791348295,0.17,0.0,0.0,0.18425334921910624,0.0,0.0,109.51135935053897
060375023032,28807.24996718768,30574.443495419902,2213.073717509006,680527.6157242083,4.23,4.49,0.33,7.118426492161897,7.555109523082026,0.5468624251800207,168.162036082471
060375023033,0.0,0.0,0.0,177990.6407881447,0.0,0.0,0.0,0.0,0.0,0.0,43.98244518953969
060375023034,19217.976518966403,9122.514171276074,354.5888389052436,279595.15211633354,6.87,3.26,0.13,4.748865418746219,2.254222344232796,0.08762081030167947,69.08946672007671
060375023035,113683.16444195401,95901.34391438987,14682.079869353129,750543.5109297733,15.15,12.78,1.96,28.09172171582353,23.697738171179125,3.6280209468478937,185.4633405760072
060375024011,4609.775527891635,5737.290122487112,3701.91774016589,292094.8019175166,1.58,1.96,1.27,1.1391003402976658,1.4177152643049775,0.9147637953437588,72.17819745240404
060375024012,0.0,3720.3988999312887,0.0,288121.1101675425,0.0,1.29,0.0,0.0,0.9193305893775434,0.0,71.19627683669376
060375024013,0.0,0.0,0.0,365255.8897668512,0.0,0.0,0.0,0.0,0.0,0.0,90.25669597396666
060375024021,0.0,1232.8335434365297,0.0,499976.02166864934,0.0,0.25,0.0,0.0,0.3046398030364008,0.0,123.54676555886732
060375024022,4371.155778551867,7613.257403163243,4371.158949228405,406126.9500344729,1.08,1.87,1.08,1.080136116111463,1.8812768748163737,1.0801368996026985,100.35615491236483
060375025001,27693.507134831998,38487.337113007845,2215.7955508750265,725864.3284883657,3.82,5.3,0.31,6.843214644716325,9.510428118965192,0.5475350048522212,179.3649817845254
060375025002,231678.90950788464,223909.52423413767,197731.7441353234,3089357.9044707976,7.5,7.25,6.4,57.24910531184271,55.32924840000809,48.860578062727015,763.3969634728589
060375026021,60262.96948397877,78345.53934484466,36080.6638088858,432492.0817895168,13.93,18.11,8.34,14.891304062682718,19.35960438605865,8.915726194083273,106.87112085212702
060375026022,1161.399189662888,4580.631052116034,0.0,434427.0221980727,0.27,1.05,0.0,0.2869879897973046,1.1318985834934754,0.0,107.34925503989946
060375026023,33327.60791253834,58112.835699267074,15053.758973028864,396544.4936187467,8.4,14.65,3.8,8.235431266615905,14.359994433606094,3.7198648535450602,97.9882783643643
060375026031,22527.93441453452,18577.075805852415,9437.502693291162,697732.8973908557,3.23,2.66,1.35,5.5667738271708345,4.590495403549609,2.332057703123113,172.41355377195794
060375026032,0.0,0.0,0.0,287879.28798969067,0.0,0.0,0.0,0.0,0.0,0.0,71.13652127518846
060375026041,0.0,0.0,0.0,263135.1690723232,0.0,0.0,0.0,0.0,0.0,0.0,65.02211633104346
060375026042,0.0,0.0,0.0,416996.604115369,0.0,0.0,0.0,0.0,0.0,0.0,103.04210493044077
060375026043,19432.4228249011,24959.566827479957,14296.709919778274,301868.92849622824,6.44,8.27,4.74,4.8018562549784365,6.1676432821596405,3.532793958452217,74.59343672914494
060375027001,27717.694246927735,24952.185886993415,0.0,590845.3975470412,4.69,4.22,0.0,6.8491914102773315,6.165819412045127,0.0,146.00107734898057
060375027002,1876.6328648004321,5862.31206319994,0.0,283793.5874475905,0.66,2.07,0.0,0.4637260799303301,1.4486088586565862,0.0,70.12692268417219
060375027003,0.0,0.0,0.0,390292.4101291979,0.0,0.0,0.0,0.0,0.0,0.0,96.44335488871478
060375027004,38851.74339176884,100708.32356721805,8890.952219809304,5680755.176660895,0.68,1.77,0.16,9.600474871487458,24.885568711996132,2.1970021398823185,1403.7451749503648
060375028011,46033.61493511372,51147.89111843554,37614.12111276536,425941.57556780434,10.81,12.01,8.83,11.375153978853875,12.638919146062051,9.29465174612204,105.25245551340772
060375028012,0.01921479199282524,0.01879600273782401,0.0,497481.8152002496,0.0,0.0,0.0,4.748078505199315e-06,4.644593426587886e-06,0.0,122.93043371803553
060375028013,0.0,5201.94376418031,0.0,302716.0398237808,0.0,1.72,0.0,0.0,1.2854282982185175,0.0,74.80276249688497
060375028014,2423.9181547036355,13362.791363962779,0.0,689933.0329561585,0.35,1.94,0.0,0.5989632202632293,3.302017657458165,0.0,170.4861652954299
060375028015,0.0,24412.527675704277,0.0,309898.3822650515,0.0,7.88,0.0,0.0,6.032466963882636,0.0,76.57755796566298
060375029011,0.0,0.0,0.0,300036.1669197892,0.0,0.0,0.0,0.0,0.0,0.0,74.1405514806606
060375029012,71919.98746922021,70810.50185672798,70810.50185672798,638067.0572700758,11.27,11.1,11.1,17.77181593869541,17.497656073188185,17.497656073188185,157.66980358835372
060375029013,0.0,1609.2851265967038,0.0,309116.0142728034,0.0,0.52,0.0,0.0,0.39766301509711394,0.0,76.3842306244908
060375030001,7206.33407506723,9008.240492017914,7206.340986053897,364357.4165226239,1.98,2.47,1.98,1.7807239305993199,2.2259847031280517,1.7807256383413166,90.03467840021383
060375030002,38590.481849145064,13612.455814079323,1858.8522764555223,392403.8262354951,9.83,3.47,0.47,9.535915738334712,3.363711086643004,0.4593324008646505,96.96509717109727
060375030003,13675.710300058665,9319.674931903126,0.0,291528.654755056,4.69,3.2,0.0,3.3793416105304384,2.3029418291979002,0.0,72.03829944185766
060375030004,2398.1404123348134,1649.6986646245678,0.0,280400.6129235107,0.86,0.59,0.0,0.5925934014018193,0.4076494178279271,0.0,69.28850042009108
060375031031,9669.244246668242,4579.158954294866,0.0,482018.72449652833,2.01,0.95,0.0,2.3893222880721496,1.1315348201998188,0.0,119.1094207910311
060375031032,0.0,0.0,0.0,198289.15246061148,0.0,0.0,0.0,0.0,0.0,0.0,48.998316659580304
060375031033,1148.8735343496814,0.0,0.0,139629.32336673915,0.82,0.0,0.0,0.2838928329630085,0.0,0.0,34.50315721454026
060375031034,9123.822588084662,1350.8976014304283,0.0,269299.0597613967,3.39,0.5,0.0,2.2545456610674,0.33381406712454464,0.0,66.5452468910889
060375031041,35542.43104462509,26552.432603964764,849.725895121812,546757.9876768398,6.5,4.86,0.16,8.782725981552503,6.5612489874839115,0.20997184145660386,135.10684111510517
060375031051,16386.36107966179,8340.855417584522,0.0,407075.98520508036,4.03,2.05,0.0,4.049158005448538,2.061070259724696,0.0,100.59066661022354
060375031052,7270.781880811011,5740.958764592136,2955.1995877055037,703497.250325882,1.03,0.82,0.42,1.7966493302223587,1.4186218055118058,0.7302457214315782,173.83795640287897
060375031061,0.0,0.0,0.0,431611.59147197416,0.0,0.0,0.0,0.0,0.0,0.0,106.65354695633249
060375031062,37539.8065573651,31285.302433570752,971.3016778593908,154200.81402454802,24.34,20.29,0.63,9.276288219561296,7.730766592163136,0.2400138716271425,38.10385097208336
060375031063,20466.215130611152,24284.490078531668,3876.9914813876267,339065.82101105,6.04,7.16,1.14,5.05731189703874,6.0008281845911595,0.9580254589532399,83.78498904341312
060375032011,1318.1546180084988,0.0,0.0,518113.6750783589,0.25,0.0,0.0,0.3257230997156957,0.0,0.0,128.02867732359283
060375032012,0.0,0.0,0.0,504948.70732940687,0.0,0.0,0.0,0.0,0.0,0.0,124.77554294598511
060375032013,658.8817723015108,0.0,0.0,321783.7613496937,0.2,0.0,0.0,0.16281323168632678,0.0,0.0,79.51449909825536
060375032021,12948.942669649665,0.0,0.0,569095.0990365112,2.28,0.0,0.0,3.1997534179802347,0.0,0.0,140.62646153851134
060375032022,22194.92503155103,9670.054548383767,1653.9984233710393,273091.1942548392,8.13,3.54,0.61,5.484485416556554,2.3895225179866677,0.4087119113531907,67.4823037316658
060375032023,3535.0588056263114,3535.0550440818665,792.7084407795516,298707.75232367596,1.18,1.18,0.27,0.8735320546731515,0.8735311251752765,0.19588252165107292,73.81229308514149
060375033011,8085.924943013508,10364.23016701476,0.0,382171.1016158004,2.12,2.71,0.0,1.99807556755822,2.561057049033685,0.0,94.43653585049917
060375033012,25325.783947990665,26908.073279361768,0.0,353087.4932299548,7.17,7.62,0.0,6.258137503423246,6.649129712243128,0.0,87.24981970587314
060375033013,20385.384769990324,20385.380300624114,5670.348272516003,356123.4658768589,5.72,5.72,1.59,5.037338279943401,5.037337175538959,1.401173572931749,88.00002488491026
060375033021,2481.969971823316,2481.9708712230677,0.0,663207.0117783907,0.37,0.37,0.0,0.6133081366774501,0.6133083589239688,0.0,163.88202163719805
060375033022,64183.06099500359,27183.488525680743,12066.400886137018,556514.2701955625,11.53,4.88,2.17,15.8599797709007,6.7171863017466515,2.9816725939046296,137.5176710285956
060375033023,0.0,0.0,0.0,326145.4535528559,0.0,0.0,0.0,0.0,0.0,0.0,80.59229671396011
060375034011,23617.604682495497,40643.15662834254,18934.35897282878,444095.45785486704,5.32,9.15,4.26,5.83603721440876,10.043142722676333,4.678781996817101,109.73837752106236
060375034012,9309.021916461636,8658.057274449116,0.0,623325.6364100615,1.49,1.39,0.0,2.300309411753455,2.139452545567315,0.0,154.02711916337185
060375034013,28772.110750862554,21410.52777129031,14687.489340485728,363891.2257557701,7.91,5.88,4.04,7.10974340270742,5.290656632338029,3.6293576562756504,89.91948015293396
060375034014,9119.746060158453,9119.781373528614,1220.5060457253498,236379.75710608208,3.86,3.86,0.52,2.2535383290791327,2.253547055202937,0.3015936120119441,58.410710050814295
060375034015,13960.491070077627,20255.89153610469,3753.4283539343087,284631.3171597191,4.9,7.12,1.32,3.4497124713404874,5.005339804986675,0.9274923452086118,70.33393020425412
060375034021,256378.42475509807,253029.81828564158,242699.32546688427,832174.8096581151,30.81,30.41,29.16,63.35248844905945,62.52502977004099,59.97230940131815,205.63487378793425
060375034022,48770.96867534258,43619.16584299102,11620.457832983238,452791.72368901083,10.77,9.63,2.57,12.051568819043698,10.778530614911844,2.8714776656424323,111.88727160734834
060375034023,9180.473697166179,9180.49834692301,6460.647235505671,332421.60988576134,2.76,2.76,1.94,2.268544454987526,2.268550546075091,1.596460699654416,82.14316871875027
060375035011,12324.688415623197,10542.45191434758,0.0,344885.28861491045,3.57,3.06,0.0,3.0454968324065237,2.605096601894106,0.0,85.22301080560086
060375035012,26421.617180909183,20252.539991407277,890.8141532375589,686622.5179783319,3.85,2.95,0.13,6.528923792467973,5.004511620255716,0.22012497115211688,169.66811922898128
060375035013,29835.053993233705,18827.861886091658,14240.104524062726,509482.08876699035,5.86,3.7,2.8,7.372402398091489,4.652465993573782,3.518806460550827,125.89576589545534
060375035021,815.3462276081269,4678.768012584201,0.0,366455.4706476554,0.22,1.28,0.0,0.2014764406009204,1.1561487545459899,0.0,90.5531188651185
060375035022,16814.896117997458,17595.092742539808,2109.8966100181456,433061.98054725456,3.88,4.06,0.49,4.1550513195685195,4.347842104095451,0.5213668066748128,107.01194590205547
060375035023,18608.194919344372,32371.532362335438,1776.5990568405023,423780.8770605591,4.39,7.64,0.42,4.598185103959959,7.9991798530715865,0.4390071876547785,104.71853528453936
060375036011,62695.28429446051,78458.53053883892,42029.52551333757,794275.6786346157,7.89,9.88,5.29,15.492342141775044,19.387525118153032,10.385721934857237,196.26979455909833
060375036012,42900.899711461294,43729.47838533103,18191.566352378362,328298.8047221727,13.07,13.32,5.54,10.601043188485246,10.805789437767386,4.495233942989705,81.1244013760869
060375036013,19398.295394369477,19398.291747484076,19153.632139597663,268754.5481064347,7.22,7.22,7.13,4.793423183238426,4.793422282073418,4.732965576337039,66.41069513087618
060375036021,25821.967526721975,43504.67951742233,23344.559282908027,731410.2538407022,3.53,5.95,3.19,6.380747135923389,10.750240427759419,5.768566226785843,180.73540978430296
060375036022,38377.61818755659,74070.05450765896,34364.866696374615,2570701.6366546447,1.49,2.88,1.34,9.483315982037393,18.3031090744088,8.491743494075935,635.2342085638122
060375037011,4338.934470797301,4073.6359855165847,0.0,553959.4393409191,0.78,0.74,0.0,1.0721740575674004,1.0066173741594477,0.0,136.88635857567485
060375037012,18587.920034902876,9272.544084887206,3740.801424643113,603847.0902445477,3.08,1.54,0.62,4.593175070905841,2.2912955432671605,0.924372163029352,149.21386558271678
060375037021,0.0,0.0,0.0,1012698.9041121639,0.0,0.0,0.0,0.0,0.0,0.0,250.24334901201655
060375037022,581.4752417612772,1.0288990570946575,1.0288990570946575,652527.1400458444,0.09,0.0,0.0,0.14368566142913258,0.0002542464939945821,0.0002542464939945821,161.24296785870678
060375037041,33351.87049293226,23755.908233742422,2957.784069582525,734319.9858966457,4.54,3.24,0.4,8.241426680799522,5.870212766197895,0.7308843608116945,181.4544202339541
060375037042,0.0,0.0,0.0,769729.2662645425,0.0,0.0,0.0,0.0,0.0,0.0,190.20424396674105
060375037051,44456.44359736295,63871.19619580434,56903.32517164035,704423.5807017878,6.31,9.07,8.08,10.985426453799892,15.78291630072839,14.061117873288339,174.0668576237818
060375037052,3578.1086869264827,0.0,0.0,472046.0081623871,0.76,0.0,0.0,0.8841699120139466,0.0,0.0,116.64510891701931
060375038011,2286.4348860679,25544.944713686342,25210.90737235307,540361.4568574572,0.42,4.73,4.67,0.5649903647216432,6.312293308033112,6.229750883378676,133.52622392691515
060375038012,7992.244206914029,7238.795881740032,7238.795881740032,307035.3781620773,2.6,2.36,2.36,1.9749265535282334,1.7887454177203161,1.7887454177203161,75.87009424465548
060375038013,6110.54109519576,6284.152556333765,0.0,433018.3213769085,1.41,1.45,0.0,1.5099475882991384,1.552847914630717,0.0,107.00115748611258
060375038021,0.0,0.0,0.0,344862.2863916838,0.0,0.0,0.0,0.0,0.0,0.0,85.21732683245584
060375038022,0.0,0.0,0.0,297125.5400142951,0.0,0.0,0.0,0.0,0.0,0.0,73.42131990886989
060375038023,83861.123941397,140195.40899546433,126400.86378034645,682956.9181740981,12.28,20.53,18.51,20.722535021804138,34.64304001976947,31.23433366222171,168.76232979105015
060375039011,0.0,0.0,0.0,302913.6071858406,0.0,0.0,0.0,0.0,0.0,0.0,74.85158245525221
060375039012,9743.162880780672,4740.87000325281,0.0,601972.0731861212,1.62,0.79,0.0,2.4075879803520333,1.171494490640027,0.0,148.75053877723684
060375039021,0.0,0.0,0.0,459598.6983122405,0.0,0.0,0.0,0.0,0.0,0.0,113.56931166825882
060375039022,3958.1183391262166,6453.058490906928,2494.9412848558122,521140.9188561247,0.76,1.24,0.48,0.9780723420819666,1.5945854800254866,0.616513417932475,128.77672555209173
060375039023,0.0,0.0,0.0,419477.5291803656,0.0,0.0,0.0,0.0,0.0,0.0,103.65515486501822
060375039024,390820.6355629977,306478.34727642353,91627.8077646866,3869283.5850516153,10.1,7.92,2.37,96.57388223603455,75.73244891516701,22.641724390692975,956.1207962888204
060375040011,0.0,10453.90211256685,0.0,341114.56313984527,0.0,3.06,0.0,0.0,2.583215469346237,0.0,84.29124424867692
060375040012,14713.492620863555,0.0,0.0,375852.3803181303,3.91,0.0,0.0,3.635783206792811,0.0,0.0,92.87514581385369
060375040013,0.0,0.0,0.0,669935.7122970808,0.0,0.0,0.0,0.0,0.0,0.0,165.54471974564728
060375040021,0.0,0.0,0.0,426826.22214077023,0.0,0.0,0.0,0.0,0.0,0.0,105.47105644228408
060375040022,0.0,0.0,0.0,256533.38526593792,0.0,0.0,0.0,0.0,0.0,0.0,63.39078002520288
060375040023,16556.583091479435,16559.267663911094,8174.666472172807,256959.75979319387,6.44,6.44,3.18,4.091220780612845,4.091884152907647,2.020004076973108,63.49613946540834
060375040024,0.0,0.0,0.0,222277.38292854806,0.0,0.0,0.0,0.0,0.0,0.0,54.92593750008205
060375040025,9485.172308816882,9485.146640383487,9485.146640383487,381071.47743029636,2.49,2.49,2.49,2.343837121651989,2.343830778843963,2.343830778843963,94.16481279666966
060375041011,54557.841003869544,68551.56195328294,52292.562132814426,522845.6903143635,10.43,13.11,10.0,13.481536113286138,16.939459866636,12.921773513724554,129.19798375359417
060375041012,0.0,0.0,0.0,380094.7653658382,0.0,0.0,0.0,0.0,0.0,0.0,93.92346198939815
060375041013,13014.503765357598,3541.5496544984803,0.0,319940.6158256623,4.07,1.11,0.0,3.215953917544549,0.8751359783597545,0.0,79.05904792044007
060375042001,27689.43964319125,85603.60863692028,8946.71494575194,1391984.2928265468,1.99,6.15,0.64,6.842209545642824,21.153112367192115,2.210781409548023,343.9668096752062
060375042002,263974.7977842145,398592.3688662113,149868.01086560957,5924181.871302668,4.46,6.73,2.53,65.22959310418615,98.49431935858622,37.03319199467173,1463.8972211891112
060375042003,28457.393504963744,24485.31556131429,0.0,403310.41175379674,7.06,6.07,0.0,7.031975077605299,6.0504532421224875,0.0,99.66017314610147
060375300051,176581.9423360997,176583.02766550466,108199.54082184957,1223874.7119416392,14.43,14.43,8.84,43.6343482211749,43.63461641191154,26.736688809355265,302.42602756235584
060375300052,97694.9804093949,105057.37488818538,34010.074828178054,1061484.8388557583,9.2,9.9,3.2,24.14095540149077,25.960242697684045,8.404072514143776,262.29861602706467
060375300061,87637.73440538703,99529.63017744027,77072.87070755384,476045.54232486535,18.41,20.91,16.19,21.655755791161283,24.59430723228227,19.045121116959603,117.63341533192946
060375300062,13612.551836049606,16205.305706212086,3254.339207532742,184556.74326818666,7.38,8.78,1.76,3.3637348141885997,4.004418248325568,0.8041647313009307,45.60496444762296
060375300071,22630.350197130803,26332.006503939898,6258.740314539519,333206.62980485155,6.79,7.9,1.88,5.592081318197548,6.506780511951947,1.5465684129282142,82.33715136531639
060375300072,11882.633494627931,15393.856040817709,0.0,961314.1494885562,1.24,1.6,0.0,2.936262682524551,3.8039046692168874,0.0,237.5458996191533
060375300073,264376.7546393331,493596.4807741942,217879.5885913057,2994233.598927662,8.83,16.48,7.28,65.32891880620357,121.9703466725576,53.83921885276364,739.8912356648232
060375300074,0.0,0.0,0.0,567563.8077484203,0.0,0.0,0.0,0.0,0.0,0.0,140.2480712206303
060375301011,7438.731831997799,16641.018760637653,0.0,406483.84386176127,1.83,4.09,0.0,1.8381506669777619,4.112085288849622,0.0,100.4443452977002
060375301012,31403.243053049013,29473.535822531754,1838.1251806198673,202580.70969638505,15.5,14.55,0.91,7.7599103539297865,7.283069312612872,0.4542106239414745,50.05878354741431
060375301013,554.9698231266262,22726.359291927,0.0,247423.8525304104,0.22,9.19,0.0,0.13713602984647025,5.615805682191479,0.0,61.13976546360272
060375301014,5068.439452030207,16427.501858471467,0.0,155651.08062896103,3.26,10.55,0.0,1.2524386642371546,4.05932411329016,0.0,38.46221965459593
060375301021,5521.291002791444,4199.311066208302,0.0,281634.28386577975,1.96,1.49,0.0,1.3643407194360075,1.0376723629146911,0.0,69.59334714888543
060375301022,34283.64457908515,45735.828160415855,3488.584511445432,325321.1936636948,10.54,14.06,1.07,8.47167307179955,11.301569264296282,0.8620480064811681,80.38861765962086
060375301023,4550.952036648713,8578.575110890662,713.3284453562894,358921.32893565384,1.27,2.39,0.2,1.1245647390548532,2.1198120752213674,0.1762672976011459,88.69139190334667
060375301024,17737.579426497658,23146.709449046382,1221.220187323858,356268.6424505294,4.98,6.5,0.34,4.383051330488847,5.719676468116247,0.30177008024406504,88.0358987975272
060375302021,6623.588158292249,3133.6714934683946,0.0,363323.1955119707,1.82,0.86,0.0,1.6367242785362053,0.7743470897862893,0.0,89.77911682285502
060375302022,0.0,476139.5927194614,462.3326459455153,968748.459320956,0.0,49.15,0.05,0.0,117.65665569056326,0.11424488484109045,239.38295758623354
060375302023,38165.1222596959,52745.14928373189,11320.269315839272,466266.6882906817,8.19,11.31,2.43,9.430807094723157,13.03361023429915,2.79729946760151,115.21700787550077
060375302031,81942.55080773572,71169.87519334668,40903.78302161069,434848.4871558863,18.84,16.37,9.41,20.248445275738113,17.58645915862248,10.10754490700527,107.45340129907503
060375302032,25132.94757981455,20828.793568128945,15229.470495486326,301714.1957087575,8.33,6.9,5.05,6.210486599104344,5.146906980153343,3.7632841163300883,74.5552014246715
060375302041,26018.000484173794,36001.42592410497,545.731087044293,353908.1899927127,7.35,10.17,0.15,6.429187934654657,8.896146086337854,0.13485308844257082,87.45261829250329
060375302042,10285.231511196334,13927.652792442625,1474.73875551717,316021.6314168092,3.25,4.41,0.47,2.5415360560522795,3.4415979562187653,0.36441588274648296,78.09064578312656
060375303011,101290.61541083321,93004.77766726134,10109.119281351494,584254.9941263557,17.34,15.92,1.73,25.029456160137876,22.981981063737514,2.498017776315437,144.37255319768957
060375303021,20006.379012974634,17776.843208234197,913.4975368203563,258837.86132572277,7.73,6.87,0.35,4.943683917777787,4.392753622252698,0.22573015730531007,63.960228461037964
060375303022,0.0,0.0,0.0,225435.47703356153,0.0,0.0,0.0,0.0,0.0,0.0,55.706319548610615
060375303023,194.8689589159419,0.0,0.0,138200.02939851268,0.14,0.0,0.0,0.048153168429033194,0.0,0.0,34.14997098329294
060375303024,32397.72739342469,28267.499266173752,235.23431993890568,233403.98492305994,13.88,12.11,0.1,8.00565278622144,6.985051189290681,0.058127666362672505,57.675380730369234
060375304001,0.0,0.0,0.0,338341.91964126413,0.0,0.0,0.0,0.0,0.0,0.0,83.60610911928757
060375304002,593.6174450934498,51.11355233707418,0.0,506200.8468838482,0.12,0.01,0.0,0.14668606521538097,0.012630433848394636,0.0,125.08495336823546
060375304003,27903.054893048928,53467.22534583697,65.17719661447606,697784.9862909751,4.0,7.66,0.01,6.89499502344611,13.212039115073935,0.016105636032380542,172.42642521949213
060375305001,23824.23780644568,36872.10088745054,1343.060884384605,298753.8731008211,7.97,12.34,0.45,5.887097371326222,9.111294555289271,0.33187757216948627,73.8236897773715
060375305002,13730.651027143856,16182.744369232769,2915.715453667235,298200.8514737261,4.6,5.43,0.98,3.392917759854908,3.9988432205448854,0.7204889794281512,73.6870351572486
060375305003,26639.480185659304,19549.48530421548,2396.982303693423,303681.1515329264,8.77,6.44,0.79,6.5827589133643345,4.8307830235849085,0.5923072265242081,75.04124679393182
060375306031,4697.229732443786,3903.5672418010718,1550.8399575077751,666518.041822502,0.7,0.59,0.23,1.1607107448744327,0.9645924723679843,0.3832208992944812,164.70019497929744
060375306032,0.0,0.0,0.0,301654.62985179015,0.0,0.0,0.0,0.0,0.0,0.0,74.54048238086317
060375306033,24401.36507763139,14745.89858146532,2952.6064270950023,268951.6038040857,9.07,5.48,1.1,6.029708625827672,3.64379089404912,0.7296049374897147,66.45938865421451
060375307001,10876.309256714976,17287.80778919114,1245.028983160317,1057577.4983272224,1.03,1.63,0.12,2.6875945478354155,4.271910338479109,0.3076533618215071,261.3330911552387
060375308011,1220.9839468095945,3697.059649839619,0.0,117610.90436762775,1.04,3.14,0.0,0.30171170394166996,0.9135633350804837,0.0,29.062287388460955
060375308012,2967.078592233347,3240.477156812552,0.0,138391.60986710762,2.14,2.34,0.0,0.7331810873768811,0.800739343969801,0.0,34.19731154806675
060375308013,1638.245562609667,5124.521847569922,0.0,327104.983878693,0.5,1.57,0.0,0.40481929468555267,1.2662969259805885,0.0,80.8294018211554
060375308014,0.0,1397.5163596753555,0.0,186009.8200147226,0.0,0.75,0.0,0.0,0.34533381316418293,0.0,45.96402753137679
060375308021,597.6942120063404,736.2520897111634,0.0,314667.29737805837,0.19,0.23,0.0,0.14769345625854355,0.18193185348407467,0.0,77.75598255384706
060375308022,17110.16247576536,11704.224605841993,0.0,251665.20445712638,6.8,4.65,0.0,4.228013225539177,2.8921768860039685,0.0,62.18782634939037
060375309011,28741.89526600555,21182.93207793186,10233.23641927392,142606.5731361019,20.15,14.85,7.18,7.102276993795615,5.234416511710405,2.528687789028371,35.238851654521675
060375309012,1606.2750526781965,2333.970375289239,0.0,162616.9564245693,0.99,1.44,0.0,0.39691920963323685,0.5767366399189104,0.0,40.1835250503226
060375309013,770.2118413360017,766.277235392615,0.0,138920.83241848272,0.55,0.55,0.0,0.19032349086386052,0.18935122856129696,0.0,34.32808528850532
060375309021,1468.4610840030882,3037.837674984028,319.9567381020716,208377.08502930249,0.7,1.46,0.15,0.36286463633227023,0.7506660375122549,0.07906303182170231,51.49109908518174
060375309022,18912.159070063866,13107.141538623588,0.0,314707.4315944717,6.01,4.16,0.0,4.673296281375842,3.23884520984571,0.0,77.76589993470377
060375310001,12909.55073248694,17328.321545313607,2941.869577284513,258955.21906971812,4.99,6.69,1.14,3.1900194583209087,4.281921505640419,0.726951804121538,63.989228191136064
060375310002,10314.676871832053,8447.374501175225,961.9417855935984,164417.20882145377,6.27,5.14,0.59,2.548812163124607,2.0873916985089096,0.2377009918783123,40.628377105591916
060375310003,21633.983832489346,30407.293362754128,0.0,576512.4912340717,3.75,5.27,0.0,5.345873827581768,7.5138058257873634,0.0,142.4593390669811
060375311011,29973.79245162468,21342.322716730545,2102.066060634134,139988.04260678988,21.41,15.25,1.5,7.406685417776357,5.27380279631305,0.5194318357821791,34.591798669192606
060375311012,30600.57704173746,18035.836674594022,914.1886477539256,166578.54953143516,18.37,10.83,0.55,7.561567263013917,4.4567523015550465,0.22590093453618582,41.16245602621238
060375311013,29807.115319489396,25448.24685976302,9642.527999284783,192755.07731711984,15.46,13.2,5.0,7.3654986014582144,6.288398747952334,2.382720559571089,47.630816910179846
060375311014,13455.595560697495,12376.064713379936,1929.7192795000678,200277.0140366599,6.72,6.18,0.96,3.3249500738940507,3.0581921920620734,0.4768440186854077,49.48952795263367
060375311021,23314.35981843515,17619.603149663533,0.0,308686.47890235303,7.55,5.71,0.0,5.761103776597169,4.353898757597675,0.0,76.27809012292202
060375311022,20747.279121814692,19596.595492137894,724.2136212858595,189693.96917511272,10.94,10.33,0.38,5.126764321801774,4.842424204542467,0.17895708315155953,46.87440061503693
060375312011,764.5374254743549,1203.1929468231008,0.0,310861.82666556654,0.25,0.39,0.0,0.18892131216776495,0.2973154521033251,0.0,76.81563026177464
060375312012,3250.5531574284155,11338.05111773215,0.0,244504.43810851366,1.33,4.64,0.0,0.8032291779456473,2.801693446541423,0.0,60.41836244921918
060375312021,20564.823977461343,15458.060378936345,492.69718355037145,181701.05350290993,11.32,8.51,0.27,5.081678673755693,3.81976990667954,0.12174812548901251,44.89930813882238
060375312022,23560.35887846802,14535.139968621235,1390.7929087634561,265622.0730369392,8.87,5.47,0.52,5.821891468167156,3.591711306624792,0.3436724122618223,65.63664368389212
060375313011,28094.74943424794,29801.15027092658,1463.1107378549418,364501.4311995623,7.71,8.18,0.4,6.942363776174265,7.36402460585763,0.36154253700635114,90.07026520189557
060375313012,14204.537953383278,14144.499689144439,648.4056138481188,180366.19925095912,7.88,7.84,0.36,3.5100177695356027,3.4951819913482383,0.1602245165553909,44.56945846969101
060375313013,8590.37540650164,7557.063323659817,0.0,129490.09707291456,6.63,5.84,0.0,2.122727991769743,1.8673910153644833,0.0,31.99769983342282
060375313014,8644.057616122202,7581.42096688181,1253.3026361374757,118355.99244135727,7.3,6.41,1.06,2.1359931546560325,1.8734099200844951,0.3096978259965548,29.246402661146526
060375313021,12112.277053663447,14407.95708393797,2496.800203341024,153687.8944097903,7.88,9.37,1.62,2.9930088417814993,3.560283731389039,0.6169727666938797,37.97710577501665
060375313022,34396.32024398704,35425.04077270217,384.09094334553333,325067.0636107831,10.58,10.9,0.12,8.499515834957197,8.753718213628455,0.0949109390734814,80.32582075595386
060375313023,18850.04365639696,10798.795898665576,2285.24439869567,189704.24128805485,9.94,5.69,1.2,4.657947228386691,2.6684405799258175,0.5646961888853964,46.87693890942397
060375313024,14374.463782831792,4052.4138426943678,0.0,226117.06719411456,6.36,1.79,0.0,3.5520073564426022,1.001373268461813,0.0,55.87474414523833
060375315021,7734.51126262152,7970.097457661173,0.0,141908.82515698735,5.45,5.62,0.0,1.9112393560121772,1.9694539726058489,0.0,35.06643437397463
060375315022,26155.334737626836,28426.205005649867,2956.107994662368,293658.0590119666,8.91,9.68,1.01,6.46312396774268,7.024268231584955,0.7304701936791816,72.56448669305935
060375315031,384.01318491869677,9481.643922044848,699.3177172047133,953807.6691861459,0.04,0.99,0.07,0.09489172454775567,2.342965238292722,0.17280517127661793,235.6910079405504
060375315032,3621.0556079146695,3621.0562961035025,0.0,208916.5208731761,1.73,1.73,0.0,0.8947823273075727,0.8947824973627367,0.0,51.62439658515919
060375315041,17108.332904099254,15033.900500376172,2536.0274586664964,294022.685031047,5.82,5.11,0.86,4.227561128534703,3.714957718084862,0.6266660325849904,72.65458774459707
060375315042,19909.83077223057,19144.355692704656,0.0,208195.20309253133,9.56,9.2,0.0,4.9198263279187415,4.7306733163888826,0.0,51.44615507981391
060375316021,18961.31106659626,13370.873075569007,0.0,131197.36606151587,14.45,10.19,0.0,4.685442004228852,3.3040146918875295,0.0,32.41957518811821
060375316022,10007.947884077967,6174.623281083238,0.0,124637.61185258761,8.03,4.95,0.0,2.473017779598596,1.5257826412881135,0.0,30.798624621990147
060375316023,36520.99493681145,29196.630364478428,904.6617315810211,192481.5527649977,18.97,15.17,0.47,9.024534385421207,7.214644483770265,0.22354678228107455,47.56322752138707
060375316031,7013.0118497152525,8950.572387021726,0.0,182353.43162789274,3.85,4.91,0.0,1.7329529683576381,2.21173460404448,0.0,45.06051428425709
060375316032,610.7305029690497,1075.2412670217266,0.0,252278.15872504545,0.24,0.43,0.0,0.15091479390980075,0.2656979034566419,0.0,62.33929064758644
060375316041,738.1571309236017,735.9005629067573,0.0,183139.713895216,0.4,0.4,0.0,0.1824025994195849,0.18184498931897594,0.0,45.25480886386487
060375316042,47593.14899363674,42207.67094923053,3718.531949669831,183620.80797340494,25.92,22.99,2.03,11.760523237296244,10.429742630750203,0.9188692559210057,45.37368979957734
060375317011,17664.72791632898,14247.596932822773,509.3060301220556,322298.62794563017,5.48,4.42,0.16,4.365049330278157,3.520657875075586,0.12585226085683815,79.64172540484894
060375317012,63744.0364371615,63427.65083751815,6504.461220026047,314822.443057953,20.25,20.15,2.07,15.751494440061679,15.673313855771092,1.60728737101292,77.79431988626041
060375317021,55776.57107453155,56259.71141079846,3424.3036187877497,251026.37832787258,22.22,22.41,1.36,13.78269087230258,13.902077449397988,0.8461638519799416,62.02996897502992
060375317022,42333.713635556596,42172.18309507856,5079.662757582668,161071.7090101413,26.28,26.18,3.15,10.460888456835951,10.420973391012529,1.2552120034370182,39.80168609851921
060375317023,15093.587550056553,15770.713513020784,2063.3349896220025,260068.983901892,5.8,6.06,0.79,3.7297067092647818,3.89702817864438,0.5098611797050946,64.26444547485511
060375318001,11351.285337713161,8503.612001269132,1616.7815658600775,174558.7968692114,6.5,4.87,0.93,2.8049636935182516,2.101288287422374,0.39951542558093533,43.134418088815906
060375318002,12906.532390313176,13553.479783596547,1036.9195719992674,239325.35207670715,5.39,5.66,0.43,3.1892736097266625,3.3491377921331384,0.2562284063896488,59.13858241967837
060375318003,21625.189487813008,29838.41582839818,2093.199327006285,207269.26902787376,10.43,14.4,1.01,5.343700697685767,7.373233125652237,0.5172408181867018,51.21735178955326
060375319011,18745.510293866104,17843.995626639917,1125.6404445081482,178571.90112563132,10.5,9.99,0.63,4.632116471962458,4.4093473462192865,0.2781518114350555,44.12607774696606
060375319012,8370.036141537694,8370.037201023322,0.0,177375.49572595916,4.72,4.72,0.0,2.0682809736486325,2.0682812354532327,0.0,43.83043953429069
060375319013,24744.186707074055,20453.18579498963,464.65211644246074,254763.9934985319,9.71,8.03,0.18,6.114421695346296,5.05409227808972,0.11481803848303998,62.953553797553155
060375319014,427.80542819924426,0.0,0.0,160191.48939729485,0.27,0.0,0.0,0.10571302352889826,0.0,0.0,39.58417909531192
060375319021,22995.253822894243,27258.456484910315,1979.6399097969709,214712.44755660632,10.71,12.7,0.92,5.682250967840574,6.73571128790989,0.48917967507800525,53.05660125922394
060375319022,5456.130241647948,5121.7875585974525,0.0,334138.9069334411,1.63,1.53,0.0,1.3482391446969533,1.2656212684610049,0.0,82.56752206080962
060375319023,915.0592871365922,1366.1437131129667,0.0,158673.00008770157,0.58,0.86,0.0,0.22611607421295998,0.3375814633677493,0.0,39.208952215211056
060375320011,39478.52747239639,45000.3347108232,11413.57181747633,294888.03709359403,13.39,15.26,3.87,9.755356590828477,11.119824874868087,2.820355017860376,72.86842089611615
060375320012,70787.86698406126,42778.74542326764,783.2371886501327,1058872.6292773092,6.69,4.04,0.07,17.492062874343414,10.570858206503303,0.19354212428066117,261.6531249827098
060375320021,37100.35691809324,42562.495425372224,25621.36753490674,371247.831741617,9.99,11.46,6.9,9.167697848813416,10.517421668281083,6.3311777984235755,91.73733708137028
060375320022,41414.55092740318,26870.259216262086,0.0,462256.85718022153,8.96,5.81,0.0,10.233758405207308,6.639785653756058,0.0,114.2261570293316
060375321011,27253.419964437853,28961.258619960663,1094.1447167809417,778460.545663248,3.5,3.72,0.14,6.734466736597275,7.15648285905461,0.2703690476204382,192.3617900932546
060375321012,5164.723310213362,0.0,0.0,300504.52495042444,1.72,0.0,0.0,1.2762309237426337,0.0,0.0,74.25628527048393
060375321013,21695.63821874816,27972.50528012295,1956.438846698085,357094.0779962152,6.08,7.83,0.55,5.361108958217375,6.912156587837078,0.4834465675305113,88.23986836292045
060375321021,6879.105050097864,13934.891132687822,2129.783277331371,575139.2575052722,1.2,2.42,0.37,1.699863877557136,3.443386589046244,0.526280909187358,142.1200056225825
060375321022,38580.56452054658,41989.3271765354,1900.1761819530059,446901.7211420189,8.63,9.4,0.43,9.533465113068246,10.375788709507392,0.4695437602963193,110.43182028113132
060375322001,28296.84598612306,31704.83062674372,1484.775370709286,394275.17261079955,7.18,8.04,0.38,6.992302921718564,7.834434266373373,0.36689598437216997,97.42751693102407
060375322002,45861.65200460398,29943.644267851596,2545.4738600217834,754775.9042732116,6.08,3.97,0.34,11.332661013312054,7.3992356393245675,0.6290002891953805,186.50918774765663
060375322003,232915.10145425785,69521.60867458931,18059.68029341239,1656112.1950187397,14.06,4.2,1.09,57.5545749943179,17.179163631745382,4.462644188078717,409.23423570253016
060375323021,21403.72076507365,29185.4407675138,3189.062594011874,657628.2210346207,3.25,4.44,0.48,5.288974584470212,7.211879474143856,0.7880345288159719,162.50347242233326
060375323022,82314.5084591911,87784.50462522656,0.0,2134412.423778322,3.86,4.11,0.0,20.340358013090626,21.692023502322748,0.0,527.4247961859992
060375323023,31475.298015092376,48210.95667730672,251.50568516115777,504325.6057883286,6.24,9.56,0.05,7.777715522812113,11.913186840642858,0.06214840827290868,124.6215712019842
060375323031,48192.96946123738,77922.3075127295,14066.047447434217,801775.099517272,6.01,9.72,1.75,11.908742102754513,19.255021522734786,3.4757960202334797,198.12294181708992
060375323032,22675.825515131324,64172.84987530088,2194.705585516882,1529347.3479580912,1.48,4.2,0.14,5.603318513999406,15.857456548271358,0.5423235609172675,377.90995981298175
060375323033,373731.1570115147,647135.9125473008,172352.52643540662,5236994.435822659,7.14,12.36,3.29,92.3509801194954,159.91076653110292,42.58923679165085,1294.0895078053804
060375323041,10424.374506863154,37020.37045085204,1845.8838470053315,709961.0550026713,1.47,5.21,0.26,2.5759190390750133,9.147932762313568,0.4561278321583311,175.43519732326624
060375323042,85251.1464506727,304324.4015487563,16849.20247162426,7389961.328384095,1.15,4.12,0.23,21.066017064206658,75.20019733447222,4.163528604168218,1826.0992130779516
060375325001,16384.008220806736,33705.31452590236,4354.556346876316,342836.60092086974,4.78,9.83,1.27,4.048576601363621,8.328764603393891,1.076034307215138,84.71676905145785
060375325002,45129.95922612293,42384.57715100142,7953.441517986939,246264.36629874154,18.33,17.21,3.23,11.151855790168725,10.473457105222705,1.9653382002789532,60.85325017602026
060375325003,141304.45318270408,83436.39866006329,8393.221498510868,429082.4605575557,32.93,19.45,1.96,34.9170908067213,20.617583119141422,2.074010200127941,106.02858509694472
060375326051,11976.85046283129,73906.54800103972,4262.5068071802025,225014.20841064924,5.32,32.85,1.89,2.9595442023931215,18.262705736718285,1.053288370594653,55.60222180484572
060375326052,111387.23119277776,138833.1263484986,35216.320897506266,299493.64727763797,37.19,46.36,11.76,27.524384254462685,34.306412646624906,8.702142409248392,74.0064919575334
060375326061,0.0,3149.4365114366174,0.0,78455.61810841417,0.0,4.01,0.0,0.0,0.7782427105651637,0.0,19.38680544092193
060375326062,5190.880919541387,9372.845907857958,426.50575584565274,115746.65668126754,4.48,8.1,0.37,1.2826946097739043,2.3160806634942004,0.10539186749618171,28.60162175277364
060375326063,7517.558596265518,6511.45129184912,0.0,84583.21762203786,8.89,7.7,0.0,1.8576291846319588,1.6090146553772433,0.0,20.900968256213925
060375326071,31380.981806953576,17160.71140471357,1481.7832067329516,166077.84641577723,18.9,10.33,0.89,7.7544094802214385,4.2405041379096815,0.36615660455138554,41.03872959181593
060375326072,40450.59270977423,59693.121462203504,0.0,360524.5215731005,11.22,16.56,0.0,9.9955591421217,14.75049154988363,0.0,89.08754943158827
060375326073,0.0,0.0,0.0,71983.47374298255,0.0,0.0,0.0,0.0,0.0,0.0,17.787503738591383
060375326074,16020.687920877535,8458.838697376963,0.0,94463.81745868955,16.96,8.95,0.0,3.958798200054851,2.090224563084554,0.0,23.34251764797415
060375326075,38533.18101064308,48517.28331587147,0.0,411556.335402546,9.36,11.79,0.0,9.52175639277829,11.988881801518955,0.0,101.69778525487477
060375327001,6744.700517441879,33185.26033983405,481.2202618361563,253612.03323673608,2.66,13.09,0.19,1.666651794244263,8.200256415361885,0.11891211637075258,62.66889821762708
060375327002,2652.4508289306204,26562.749689053173,1272.1040341101495,328680.8437145358,0.81,8.08,0.39,0.6554348739057999,6.563798394730312,0.3143437526147084,81.21880526703012
060375328001,16925.074959856734,30818.92975080249,6021.334148319062,270938.40768466244,6.25,11.37,2.22,4.182277104315767,7.61552339248182,1.4879040716616507,66.95033858502487
060375328002,5959.860302523706,19280.84197756466,3205.2143911366766,280094.6048103166,2.13,6.88,1.14,1.4727135535461358,4.7643998118742505,0.7920257248058765,69.2128841685482
060375329001,34892.04204162413,20142.4116943854,1643.2026496113215,217202.96910721666,16.06,9.27,0.76,8.622011358863901,4.977298325409796,0.4060442175600624,53.6720225370397
060375329002,28613.1668811595,21214.117801631222,2105.382317415895,199855.30160311668,14.32,10.61,1.05,7.07046751715258,5.242122671861466,0.5202513006792794,49.38532054087353
060375329003,50353.278551351454,44664.55412620832,29268.398658752463,350122.26569724426,14.38,12.76,8.36,12.442566104554135,11.03685168541756,7.232378815504098,86.51709602526576
060375330011,24731.974353481906,10594.051969476955,624.0056983304073,241062.33977579037,10.26,4.39,0.26,6.111403957053296,2.617847253200577,0.1541951661236202,59.5678014276641
060375330012,24669.762800281624,16967.253099217996,335.2208318796171,236600.76107778944,10.43,7.17,0.14,6.096031147468075,4.192699549532207,0.08283487153735328,58.46532132154881
060375330021,7157.687873510425,6065.384032161327,2342.1290400770413,127594.81718575471,5.61,4.75,1.84,1.768703192406697,1.498789035012078,0.5787526898935631,31.52936597391914
060375330022,7514.913392959166,7193.738008133997,0.0,160167.413725547,4.69,4.49,0.0,1.8569755406598845,1.7776113746747975,0.0,39.57822986726058
060375331031,34413.58051435603,29286.194418573465,21693.964098119948,121656.87207640756,28.29,24.07,17.83,8.503780940650953,7.236776243523164,5.3606952740009195,30.062067782542822
060375331032,63919.26715070823,46054.132963057134,13680.863614454112,422165.144143523,15.14,10.91,3.24,15.794794892377407,11.380224093975787,3.3806150222499456,104.31927898572609
060375331041,5164.634155757656,71733.11452334553,1933.8492115552604,200680.8199468522,2.57,35.74,0.96,1.276208893196847,17.725638628119157,0.4778645471213395,49.589310566110434
060375331042,3017.2415593071396,33155.95015807378,8706.702483426414,141311.37559818037,2.14,23.46,6.16,0.7455766264911755,8.19301371171714,2.1514730384882,34.91880137283824
060375331051,15882.753888064313,9774.7877002428,0.0,190886.2390132731,8.32,5.12,0.0,3.9247139582592356,2.4154026434290525,0.0,47.16901690820735
060375331081,45017.54855985896,45916.84202721181,632.2022494614365,225222.27554185787,19.99,20.39,0.28,11.124078509600587,11.346298764901743,0.15622057801756828,55.65363631267381
060375331082,7478.929922402433,7753.894388410602,840.1263995279667,120601.60771499947,6.2,6.43,0.7,1.8480838314414503,1.9160290307043144,0.20759975443599435,29.801306279968372
060375331083,2017.6616262102998,2709.7562615789748,0.0,299584.411677209,0.67,0.9,0.0,0.4985750458163573,0.6695953547005125,0.0,74.02892032911303
060375332011,10340.64472754089,7765.158710556744,808.0407712854735,108896.2224292072,9.5,7.13,0.74,2.5552289600154237,1.9188125053252059,0.19967122302951942,26.908842583702533
060375332012,11456.966373871592,11341.90495119608,500.4915003192555,263997.3658450768,4.34,4.3,0.19,2.8310780462720255,2.8026457495296384,0.12367414310746354,65.23516979347451
060375332041,6189.394925548679,5212.432184450616,822.6943445642163,139700.8659974296,4.43,3.73,0.59,1.5294327941286436,1.2880200433103992,0.20329219984442023,34.52083578358818
060375332042,16640.12256031964,11979.618223853633,1926.3923589215979,189598.68875326088,8.78,6.32,1.02,4.111863832928169,2.9602281310363576,0.4760219187067539,46.85085631004888
060375332043,12091.225266447145,14514.227119901449,6167.512034139105,382435.8872077056,3.16,3.8,1.61,2.9878068318708495,3.586543629164324,1.5240254138992764,94.5019657951939
060375333001,15478.578603048174,20863.57058923664,2902.3654596289052,156181.4375582878,9.91,13.36,1.86,3.824840070275722,5.155500569220451,0.7171901240587253,38.593273705930976
060375333002,699.1269029676359,8908.352172934081,0.0,190437.29619523502,0.37,4.68,0.0,0.17275802005177557,2.2013017619367274,0.0,47.0580807218991
060375334011,2758.106948262969,8242.655549260995,870.053457581122,193430.33010920344,1.43,4.26,0.45,0.6815430695777602,2.0368045438025852,0.2149948915324093,47.797675508954434
060375334012,0.0,628.361606971292,0.0,156867.607132573,0.0,0.4,0.0,0.0,0.15527153458996212,0.0,38.76282990033587
060375334013,0.0,0.0,0.0,124706.96471441524,0.0,0.0,0.0,0.0,0.0,0.0,30.815762087367904
060375334021,27583.1711582221,32966.184614059544,8750.764019024424,289783.01112480916,9.52,11.38,3.02,6.815950031126585,8.14612162457418,2.162360881050175,71.60694150669978
060375334022,20892.272894096895,24853.289771540487,5098.79460166248,195834.5712016266,10.67,12.69,2.6,5.162593063211932,6.14138164971051,1.2599395850665305,48.39177642123669
060375334031,27823.90837222271,38374.43799791386,3376.1230595070283,268733.70150610013,10.35,14.28,1.26,6.875437492225548,9.48253014006259,0.8342581764995776,66.40554382374822
060375334032,57449.38813972539,60275.44280743945,35393.27570495228,201364.4869536986,28.53,29.93,17.58,14.196052971322088,14.894386288034633,8.745868894444788,49.75824836263373
060375335011,13604.774326818038,5159.086087532092,899.3287477140861,188895.34551192398,7.2,2.73,0.48,3.3618129498030687,1.2748379356815631,0.22222897326827734,46.67705641009597
060375335012,13861.771455276586,5600.681117831984,0.0,233341.05980683968,5.94,2.4,0.0,3.4253183232667843,1.3839584440978223,0.0,57.65983159552176
060375335041,432.2705524123978,433.98620843099764,2.3839347710200856,103834.789073472,0.42,0.42,0.0,0.10681637975088785,0.1072403275858304,0.0005890831109857577,25.65813516356295
060375335042,0.0,3170.04420480512,0.0,143989.84059267357,0.0,2.2,0.0,0.0,0.783334982496146,0.0,35.58066448704893
060375335043,0.0,0.0,0.0,159997.06729660812,0.0,0.0,0.0,0.0,0.0,0.0,39.536136347956074
060375336011,19109.782351011272,16170.905949545524,0.0,168786.06501478094,11.32,9.58,0.0,4.722130057601144,3.9959178833321003,0.0,41.70794498181921
060375336012,17419.55583595648,15195.83999999077,540.8341770144825,177883.73920778558,9.79,8.54,0.3,4.304465989832612,3.754973839911729,0.13364303562164412,43.95602923374561
060375336013,39400.786142683755,38428.69020787593,1946.4255882649218,204928.17487541557,19.23,18.75,0.95,9.736146289894071,9.495936153100702,0.4809722374856552,50.638854825959534
060375336021,10093.714304957412,13831.967710378736,2450.9935035574554,294424.15260554565,3.43,4.7,0.83,2.494211123747085,3.417953657514651,0.605653684670109,72.75379254274026
060375336022,26176.56242764723,21397.96511287405,1207.7136680445074,272638.462022313,9.6,7.85,0.44,6.468369444182836,5.287552331837838,0.2984325466452475,67.37043116064491
060375336023,36325.83772752387,25942.146545363816,1409.079846740663,134733.5720057574,26.96,19.25,1.05,8.976309988774132,6.410444018169231,0.3481912130465464,33.29339070691647
060375336031,14916.496162077741,9301.20229206089,0.0,214858.47093358022,6.94,4.33,0.0,3.685946474283728,2.298377140482979,0.0,53.0926844214942
060375336032,33126.45640587343,29199.76544401984,8861.498789445299,256004.02548429946,12.94,11.41,3.46,8.185725646828777,7.2154191787962745,2.1897240387367045,63.25997237442773
060375336033,78090.60369488892,75490.46323766424,26610.687883728202,338600.92202968634,23.06,22.29,7.86,19.296608415026757,18.654099715476043,6.575644180612332,83.67011000327955
060375337011,10434.96031727702,8928.860019228081,4079.2036167525953,136638.42135149575,7.64,6.53,2.99,2.5785348497954708,2.206369361118276,1.0079931657998906,33.76408923113263
060375337012,45658.24295958222,40955.65296203315,9790.292260131868,263822.86812481616,17.31,15.52,3.71,11.282397543648079,10.120362248420042,2.4192339036149213,65.19205046774435
060375337021,12373.031626033347,15624.275185113213,926.2209595025225,213077.47260110406,5.81,7.33,0.43,3.057442699856271,3.8608424797653655,0.22887418352075473,52.65259014915529
060375337022,0.0,2865.9666158160385,1483.073589437601,105470.71989372361,0.0,2.72,1.41,0.0,0.7081957738733831,0.3664754650618565,26.062382472955115
060375337031,13023.05869268021,12838.748098391836,0.0,227770.3477599738,5.72,5.64,0.0,3.2180678861240266,3.172523746413958,0.0,56.283278670137236
060375337032,4278.73072120741,7130.014184004881,0.0,335541.84144568245,1.28,2.12,0.0,1.0572973870592366,1.7618648748048256,0.0,82.91419472863046
060375338031,32540.377628697897,26008.11034863472,0.0,211907.52726844684,15.36,12.27,0.0,8.040902427025006,6.426744028939513,0.0,52.36349036143329
060375338032,52716.31551997798,50758.32743256689,16106.121540240876,221319.77692420126,23.82,22.93,7.28,13.026485256107607,12.542655862859725,3.97990930715775,54.689307903082685
060375338033,12234.188550045938,9609.452533985163,0.0,118269.5688760641,10.34,8.13,0.0,3.0231338286003275,2.374547434101022,0.0,29.225046933077007
060375338034,19600.984009160446,32873.49822021305,3304.9756505306023,236211.23630344414,8.3,13.92,1.4,4.8435086307154,8.123218317865925,0.8166772688640573,58.3690676535933
060375338041,9242.943423504139,7126.188073272389,0.0,177392.4195677843,5.21,4.02,0.0,2.2839810605444173,1.7609194222527378,0.0,43.83462150668078
060375338042,8042.603334208719,7255.391469743083,0.0,155744.7578487379,5.16,4.66,0.0,1.9873705648887414,1.7928462768244817,0.0,38.485367799723676
060375338043,13727.553377190789,10297.285076253938,4417.051704438393,181777.74759247171,7.55,5.66,2.43,3.3921523138816037,2.544514556843878,1.091477246385442,44.918259661079816
060375338051,41981.067777515156,35520.22920041337,11247.216139619533,311005.23770157195,13.5,11.42,3.62,10.373747767561806,8.777239786369291,2.7792476346243435,76.85106790053337
060375338052,9241.112632998724,7657.62584348535,0.0,134173.32756120645,6.89,5.71,0.0,2.28352866235819,1.892240555187271,0.0,33.154951289730846
060375338061,39334.3533068356,37921.4982463254,527.0588434046315,948156.2615511912,4.15,4.0,0.06,9.719730378649867,9.370606289964678,0.1302390765551444,234.2945147010885
060375339011,2545.10989207674,2592.53736594521,0.0,269440.4216320115,0.94,0.96,0.0,0.6289103507574788,0.640629934779771,0.0,66.58017817005206
060375339012,13578.286099195313,8463.898297915523,1678.2545215483035,205870.2911155146,6.6,4.11,0.82,3.355267566211966,2.0914748176057065,0.4147057237461886,50.87165681885562
060375339013,0.0,0.0,0.0,172635.90659667825,0.0,0.0,0.0,0.0,0.0,0.0,42.6592615545021
060375339014,10449.416056234773,10449.411874208881,9716.953968258453,114917.92417575812,9.09,9.09,8.46,2.582106940685016,2.5821059072839128,2.401111617025391,28.39683749086549
060375339021,62727.20856568788,38402.657358055236,6575.091756060191,575343.3762929928,10.9,6.67,1.14,15.500230800994744,9.489503295815082,1.6247405565628674,142.17044447348684
060375339022,7165.69701115005,13655.58029801472,0.0,185795.53533789676,3.86,7.35,0.0,1.7706822934183595,3.3743673786964345,0.0,45.91107663456717
060375340011,3806.669800027685,3806.6691024449115,0.0,167144.751687512,2.28,2.28,0.0,0.9406485930553791,0.9406484206789217,0.0,41.30236762597728
060375340012,3811.3920886538854,22491.153815751313,5278.700651572775,360672.3290238165,1.06,6.24,1.46,0.9418154959877544,5.5576851432779195,1.3043953381578648,89.12407344808115
060375340013,43095.92435787438,46999.649710334284,11029.237018883641,257095.35973972562,16.76,18.28,4.29,10.64923482813265,11.6138663704953,2.7253838208430237,63.529646941923
060375340021,2051.546592627938,6874.432495802997,1123.3164423647036,362421.4718448693,0.57,1.9,0.31,0.5069482033689898,1.6987092642456771,0.27757753799886914,89.55629605211796
060375340022,79985.13302299478,19450.862790280527,0.0,535100.9665275038,14.95,3.63,0.0,19.764756807349087,4.806412869657762,0.0,132.22632845722768
060375341011,36811.826033574944,25832.434175985465,2771.3798290821196,181637.3277261248,20.27,14.22,1.53,9.096400314529465,6.383333501282327,0.6848228698557446,44.88356115644059
060375341012,150270.93901805283,144823.70525563075,55290.43343776154,331404.5612465289,45.34,43.7,16.68,37.132757709485084,35.78671693268095,13.662563646122978,81.89185052678208
060375341021,13095.09923963892,13357.782171862891,279.91286081908646,119945.53634968011,10.92,11.14,0.23,3.2358694929613616,3.30077985913348,0.06916797425026591,29.63918751497145
060375341022,13648.841023134586,22828.026916461164,2746.5361346527006,202519.94601216502,6.74,11.27,1.36,3.372702067606367,5.6409282993348535,0.6786838592667094,50.043768514045766
060375341023,56631.848388102204,58776.691329123794,31105.646175103582,227511.74577908366,24.89,25.83,13.67,13.994034499132667,14.524036732260964,7.686372563881643,56.21937672900121
060375341024,45703.91408050696,49417.12825899081,28107.114386243553,249934.27020582362,18.29,19.77,11.25,11.293683123406222,12.21123832944976,6.945419222353964,61.76010318092762
060375342011,10690.438483292466,19606.45522096081,0.0,252084.03702868277,4.24,7.78,0.0,2.641664879465249,4.844860596594416,0.0,62.291322131755685
060375342012,38861.87584377117,14468.396191662798,1019.2750523549516,260900.7113080167,14.9,5.55,0.39,9.602978654904692,3.575218560158918,0.25186835063213525,64.46996979282224
060375342021,19432.580583652398,9726.899773434208,0.0,248911.67437927838,7.81,3.91,0.0,4.801895238014856,2.403569279007344,0.0,61.50741424912243
060375342022,13908.46175389662,10996.598532338347,2418.644748971843,177372.77203462273,7.84,6.2,1.36,3.4368557473181034,2.7173186751747376,0.5976601333282436,43.829766495504
060375342023,28538.339349583526,17672.21891604999,449.61573067921205,156774.4865855549,18.2,11.27,0.29,7.0519772314182525,4.366900396621788,0.11110246664312497,38.739819312042535
060375342031,10582.192105183669,7052.3031694354195,0.0,146675.89352562418,7.21,4.81,0.0,2.614916616910236,1.7426620649054385,0.0,36.24440262168669
060375342032,36871.1202453641,14926.702349103754,0.0,620883.737867373,5.94,2.4,0.0,9.111052233352419,3.688468478022116,0.0,153.42371289247671
060375343011,25253.204647911432,45970.22075228326,39314.485279004795,376902.71455739083,6.7,12.2,10.43,6.240202767790547,11.359488935122755,9.714820882053736,93.1346890567142
060375343012,36218.09473091118,47978.667417303295,6113.248465543607,485481.1133587418,7.46,9.88,1.26,8.949686114495737,11.855786914438987,1.5106165940817162,119.96499571161603
060375343021,0.0,12.210941853649574,0.0,499433.41975392145,0.0,0.0,0.0,0.0,0.003017389444819453,0.0,123.41268570574367
060375343022,928.3022840349023,928.2996561908556,928.2996561908556,117799.98721468812,0.79,0.79,0.79,0.2293884900132854,0.2293878406588798,0.2293878406588798,29.109010777512708
060375344031,2655.3889492678554,1788.3733219726287,0.0007803837822333382,323491.7547584541,0.82,0.55,0.0,0.6561608992525287,0.4419166719317481,1.928370321995583e-07,79.9365534610705
060375344041,12561.085826521501,18695.5467551912,0.0,221765.3513695068,5.66,8.43,0.0,3.103911904804399,4.6197702126787465,0.0,54.79941174636193
060375344042,3674.6696367579348,19571.36669958387,0.0,191297.17919335808,1.92,10.23,0.0,0.9080306423568794,4.836190034134448,0.0,47.27056243816743
060375344051,27320.317346237116,33346.03124792353,17153.864236293546,137244.59917930013,19.91,24.3,12.5,6.7509974396459365,8.23998377193416,4.238812165745282,33.913879034509165
060375344052,7343.604513606506,20582.58144511135,2067.2093582181924,207078.2264648344,3.55,9.94,1.0,1.8146441946787328,5.0860666395732395,0.5108185570350005,51.17014414413696
060375344053,5421.435400990824,13285.071510775144,1088.0601917991012,185878.17128237206,2.92,7.15,0.59,1.339665862861432,3.2828126634886625,0.26886552875375397,45.931496421149646
060375344061,2116.2038139212827,2406.3249542993453,0.0,266129.8269198137,0.8,0.9,0.0,0.5229253507012888,0.5946158457660989,0.0,65.76211240081125
060375344062,2123.853910085122,2123.8365259179977,2123.8365259179977,165075.2267358021,1.29,1.29,1.29,0.5248157306321147,0.524811434910866,0.524811434910866,40.790976873329186
060375345011,38569.829302726575,32085.259277329744,2254.0216352002985,239579.93319288152,16.1,13.39,0.94,9.530812382973702,7.928440233197472,0.5569808760014135,59.20149078350497
060375345012,18767.27123521022,14334.217479054649,182.2979625862817,184166.3165108689,10.19,7.78,0.1,4.6374937176743805,3.542062278195108,0.04504680758557017,45.508487894820966
060375345013,30871.90176437642,14002.842808468846,679.5761249979191,245530.41352648396,12.57,5.7,0.28,7.628613062103089,3.460177813811447,0.16792691760358883,60.67188649625267
060375345021,12450.52181348773,2294.4835792837507,0.0,261784.75879245964,4.76,0.88,0.0,3.0765909421871487,0.5669792401290581,0.0,64.68842268370061
060375345022,31499.46494658099,16886.512474331237,0.0,304511.2236768601,10.34,5.55,0.0,7.783687301636498,4.172748106619666,0.0,75.24636208770383
060375347001,0.0,0.0,0.0,293205.25440041116,0.0,0.0,0.0,0.0,0.0,0.0,72.45259623679085
060375347002,488.90084147984896,0.0,0.0,263505.754149557,0.19,0.0,0.0,0.12081002893349621,0.0,0.0,65.11368989791936
060375348021,16483.694342382296,19954.04059510177,1151.955303965078,234850.4078115628,7.02,8.5,0.49,4.073209578462532,4.930750813063926,0.284654354819415,58.03279960999557
060375348022,31391.40375212632,28934.653308625828,1163.8246923532467,169034.252872239,18.57,17.12,0.69,7.756984798958979,7.149908543448163,0.28758734456485535,41.769273537011905
060375348031,25948.837618399124,27869.31402455878,8674.615999061189,214779.59315973698,12.08,12.98,4.04,6.412097418324046,6.886657473266817,2.1435442955291903,53.07319329909938
060375348032,13810.856514010897,9960.581734570269,1516.782191372713,169583.734604422,8.14,5.87,0.89,3.4127369672829477,2.4613133491558656,0.37480504200175724,41.90505343005223
060375348033,17163.13417152195,21919.264376812323,0.14759647546448332,226341.7759522113,7.58,9.68,0.0,4.241102816626072,5.416368185311857,3.647188337286026e-05,55.930270888626836
060375348041,6717.319146724982,4709.362008164263,567.7586447206236,200588.19371938452,3.35,2.35,0.28,1.65988571018817,1.163708695494406,0.14029621648497048,49.56642212683817
060375348042,544.36321756722,1780.0859367623432,0.0,169043.05071917607,0.32,1.05,0.0,0.13451508053364142,0.43986881444799514,0.0,41.77144753233538
060375349001,97384.85730339182,38933.78650064976,2679.7433766680665,326460.55978607625,29.83,11.93,0.82,24.064322313080098,9.620748165204231,0.6621790093256723,80.6701611599227
060375349002,1306.3729931847934,7483.47427209446,0.0,225747.89829595148,0.58,3.31,0.0,0.3228117968193309,1.849206764705619,0.0,55.78352052383193
060375349003,16160.109876770177,15228.062043254049,3052.260382329673,190326.43845205865,8.49,8.0,1.6,3.993250115650601,3.762936080203953,0.7542299661126898,47.030687176982916
060375349004,9835.392120450364,10312.724404432389,1338.8065054576864,305609.46486767207,3.22,3.37,0.44,2.4303783218030395,2.548329697923011,0.3308262922418442,75.51774339610238
060375350011,19918.872759883656,23662.802771644187,0.0,183923.61268935553,10.83,12.87,0.0,4.922060651726979,5.847205905469433,0.0,45.44851447442237
060375350012,5841.810350207545,3217.290843591502,0.0,144666.51709329177,4.04,2.22,0.0,1.4435427750468701,0.7950098811964963,0.0,35.74787489186406
060375350013,7532.967888485591,7532.93941014966,372.45262897380655,121193.63795696729,6.22,6.22,0.31,1.861436903664139,1.8614298665140752,0.09203504896102106,29.94760013874993
060375350021,50248.55857937813,50133.26746637512,14818.09130792671,272296.2215723455,18.45,18.41,5.44,12.416689235932436,12.388200181474053,3.6616301052605165,67.2858617037022
060375350022,20952.007481210905,14322.61862275514,821.3954548613038,90641.00727019175,23.12,15.8,0.91,5.177353801147523,3.5391961383846353,0.20297123720889826,22.39788067806884
060375350023,18737.67014982318,10620.073896068765,537.9737914571357,120310.57171020839,15.57,8.83,0.45,4.630179130177974,2.624277411297557,0.13293621895735278,29.729389716983793
060375351011,438.9311732600242,2940.6489468596037,0.0,256819.92327864072,0.17,1.15,0.0,0.10846225500624872,0.7266501797747603,0.0,63.46158511013665
060375351012,32865.5344977384,13530.663378188301,0.0,419943.06689081294,7.83,3.22,0.0,8.12125043918593,3.343499735571024,0.0,103.77019173854566
060375351013,10695.37855007679,11196.60889626535,219.00247788751494,205593.35357248792,5.2,5.45,0.11,2.6428855965524627,2.7667423124503063,0.05411669084064882,50.80322406164343
060375351014,20167.418329800417,7099.74319954881,0.0,251566.9401801549,8.02,2.82,0.0,4.983477599593234,1.7543847516434214,0.0,62.163544717744735
060375351021,7323.043108917678,4364.755203116054,0.0,134954.06954402814,5.43,3.23,0.0,1.8095633609295991,1.0785544994767873,0.0,33.34787683522343
060375351022,40985.102574367025,26289.840212337793,3264.910756557467,288877.2316814143,14.19,9.1,1.13,10.127639406109864,6.496360994380553,0.8067770179553843,71.38311853181457
060375351023,14086.764482005952,12323.06494747721,5904.236971263008,167244.55108864367,8.42,7.37,3.53,3.4809153109641966,3.04509566469101,1.4589687290564866,41.327028595064114
060375352001,569.9102608720522,5565.204100945053,0.0,258385.19672176059,0.22,2.15,0.0,0.14082789241484017,1.3751918823066602,0.0,63.848372601399205
060375352002,5.961991406064499,222.3736299894828,0.0,259812.2821531679,0.0,0.09,0.0,0.0014732401606995294,0.05494972066678942,0.0,64.20101309131334
060375352003,1.7169344668148252,1.55710584136407,0.0,347272.4673415056,0.0,0.0,0.0,0.0004242637463764015,0.00038476923291501993,0.0,85.81289551546645
060375353001,14963.928971756506,38301.4363836368,692.9490035340854,489512.2074387953,3.06,7.82,0.14,3.6976673768134587,9.464491048318937,0.17123142785558226,120.96110075199768
060375353002,18157.25689983569,11252.231840201632,0.0,184615.51054202675,9.84,6.09,0.0,4.486755892631218,2.780487041230008,0.0,45.619486157243
060375353003,12429.268180320065,7382.611064685414,0.0,154895.78260467338,8.02,4.77,0.0,3.0713390550556894,1.8242829233628048,0.0,38.275581448182926
060375353004,19175.75600190527,13984.207188620723,0.0,251414.7361875687,7.63,5.56,0.0,4.7384325017720865,3.4555728518599995,0.0,62.1259342920959
060375354001,297.9372397478165,17906.106815746974,0.0,392209.602660263,0.08,4.57,0.0,0.07362189528115848,4.424695355296965,0.0,96.91710348044964
060375354002,3289.65023007676,13433.657318849946,0.0,378840.9412319859,0.87,3.55,0.0,0.812890274996666,3.3195290162735933,0.0,93.61363529850985
060375355011,54437.141406732524,57987.89493316039,28153.774989940113,219044.98484598132,24.85,26.47,12.85,13.451710593292661,14.329120897936502,6.95694930862989,54.12719453883567
060375355012,37314.157361604695,51399.00772597411,7402.450636420172,272687.5686735328,13.68,18.85,2.71,9.220529088965163,12.70097141116061,1.8291853883044673,67.38256567842717
060375355021,8107.417057129223,12791.156844497984,2917.937148076586,222261.4715314511,3.65,5.76,1.31,2.0033863846153195,3.160763691466017,0.7210379720726773,54.92200570823273
060375355022,465.03183931380073,465.03369290229057,0.0,250269.01746923334,0.19,0.19,0.0,0.11491187004801426,0.11491232807970513,0.0,61.842821031147565
060375355031,32936.985172805216,55550.5936959544,14936.666880959752,317374.2866064596,10.38,17.5,4.71,8.138906285504401,13.726850645966321,3.6909307674675342,78.42489415975865
060375356031,20894.15907776493,37996.15225859903,3690.0891992212382,168217.15782034848,12.42,22.59,2.19,5.163059149346738,9.38905369814561,0.9118408992214307,41.56736495251957
060375356032,32573.06517711237,60041.009273950694,13605.21035780042,617609.3231432528,5.27,9.72,2.2,8.048979696145192,14.836456500313197,3.361920695405302,152.61458739299127
060375356041,0.0,0.0,0.0,175327.72683457172,0.0,0.0,0.0,0.0,0.0,0.0,43.3244248212278
060375356042,0.0,0.0,0.0,266900.4974489043,0.0,0.0,0.0,0.0,0.0,0.0,65.95254923588769
060375356051,19161.085401139106,15877.65977001587,1733.1520171710702,212667.9317931757,9.01,7.47,0.81,4.734807317373411,3.9234551742756363,0.42827119034364436,52.55139041158578
060375356052,34453.58532352819,52642.52784236274,13902.594252942075,257270.50348959488,13.39,20.46,5.4,8.513666344281962,13.008251923882916,3.4354058562564718,63.572925905046034
060375356061,10172.531332408988,11546.635870723734,0.0,185788.2909892094,5.48,6.21,0.0,2.5136872353816146,2.853235861497643,0.0,45.90928651702131
060375356071,2435.8782123299516,120037.45112900468,0.0,545205.7532448295,0.45,22.02,0.0,0.6019186148653495,29.661900151578916,0.0,134.7232756336568
060375356072,2211.9433769258585,2143.0114831866326,234.86940355911074,156219.11745557282,1.42,1.37,0.15,0.5465831119390341,0.5295496700413487,0.058037493561439654,38.60258461132323
060375356073,4421.825248880173,4455.25260710279,219.79284968720145,88257.46399924383,5.01,5.05,0.25,1.0926568149056783,1.1009168950107178,0.05431199596571125,21.80889430885776
060375356074,3502.2661758455492,4534.096837223983,0.0,151623.4471906008,2.31,2.99,0.0,0.8654288193818648,1.1203997285713,0.0,37.46696975740001
060375357011,0.0,0.0,0.0,248142.69845218296,0.0,0.0,0.0,0.0,0.0,0.0,61.31739615931845
060375357012,21316.486329184212,25985.894919555612,8162.260483607449,262167.6062645225,8.13,9.91,3.11,5.267418485912679,6.4212544768624635,2.0169384904361882,64.78302635432843
060375357013,10806.439365556264,14885.082086480104,0.0,261237.00869357167,4.14,5.7,0.0,2.6703293217275728,3.6781838871497357,0.0,64.55307068656622
060375357021,13086.143647762221,14477.980421385677,1391.8266863003919,235758.35333163172,5.55,6.14,0.59,3.233656518014406,3.5775868749006587,0.343927864254439,58.25715783408361
060375357022,16085.016324571978,16769.3446533657,1709.6105954382156,186275.07383994994,8.64,9.0,0.92,3.97469409478894,4.143795307524301,0.4224539783460679,46.02957317904522
060375357023,20266.319585987003,32895.07541590022,2511.315102958656,315206.5910337632,6.43,10.44,0.8,5.007916632230803,8.128550159037195,0.6205594765008523,77.88924491836283
060375357024,26267.301641555445,27437.198053051718,4189.542065554263,237450.18975141927,11.06,11.55,1.76,6.490791592249656,6.779879291289511,1.035258390281522,58.67521971797525
060375358021,19094.100653733836,30328.646752376022,0.01368300339828668,218469.7433736988,8.74,13.88,0.0,4.718255025813351,7.494371825128782,3.3811437743501497e-06,53.98504927539155
060375358022,15393.251990056797,23574.975475320203,8294.93000734627,122275.76033908779,12.59,19.28,6.78,3.8037554050231868,5.8255033079080665,2.0497218437087366,30.214998402777976
060375358023,0.0,0.0,0.0,225664.06907542626,0.0,0.0,0.0,0.0,0.0,0.0,55.76280587231595
060375358024,6514.477800404911,6530.405703219955,0.0,228923.20267829215,2.85,2.85,0.0,1.6097625219284357,1.6136983924295192,0.0,56.56815532450459
060375358031,3911.1594227311257,7468.439302569874,0.0,143860.70527476261,2.72,5.19,0.0,0.966468541132873,1.845491542825899,0.0,35.54875445505566
060375358032,9845.62866146903,5913.961540411829,771.5886298572792,141197.14805453955,6.97,4.19,0.55,2.4329078261763613,1.4613717224256098,0.19066370271661043,34.89057513209281
060375358033,21984.556300826644,21972.556089395457,7032.998343115842,137779.17271510907,15.96,15.95,5.1,5.432502171102141,5.4295368542787505,1.7378917384335817,34.045975031997486
060375358041,0.0,0.0,0.0,209952.0323738428,0.0,0.0,0.0,0.0,0.0,0.0,51.88027704954507
060375358042,24421.011194014613,21880.139680863624,4717.704856119267,280872.69584522914,8.69,7.79,1.68,6.034563286910895,5.406700262394667,1.1657702581208498,69.40515465054645
060375359011,0.0,0.0,0.0,210378.8895928611,0.0,0.0,0.0,0.0,0.0,0.0,51.9857557654826
060375359012,3503.392224197245,4934.679083404197,0.0,216152.5802162709,1.62,2.28,0.0,0.865707071989361,1.2193857573226359,0.0,53.41246578945368
060375359013,7854.33178889038,10377.602204069542,1410.6394992354888,219092.68163471806,3.58,4.74,0.64,1.9408476528634404,2.5643613513511,0.34857661157123654,54.138980672011215
060375359014,34382.95683833477,35486.47168989273,32268.778364965627,194769.3566786265,17.65,18.22,16.57,8.496213665505795,8.768898123854706,7.973788787354243,48.128556180186386
060375359021,0.0,0.0,0.0,221965.75404533432,0.0,0.0,0.0,0.0,0.0,0.0,54.84893232601934
060375359022,11488.237306228442,11488.227490471812,0.0,214183.17393504473,5.36,5.36,0.0,2.838805261940899,2.8388028364146125,0.0,52.925814899067454
060375359023,7514.167600047722,12342.747570550178,535.6898165631626,241590.351399808,3.11,5.11,0.22,1.8567912512180065,3.04995934677373,0.13237183646991613,59.69827594143607
060375359024,9714.423506993597,14131.240390498328,2432.8801222353304,335276.271507916,2.9,4.21,0.73,2.4004863264292506,3.4919055472983036,0.6011777706688451,82.84857096785248
060375360001,171141.9222586567,176007.21659666466,122354.791053938,938984.7454247168,18.23,18.74,13.03,42.29008998474932,43.49233039809281,30.234527317718655,232.0281837100238
060375360002,18561.93836949562,19111.122728684357,1322.8674441673643,368090.0881684938,5.04,5.19,0.36,4.586754861564228,4.7224612721373616,0.3268876644214706,90.95704165115819
060375361021,31705.42762568082,16221.307444503596,0.0,510807.4610499382,6.21,3.18,0.0,7.834581788023461,4.0083723639702304,0.0,126.22327251901918
060375361022,287742.23409738595,244483.37142427595,176116.81056797403,2563296.8295476106,11.23,9.54,6.87,71.10265452084894,60.413156758174374,43.51941165817971,633.4044408789377
060375361031,24861.476929374265,42301.91885155027,1041.705283350952,170014.44381515516,14.62,24.88,0.61,6.1434047404701575,10.453031794605401,0.25741098141879853,42.01148399387186
060375361032,9747.895435878598,22206.595466854113,2316.6954282956353,750360.3005363591,1.3,2.96,0.31,2.4087574201848208,5.48736924392401,0.572467907552231,185.41806830185382
060375361033,7695.884115720315,8669.32896026154,876.1570373725034,259925.70448503902,2.96,3.34,0.34,1.9016943801421669,2.1422378397897717,0.21650311894507387,64.22904035989725
060375361041,15093.206580256212,46683.348636523246,5362.529558575601,1379829.3124554232,1.09,3.38,0.39,3.729612569576941,11.535706672992749,1.3251099122007737,340.9632486138738
060375361042,16778.034158696257,24349.685599163808,2581.6439527618995,213263.4983395641,7.87,11.42,1.21,4.145942531053769,6.016938348586915,0.6379381137596297,52.69855811022017
060375361043,25923.44426026849,38652.359791408526,1127.4820763543155,371253.98093548033,6.98,10.41,0.3,6.405822582876443,9.551206110862127,0.27860688857492477,91.73885658026559
060375362011,39877.36684841223,33563.1042747948,3384.448127605984,1201204.7853478477,3.32,2.79,0.28,9.853911946982997,8.293623685045416,0.8363153456279102,296.82416670356434
060375362012,8974.502556458361,8624.065624293815,1030.8943389237422,318242.91156930366,2.82,2.71,0.32,2.217647877691694,2.1310530258889906,0.25473953887209255,78.63953606255414
060375362021,4746.248044684809,9600.30111638405,5322.816042724538,285274.5721271617,1.66,3.37,1.87,1.1728234336196275,2.372286069563734,1.3152964887169944,70.49288196836467
060375362022,19724.33519205576,21309.898301730635,3125.9978311705754,327572.62917588017,6.02,6.51,0.95,4.873989371819173,5.265790548875647,0.7724508865369365,80.94495949070816
060375362023,24907.652359050488,30770.120176716347,3160.004683808341,311716.31136089744,7.99,9.87,1.01,6.154814937634711,7.603462284058014,0.7808541628304893,77.02677802837225
060375400001,35018.131788249906,30246.57873201869,5362.963725808823,255802.97463929173,13.69,11.82,2.1,8.653168813802962,7.474092375652129,1.3252171972605595,63.2102916286778
060375400002,20092.264409636955,25957.65617090863,0.0,680251.8362408944,2.95,3.82,0.0,4.964906661482489,6.414276530105895,0.0,168.0938894880459
060375400003,23796.72721693315,17201.634399264385,2502.182180047985,528171.6908353366,4.51,3.26,0.47,5.880299356610342,4.2506164300889395,0.6183026821011007,130.51406714402356
060375401011,58411.8788142497,58158.1869795817,21697.996685541508,220988.9375784479,26.43,26.32,9.82,14.433889596609005,14.371200979028263,5.361691748054024,54.60755572034596
060375401012,21835.82676153076,18301.524168421747,751.1998763180923,263702.79516344937,8.28,6.94,0.28,5.395750301558996,4.522405111068402,0.1856255319956696,65.16237979282192
060375401013,0.0,46633.9831826409,46633.9831826409,424089.01180210634,0.0,11.0,11.0,0.0,11.523508203679853,11.523508203679853,104.79467703739267
060375401014,6533.118142867859,2519.576550937318,0.0,343729.6026975065,1.9,0.73,0.0,1.6143686508634212,0.6226009247550908,0.0,84.93743459612452
060375401021,28638.446429716787,28167.462432938795,28167.462432938795,291737.29751734104,9.82,9.66,9.66,7.076714229642146,6.9603315494533895,6.9603315494533895,72.08985619122247
060375401022,0.0,0.0,0.0,273850.8462422409,0.0,0.0,0.0,0.0,0.0,0.0,67.67001782579499
060375401023,20847.47990210208,19966.139311501276,487.70111546460186,383858.00449063437,5.43,5.2,0.13,5.1515244738379975,4.9337404709950885,0.12051357017884248,94.85337862888306
060375401024,4753.29942139617,18371.818748880138,0.0,301123.83238021703,1.58,6.1,0.0,1.174565866751757,4.539775280187647,0.0,74.40931946916828
060375402011,49345.37734863312,45497.59510402771,11630.079663550043,127095.60291293837,38.83,35.8,9.15,12.193508293375206,11.2427005940194,2.873855271755055,31.406007440601005
060375402012,27223.28705775422,24022.802434614336,0.0,133677.58074913343,20.36,17.97,0.0,6.727020733196501,5.936163759515724,0.0,33.03244958462241
060375402021,21577.77072015541,19600.230126192026,654.5698400574581,121402.83920935019,17.77,16.14,0.54,5.331983265015034,4.843322342176907,0.1617477300242996,29.999294894023414
060375402022,28183.61639205661,16774.41160863965,4224.1432150451,125204.05954797882,22.51,13.4,3.37,6.964323279683403,4.145047379440147,1.0438085205256578,30.93859689584099
060375402023,35903.761630010165,34136.281316317494,3285.5827140473402,216256.78209415215,16.6,15.79,1.52,8.872012713689836,8.435258816539102,0.8118851698965924,53.43821463423711
060375402024,9719.262958655938,60086.85290036117,43484.15970220558,294128.87300842075,3.3,20.43,14.78,2.4016821809783653,14.847784707105196,10.745169870992648,72.68082736525324
060375402031,0.0,5324.993583391459,0.0,590814.6669009334,0.0,0.9,0.0,0.0,1.315834570734154,0.0,145.99348364095135
060375402032,44044.93977942434,38112.163919793085,6113.716894520781,174845.28244779963,25.19,21.8,3.5,10.883741645892977,9.417720803939606,1.510732345402811,43.2052102169978
060375402033,16438.83976622771,27823.645834367442,1620.9512219954463,135543.29846657513,12.13,20.53,1.2,4.0621257713113055,6.875372617708672,0.40054577005085257,33.49347847290089
060375403001,0.0,16059.426719613057,0.0,460906.23343048384,0.0,3.48,0.0,0.0,3.968370765693972,0.0,113.89241063243406
060375403002,6006.514207170566,6449.6650892478665,1301.9630487323147,392387.9671031221,1.53,1.64,0.33,1.4842419844508308,1.593746952214053,0.3217220758131522,96.96117829414251
060375403003,165358.20614217347,173739.14037137965,119038.89742616576,475138.22481898207,34.8,36.57,25.05,40.86090260748794,42.93187655724715,29.415152157923455,117.40921229352632
060375403004,38124.195357547746,35816.79323281761,17802.770932745094,203512.04571114917,18.73,17.6,8.75,9.42069383695557,8.850522354725982,4.399160502508539,50.2889216886167
060375404001,0.0,2312.9461982274424,0.0,140320.22733526237,0.0,1.65,0.0,0.0,0.571541452626022,0.0,34.67388330323937
060375404002,901.4144654304388,5375.140938652039,0.0,199301.8211369179,0.45,2.7,0.0,0.2227443653402095,1.3282262520853891,0.0,49.24855253913885
060375405011,4173.646447332258,2989.1115496664324,0.0,258534.66517005593,1.61,1.16,0.0,1.031330497477117,0.7386255497282335,0.0,63.88530705933253
060375405012,555.5679545310949,35973.79291998768,0.0,815497.9347405531,0.07,4.41,0.0,0.13728383133533897,8.889317822314368,0.0,201.51392824974988
060375405013,0.0,0.0,0.0,172988.586606973,0.0,0.0,0.0,0.0,0.0,0.0,42.74641068298183
060375405014,15554.066698191404,12288.933396834338,0.0,205695.08848769817,7.56,5.97,0.0,3.8434935848223195,3.036661574849337,0.0,50.82836330667499
060375405021,649.8510689225326,294.5144908458431,0.0,249801.49833127842,0.26,0.12,0.0,0.16058169628294758,0.07277611560807004,0.0,61.727294536220015
060375405022,0.0,0.0,0.0,128773.6999464972,0.0,0.0,0.0,0.0,0.0,0.0,31.82067424821748
060375405023,29103.868098812094,21511.661582744335,1369.9597077628223,222516.24472489418,13.08,9.67,0.62,7.191722428727027,5.3156473413966046,0.3385244161813785,54.98496153538609
060375406001,0.0,483.4516240869136,0.0,503117.0036987327,0.0,0.1,0.0,0.0,0.1194634979909174,0.0,124.32291912159258
060375406002,58245.47047896005,61992.737102456085,29306.017767002064,434032.8607584102,13.42,14.28,6.75,14.392769201437941,15.318738949896105,7.24167469959857,107.251855626992
060375407001,2270.1926233502863,29936.54362033501,0.0,719540.9364403365,0.32,4.16,0.0,0.5609768141969173,7.397481031111318,0.0,177.80243758033072
060375407002,14365.79130274921,16922.232937564288,2184.6600786090544,435399.661367868,3.3,3.89,0.5,3.5498643399435297,4.181574825313053,0.5398412621007778,107.58959941298164
060375408001,531.2015421659657,0.0,0.0,221142.03952195047,0.24,0.0,0.0,0.13126275971286747,0.0,0.0,54.645388034498524
060375408002,1107.4410815936533,1107.4403868995093,0.0,234866.36953105728,0.47,0.47,0.0,0.2736546509196099,0.2736544792569484,0.0,58.036743836780126
060375408003,0.0,568.4272969591659,0.0,237021.22563974967,0.0,0.24,0.0,0.0,0.14046144405144437,0.0,58.56922037752541
060375408004,13085.520842740882,56144.58722044007,7395.0798478096185,745780.9552497069,1.75,7.53,0.99,3.2335026195420284,13.87362964242338,1.8273640267731428,184.28648743792579
060375408005,44358.319655075014,42871.52889488021,23493.633872926468,556283.454950179,7.97,7.71,4.22,10.96117949960977,10.593785501649975,5.805403360219412,137.46063533933665
060375409011,23647.076003841943,16993.03318322439,745.9159709410054,297196.4383466482,7.96,5.72,0.25,5.843319736512415,4.199069947024862,0.18431985054182815,73.43883926833138
060375409012,5433.994572002912,11266.362611558827,1198.6903127718956,300397.9496061143,1.81,3.75,0.4,1.3427693016052853,2.783978830876653,0.296202826998495,74.22994992937318
060375409013,5184.73409807025,9089.753641222012,4408.505076708423,566154.4297244707,0.92,1.61,0.78,1.2811756971094685,2.2461270409567207,1.0893653286799698,139.89980632639077
060375409021,18565.07564792472,8184.572835133333,1055.4941989511117,324475.63486510917,5.72,2.52,0.33,4.5875300999472195,2.0224519925714213,0.26081829666819456,80.17967553014346
060375409022,12862.579256166078,25173.127699532764,2474.76033130386,531928.9840021932,2.42,4.73,0.47,3.1784125537465666,6.22041532291471,0.6115265957066488,131.44251450530365
060375409023,3873.1445304798667,12860.447770965464,0.0,433822.29756448226,0.89,2.96,0.0,0.9570748566816925,3.177885852282977,0.0,107.1998243286335
060375409024,2542.6177937075045,43431.81629148682,1102.4990998195678,1225953.126261999,0.21,3.54,0.09,0.6282945398392952,10.732235532519697,0.2724334606281207,302.93961492583514
060375410031,41301.34730541412,135665.73641463456,8000.689370948779,3271178.6677647233,1.26,4.15,0.24,10.205785181012237,33.52373354876217,1.977013399008593,808.3258525452557
060375410032,105585.05303216481,365468.4452256351,26966.835466466302,2777426.9358612243,3.8,13.16,0.97,26.090634806743967,90.30921957169238,6.663650164903439,686.317142483168
060375411001,5792.719947000858,56584.671864936405,1743.8881550360418,622469.65955249,0.93,9.09,0.28,1.431412272236105,13.982376926379487,0.43092414778625227,153.81560267545458
060375411002,10825.97351655671,9780.384697811642,3269.6922711281873,254511.27954930224,4.25,3.84,1.28,2.6751563155621754,2.4167856916483723,0.8079585559373729,62.891106820726684
060375411003,9547.507857426284,12415.586390375249,3503.640051107673,367477.6206028942,2.6,3.38,0.95,2.3592405711700803,3.0679582111322223,0.8657683113526002,90.80569761972443
060375412001,3039.6028881865714,3039.6040994989844,1487.916096948341,224030.44329617656,1.36,1.36,0.66,0.7511022311940402,0.7511025305158561,0.36767207472755553,55.35912815095986
060375412002,0.0,0.0,0.0,189294.67344063427,0.0,0.0,0.0,0.0,0.0,0.0,46.77573249025042
060375412003,9861.744284211698,10821.409072644874,1329.6678726636706,713151.3469868883,1.38,1.52,0.19,2.436890083281769,2.6740284169081554,0.32856808689919054,176.22353564101783
060375412004,23063.20796571486,68942.01738327651,5939.643737598245,992176.5056163099,2.32,6.95,0.6,5.699042802224537,17.035943504610486,1.467717931558274,245.17215390307737
060375413001,7598.59862706327,11984.982319943187,0.0,821458.6248511176,0.93,1.46,0.0,1.8776546123563482,2.961553628046793,0.0,202.98684685332847
060375413002,3431.2191599381217,8094.382275307861,892.9310226685659,252246.92414515358,1.36,3.21,0.35,0.8478727194139561,2.000165419881011,0.22064806098038203,62.33157241480729
060375413003,6032.581620468642,5414.526140981983,0.0,282006.6098815046,2.14,1.92,0.0,1.4906833825577142,1.3379585475312916,0.0,69.68535091103128
060375414011,18846.697615792946,11115.226880551258,0.0,371296.0015312361,5.08,2.99,0.0,4.6571204037468314,2.7466323784127087,0.0,91.7492400956093
060375414012,0.0,0.0,0.0,202581.94998766202,0.0,0.0,0.0,0.0,0.0,0.0,50.05909003006344
060375414021,0.0,417.3440751054469,0.0,101491.60140645754,0.0,0.41,0.0,0.0,0.10312796688199276,0.0,25.079120881256184
060375414022,458.42111835048445,458.4189163472254,0.0,115924.85914196356,0.4,0.4,0.0,0.113278325322601,0.11327778119574568,0.0,28.645656539802314
060375414023,411.76919739337063,0.0,0.0,128569.76690825811,0.32,0.0,0.0,0.10175038459831735,0.0,0.0,31.77028129700965
060375415001,1755.2266684799251,10606.364042691364,0.0,254733.58416964576,0.69,4.16,0.0,0.4337259554760736,2.6208896327488755,0.0,62.946039488738585
060375415002,12638.29017891064,11253.103511311823,0.0,273014.0923800968,4.63,4.12,0.0,3.122989515752443,2.7807024358522057,0.0,67.46325144349574
060375415003,1213.625151718088,4508.479146971004,304.5337730890681,314556.23520983965,0.39,1.43,0.1,0.29989330607344455,1.1140694594490301,0.07525193416880935,77.72853849440281
060375416031,19402.04930962182,78687.04656886276,0.0,933876.5636447609,2.08,8.43,0.0,4.794350795898851,19.443992658923435,0.0,230.76592450268413
060375416032,8096.365720725625,13053.496636535245,1342.4094635125916,322630.1087547893,2.51,4.05,0.42,2.0006555399175863,3.225589265851401,0.3317166025664117,79.72363609664524
060375416041,36225.64968156,59272.21080358466,6669.07351385623,352686.61275551526,10.27,16.81,1.89,8.951552983457779,14.646482261022026,1.6479639546740126,87.15075998331402
060375416042,75242.09705120286,86986.72454775221,15762.695413562058,294823.54789526213,25.52,29.5,5.35,18.59272709422696,21.494887751951545,3.89504686311899,72.85248526816184
060375416043,6088.171870334685,9127.880952394755,905.183914933099,182438.12130047617,3.34,5.0,0.5,1.5044200324567178,2.2555485047283783,0.22367581659748556,45.081441558107144
060375416051,44093.96041424784,64135.142046274064,2477.2827129417306,318592.1928658382,13.84,20.13,0.78,10.8958549085608,15.848138740795386,0.6121498897834806,78.72584535057365
060375416052,13606.248276595166,27270.635968494164,423.1538004180534,313860.67427054164,4.34,8.69,0.13,3.3621771707250097,6.73872090384695,0.10456358127158383,77.55666164316392
060375416053,7814.943385066066,15088.587982428584,0.0,240327.9306090357,3.25,6.28,0.0,1.9311145663110507,3.7284712891989016,0.0,59.38632497036021
060375416061,2403.770323434602,12635.723063609166,1412.2390975231824,164641.05608972063,1.46,7.67,0.86,0.5939845827317587,3.122355167746602,0.3489718809163113,40.68369097020738
060375416062,3065.0821042435837,11245.67885187565,0.0,177864.00667910196,1.72,6.32,0.0,0.7573982825972926,2.7788677625499663,0.0,43.95115321971793
060375417001,11791.112142117774,3897.4305350902637,757.2229337211943,262039.65819188117,4.5,1.49,0.29,2.9136472638001374,0.963076059115258,0.18711386189286178,64.75140969703041
060375417002,21155.2454494989,21353.601886213928,3810.2572685828327,194393.86569038982,10.88,10.98,1.96,5.227574996829939,5.276589939790874,0.9415350758412003,48.03577033630068
060375417003,27992.306652826337,27751.841725996008,1985.7151588919457,204221.74874932965,13.71,13.59,0.97,6.917049613592522,6.857629436118639,0.49068090182312707,50.4642931285947
060375417004,0.0,2029.5215651159676,0.0,437139.36376844853,0.0,0.46,0.0,0.0,0.5015057005438196,0.0,108.01948923831642
060375417005,0.0,0.0,0.0,304567.47334211203,0.0,0.0,0.0,0.0,0.0,0.0,75.2602616826933
060375418011,4853.956031251929,5656.753783124086,0.0,236169.67633592003,2.06,2.4,0.0,1.1994386567273558,1.397814301444708,0.0,58.358797961964484
060375418012,30942.98349902055,9964.701951185505,648.3518583940322,299187.5813352046,10.34,3.33,0.22,7.6461777412576755,2.4623314768543008,0.1602112332934029,73.93086141607428
060375418013,0.0,0.0,0.0,179573.87810898162,0.0,0.0,0.0,0.0,0.0,0.0,44.37367165165815
060375418021,16724.94495660188,15360.547255962612,0.0,369307.92842463485,4.53,4.16,0.0,4.13282390351845,3.795673889229061,0.0,91.25797653221798
060375418022,18175.31891167314,4491.13536074998,0.0,277932.7539051722,6.54,1.62,0.0,4.491219112956376,1.109783716538799,0.0,68.67867917595737
060375418023,630.390681142759,0.0,0.0,462872.8637202237,0.14,0.0,0.0,0.15577292973712767,0.0,0.0,114.37837556038511
060375420001,1823.398279824436,12723.889256875951,0.0,312580.97796259064,0.58,4.07,0.0,0.45057152750259033,3.1441415085662987,0.0,77.24044179882556
060375420002,12385.992656958311,16477.54846455744,0.0,323527.5426351291,3.83,5.09,0.0,3.060645440347192,4.07169089897817,0.0,79.94539683798818
060375420003,18246.648949246806,21432.09747174157,4863.49673119519,337909.49292105297,5.4,6.34,1.44,4.5088451491010835,5.29598662139617,1.201796215026299,83.4992541496332
060375421031,3395.84906152868,2780.201129005829,0.0,217653.021841613,1.56,1.28,0.0,0.8391325777539599,0.6870026605384291,0.0,53.783232989653044
060375421032,11484.165851624402,13264.033100986202,914.01238675835,162733.26681611495,7.06,8.15,0.56,2.837799183597842,3.2776139592123035,0.22585737949563633,40.21226597399408
060375421033,18643.019715842158,14764.484826031921,0.0,190958.5116957674,9.76,7.73,0.0,4.60679049858306,3.648383655102792,0.0,47.18687587698476
060375421041,10029.779227225901,10247.631068288718,1118.630903879638,295211.60689753137,3.4,3.47,0.38,2.478412421975107,2.532244784264259,0.2764197162241379,72.94837673594934
060375421042,17831.63995213437,13798.662472892898,544.2342472563925,285394.330558736,6.25,4.83,0.19,4.40629419255731,3.4097237541008587,0.13448321127578644,70.52247492128274
060375421051,8922.779844858043,12783.957288587962,0.0,256821.94054339267,3.47,4.98,0.0,2.2048669173111812,3.158984642456477,0.0,63.4620835871127
060375421052,4011.236795271879,5618.650924417682,1767.2576721504033,182354.34995306615,2.2,3.08,0.97,0.9911981984507875,1.3883988800090725,0.4366988812275,45.06074120734937
060375421053,17300.412988146807,5227.249287705483,0.0,184302.40034252012,9.39,2.84,0.0,4.275025150975519,1.2916814292624317,0.0,45.542114941952654
060375421061,37564.85328977604,45686.81523793111,362.4453446437964,201465.88025482884,18.65,22.68,0.18,9.282477401928208,11.289457907388869,0.08956219514920351,49.78330319298773
060375421062,36873.80687320288,41005.34287541342,14474.68033143171,416412.11256967456,8.86,9.85,3.48,9.11171611354938,10.132640893420945,3.576771404913708,102.89767392407762
060375421063,0.0,0.0,0.0,256244.2861797143,0.0,0.0,0.0,0.0,0.0,0.0,63.31934208521979
060375422001,16807.670538221108,26068.60033199106,2248.4694701722183,251789.07470614024,6.68,10.35,0.89,4.153265839921563,6.441691429351724,0.5556089061441811,62.218435354525376
060375422002,3168.739864198715,8587.29636456711,677.8562778247879,216553.8680739608,1.46,3.97,0.31,0.7830126729130372,2.1219671439379577,0.167501934111807,53.51162617860628
060375422003,0.0,561.2931613166753,0.0,158752.6769273169,0.0,0.35,0.0,0.0,0.1386985607420682,0.0,39.228640791058304
060375422004,15935.263969395819,21153.181736476516,6535.322450921652,207392.78175440783,7.68,10.2,3.15,3.937689481937529,5.227065042236304,1.6149133472459245,51.24787244895951
060375422005,10099.081478152137,25773.7630441797,5454.03565311442,551239.226978469,1.83,4.68,0.99,2.4955373811267676,6.368835548876353,1.347721560598359,136.21417946217994
060375424011,48388.93920118037,52311.444018796916,803.8769118057305,295146.04524454137,16.39,17.72,0.27,11.957167280099146,12.926439329363076,0.19864231094440185,72.93217609867763
060375424012,19922.05415556749,36801.519547953714,1339.3667768979653,318798.2972730358,6.25,11.54,0.42,4.922846791721031,9.093853526468445,0.33096473832981943,78.77677485873629
060375424013,2631.407548582505,43794.201207657745,1648.3938268099826,324793.45972542674,0.81,13.48,0.51,0.6502349660880583,10.82178279546806,0.4073269853820012,80.25821176349197
060375424014,19108.401351500885,37562.105864175515,4108.9284576235,354627.5749492307,5.39,10.59,1.16,4.721788805190323,9.281798498277139,1.0153383339423463,87.63038218660542
060375424021,25481.851298165933,38088.65347945538,3222.837829771581,461857.4785541286,5.52,8.25,0.7,6.296702585522875,9.411911247611496,0.7963805713325177,114.12746842158109
060375424022,7120.873132035154,10078.923856627816,1286.5044322522037,465963.1358444207,1.53,2.16,0.28,1.7596060716708353,2.4905563243705298,0.31790216849087977,115.14199843247216
060375424023,11488.637610055408,13060.940446940524,0.0,736378.9300522526,1.56,1.77,0.0,2.8389041791707643,3.227428671461167,0.0,181.96319641494495
060375425011,8393.756968824,11397.478687463428,0.0,360870.61229335883,2.33,3.16,0.0,2.074142517723932,2.8163783188295373,0.0,89.17307031103996
060375425012,0.0,0.0,0.0,224340.58086171432,0.0,0.0,0.0,0.0,0.0,0.0,55.43576481239937
060375425021,6358.098103097236,18067.955874028525,0.0,311141.3606990948,2.04,5.81,0.0,1.5711202571715028,4.464689128583729,0.0,76.8847046257627
060375425022,3193.632925266364,20908.19375790286,0.0,326831.20803724887,0.98,6.4,0.0,0.789163882264044,5.166527194335991,0.0,80.76175033741886
060375425023,70961.0207401733,82359.60186450413,44043.08434349648,356945.3889098469,19.88,23.07,12.34,17.534850099299955,20.351500836212153,10.883283157690235,88.20312648951341
060375426011,5940.847937788422,15894.077674167811,2094.0036999150343,268216.2172575495,2.21,5.93,0.78,1.4680154959056306,3.9275121267439927,0.5174395830611601,66.27767068110687
060375426012,7302.13026796001,12621.940670350798,3101.893663035825,281754.25486060855,2.59,4.48,1.1,1.8043956853871925,3.1189494642029625,0.7664946168750503,69.62299262732759
060375426021,90317.27580916286,88547.35342882072,66682.92147873962,384692.9796335504,23.48,23.02,17.33,22.317884891898373,21.880527546936655,16.477708749348988,95.05970548008894
060375426022,17514.64592459915,17968.914808028865,0.0,284753.8088260454,6.15,6.31,0.0,4.327963262460406,4.440215548188968,0.0,70.36419855418822
060375426023,9935.349331794063,15370.652138420772,0.0,201177.30565894212,4.94,7.64,0.0,2.455078286642518,3.7981708600635655,0.0,49.71199485738941
060375427001,22634.879898145773,39806.09264300852,3833.7518540319456,298491.1243647543,7.58,13.34,1.28,5.593200631694784,9.836299707267942,0.9473407143410163,73.7587631507157
060375427002,4398.461394693747,4554.476659739684,0.0,352680.3324820906,1.25,1.29,0.0,1.0868834808043983,1.1254356923882756,0.0,87.1492080939537
060375427003,16181.570379815636,26968.843584194587,0.0,345394.05030979,4.68,7.81,0.0,3.998553121442126,6.664146381600718,0.0,85.34872855828995
060375428001,37774.16493462539,37774.15899511877,37774.15899511877,355888.9853653519,10.61,10.61,10.61,9.334199435774227,9.334197968090178,9.334197968090178,87.9420834886677
060375428002,4895.309875932317,2245.361795106397,0.0,435224.6686093714,1.12,0.52,0.0,1.209657414292237,0.5548409829115654,0.0,107.54635776063934
060375429001,5317.171783212333,15063.126703918779,0.0,290137.0784965161,1.83,5.19,0.0,1.3139017618171314,3.7221796702600947,0.0,71.6944334596505
060375429002,2363.5406925892908,3285.2653089758796,0.0,517014.4938352883,0.46,0.64,0.0,0.5840436244554449,0.8118067373953295,0.0,127.7570637232223
060375430001,2020.772312499498,5775.3562005185195,0.0,559931.5542770409,0.36,1.03,0.0,0.49934371313847425,1.4271215970378874,0.0,138.362100315131
060375430002,949.2243168745675,8201.828210983393,0.0,276770.06863278965,0.34,2.96,0.0,0.23455843691919942,2.0267158888032095,0.0,68.39137338819901
060375430003,0.0,10456.222119182155,485.98245471108595,475450.63645521406,0.0,2.2,0.1,0.0,2.5837887554659185,0.1200888798577323,117.48641089007221
060375431001,0.0,2662.622971894283,0.0,267980.3875901252,0.0,0.99,0.0,0.0,0.6579484651731743,0.0,66.21939590117671
060375431002,8224.245361361613,11456.949827737371,0.0,425437.13622348965,1.93,2.69,0.0,2.032255287298826,2.831073957633217,0.0,105.12780583680379
060375431003,11140.854227819384,11140.853021726472,0.0,215840.59949491563,5.16,5.16,0.0,2.7529650338353906,2.752964735803342,0.0,53.33537367429278
060375431004,0.0,0.0,0.0,385005.47318846924,0.0,0.0,0.0,0.0,0.0,0.0,95.1369243191832
060375431005,17946.149647222708,45701.93314556145,2389.276530448855,1598647.6861641433,1.12,2.86,0.15,4.434590154443802,11.29319362372085,0.5904030884871095,395.0344463211918
060375432011,3642.371270915061,6900.865434209056,0.0,313270.73301212443,1.16,2.2,0.0,0.90004954234451,1.7052409855738042,0.0,77.41088398345951
060375432012,13859.002117058826,18627.756258039433,2290.2102133906733,697149.3157966665,1.99,2.67,0.33,3.424634004890073,4.60301881602021,0.5659232684199005,172.2693476195086
060375432031,3869.0933711983507,10931.420440573314,0.0,227432.31220553158,1.7,4.81,0.0,0.9560737934220491,2.7012128179458372,0.0,56.199748265507324
060375432032,2325.0699646959492,3039.7927595639358,0.0,179944.59486293103,1.29,1.69,0.0,0.5745373005640412,0.7511491494331736,0.0,44.46527775655909
060375432033,4175.056589883966,5715.876634861155,0.0,191880.32836282908,2.18,2.98,0.0,1.0316789512902798,1.412423876276623,0.0,47.414661736141824
060375432034,244320.87690843956,356782.211685798,221594.02663557243,3105485.6306000464,7.87,11.49,7.14,60.373003488852305,88.16280451931806,54.75707648262832,767.3822113902249
060375433041,0.0,0.0,0.0,240349.88126756085,0.0,0.0,0.0,0.0,0.0,0.0,59.39174909620852
060375433042,2940.798780833392,2940.7992605421196,2940.7992605421196,624241.5823492429,0.47,0.47,0.47,0.72668720455601,0.7266873230946181,0.7266873230946181,154.25345433407657
060375433043,0.0,0.0,0.0,380767.97833266616,0.0,0.0,0.0,0.0,0.0,0.0,94.08981653637481
060375433044,15802.613251887644,2057.7268823502495,0.0,364778.07114972605,4.33,0.56,0.0,3.9049107757857784,0.5084753862183993,0.0,90.13862442230983
060375433051,40334.061670311,136442.55489149882,0.0,8386615.918886532,0.48,1.63,0.0,9.96676369516237,33.71568957481846,0.0,2072.377925855058
060375433061,33195.59765138349,41296.54876317427,0.0,644934.3047698771,5.15,6.4,0.0,8.202810820675655,10.204599435401573,0.0,159.36673740142155
060375433062,59540.1392624364,57091.98356193095,2043.22499667675,1511329.6173782903,3.94,3.78,0.14,14.712688825052496,14.10773637678808,0.5048918922270559,373.45768162488747
060375433063,26529.79652954531,37533.3776373278,0.0,1414530.4011763104,1.88,2.65,0.0,6.555655491679573,9.274699598823059,0.0,349.5380743795746
060375433211,27018.061417110028,133788.41469275404,25487.11074839755,3125373.5614562305,0.86,4.28,0.82,6.676308372978275,33.0598372485403,6.298002223978666,772.2966261310349
060375433212,18148.403482147263,50599.57979283791,14343.791281710775,708577.2225674869,2.56,7.14,2.02,4.484568165476031,12.503428466787483,3.5444280163525415,175.09324488148337
060375433213,7045.786261059975,6879.761342037853,4502.49055985887,418396.95878804475,1.68,1.64,1.08,1.7410517017753377,1.700026050827321,1.1125896473462369,103.38814010602165
060375433221,0.0,0.0,0.0,435062.66745531256,0.0,0.0,0.0,0.0,0.0,0.0,107.5063264036675
060375433222,0.0,0.0,0.0,246094.96518944,0.0,0.0,0.0,0.0,0.0,0.0,60.81139025028534
060375433223,18037.703723362534,17494.49536714753,17494.49536714753,583193.3098071145,3.09,3.0,3.0,4.457213659353208,4.322983951274547,4.322983951274547,144.11020528898578
060375433224,0.0,0.0,0.0,306130.23999607365,0.0,0.0,0.0,0.0,0.0,0.0,75.64642973286465
060375433225,0.0,0.0,0.0,393596.0458070889,0.0,0.0,0.0,0.0,0.0,0.0,97.25970104312859
060375434001,0.0,7888.859674507987,0.0,241341.971684572,0.0,3.27,0.0,0.0,1.9493796792102338,0.0,59.63689997715398
060375434002,13956.869314191921,13956.879371099163,12294.08755009663,363661.8684530565,3.84,3.84,3.38,3.448817515970769,3.4488200010866694,3.037935193857356,89.86280472915462
060375434003,51451.03980181014,227070.8295204461,24991.713455945173,2502711.9892314347,2.06,9.07,1.0,12.7138288171086,56.1104239487155,6.175586887049421,618.4336008014818
060375435011,193828.45377905387,243390.85486225932,3595.9413638542037,1563960.3320864243,12.39,15.56,0.23,47.89605401026393,60.143190036358064,0.8885764624487518,386.46301445973046
060375435012,19241.211941960402,40379.597988671725,10919.180973029179,352577.3937694471,5.46,11.45,3.1,4.754607016808702,9.978015964481509,2.698188379649389,87.12377138409819
060375435013,9714.770926249214,27025.83705868329,0.0,407925.48782017163,2.38,6.63,0.0,2.400572175596939,6.678229775855388,0.0,100.80058327798302
060375435014,23132.14859689556,24703.40044371053,18429.590203795735,342582.28463543067,6.75,7.21,5.38,5.71607840319103,6.1043431901792315,4.554050917592479,84.65392612873111
060375435021,112370.16110707857,39695.27113637449,28182.117417234305,446050.1577161294,25.19,8.9,6.32,27.767271525891477,9.808915116596376,6.963952874938127,110.22139437593341
060375435022,12304.305406144173,8137.218392788056,804.47263262594,161048.50287596963,7.64,5.05,0.5,3.0404600810737605,2.0107504550315265,0.19878951676492768,39.79595173788235
060375435023,506.5054146127226,0.0,0.0,514542.92614160036,0.1,0.0,0.0,0.12516021369306154,0.0,0.0,127.14632604545163
060375435031,54983.85447916598,50423.50254866841,36628.9143743439,447817.72225314187,12.28,11.26,8.18,13.586806335609417,12.45991883219929,9.051201859200384,110.65816908511971
060375435032,27763.35058789975,28651.775710014495,7895.140606086994,354897.81254063983,7.82,8.07,2.22,6.8604733378296165,7.080007966534794,1.9509317312040335,87.69715934971734
060375435033,83051.95179632858,36488.2358063192,5555.4510330864405,872934.0572303543,9.51,4.18,0.64,20.5225842302244,9.016439427984388,1.3727818467529826,215.70670320758703
060375436011,0.0,0.0,0.0,309112.40086120716,0.0,0.0,0.0,0.0,0.0,0.0,76.38333773103992
060375436012,37097.41756999339,44507.60406175872,0.0,340688.5279234071,10.89,13.06,0.0,9.166971520079938,10.998068479870446,0.0,84.18596865400052
060375436031,53538.601260563606,20227.613621736244,0.0,742583.6201256954,7.21,2.72,0.0,13.229676487710028,4.998352180169564,0.0,183.49640872242855
060375436032,61306.557205184436,63856.91306122542,43906.7120549987,735571.098560956,8.33,8.68,5.97,15.149180204625694,15.779386861309721,10.84958483131944,181.7635769061269
060375436051,9146.074306623806,14035.195324268974,4734.817001519519,574417.5170714422,1.59,2.44,0.82,2.2600441804653153,3.4681722945696603,1.1699987613377008,141.9416596773607
060375436052,62889.99413323836,62380.23890696388,45514.01514523606,381978.6852053722,16.46,16.33,11.92,15.540455990761656,15.414492731118218,11.246758074565896,94.38898871999977
060375436061,32301.10798309378,31799.582941787296,0.0,247733.73005641028,13.04,12.84,0.0,7.981777609974488,7.857848073327113,0.0,61.21633786787302
060375436062,10645.250955363696,5732.6273918331735,1451.5640414407105,422235.2828634493,2.52,1.36,0.34,2.630498798138852,1.4165630784680574,0.35868928618422696,104.3366106408691
060375436071,40631.725010291906,41251.72772697536,34269.157357881595,292801.3494462365,13.88,14.09,11.7,10.040317908337144,10.193523916153888,8.468093201477647,72.35278914901305
060375436072,1822.6767171332613,2999.1012451605875,1822.678666821213,478025.6529815846,0.38,0.63,0.38,0.4503932254785351,0.7410940572440575,0.4503937072569202,118.12271133110526
060375436073,14160.409536671568,38475.87525193965,0.0,553834.8216551827,2.56,6.95,0.0,3.499113400290514,9.507595831413614,0.0,136.85556487490342
060375437011,3040.643999205045,3040.6423157596505,0.0,227826.64797499677,1.33,1.33,0.0,0.7513594953294098,0.7513590793409934,0.0,56.29719075624717
060375437012,0.0,0.0,0.0,407637.06964051095,0.0,0.0,0.0,0.0,0.0,0.0,100.7293135936759
060375437031,100700.84894405455,107052.17001806063,94278.72023266241,408500.7947817676,24.65,26.21,23.08,24.883721692387994,26.453167309200712,23.296779127328204,100.9427447241889
060375437032,24260.824090529055,16654.358210337392,14066.262180112562,628810.8635619483,3.86,2.65,2.24,5.994980191597977,4.115381538656238,3.4758490818338754,155.38254831117288
060375437041,6794.3236503711505,6794.32208513832,5224.467985061677,185644.18614331234,3.66,3.66,2.81,1.6789139374363464,1.6789135506588908,1.2909941544116583,45.87367743410464
060375437042,11030.817265232528,11966.7237877872,2272.6919335178845,275740.72455921426,4.0,4.34,0.82,2.7257743082198775,2.9570418464933574,0.5615944071892864,68.1370169282372
060375437043,0.0,0.0,0.0,207903.41251598805,0.0,0.0,0.0,0.0,0.0,0.0,51.374052058088665
060375437051,0.0,4739.976494176259,0.0,253437.73455170938,0.0,1.87,0.0,0.0,1.1712736997388213,0.0,62.625828074574336
060375437052,23416.54035735572,23416.55283952413,23416.55283952413,392741.8996404833,5.96,5.96,5.96,5.786353137645657,5.786356222056644,5.786356222056644,97.04863692880079
060375438011,17738.97580828447,610818.3605463741,0.0,1724232.0686043617,1.03,35.43,0.0,4.3833963839429515,150.9365039899603,0.0,426.0670230504004
060375438012,3688.6586156573667,8308.25571857005,255.41887327135046,242586.18606194673,1.52,3.42,0.11,0.9114873943241596,2.05301469866401,0.06311537811363062,59.94435204550209
060375438013,14311.283110869883,15790.923175313152,2659.218134375973,237021.1350090865,6.04,6.66,1.12,3.536395072396103,3.902022094954458,0.6571071114993785,58.56919798220081
060375438031,27201.292313845715,49948.56200580767,0.0,339004.29195297876,8.02,14.73,0.0,6.7215857136127175,12.342558468181464,0.0,83.7697848820471
060375438032,36614.52636283216,39062.720929964074,18907.548005073062,416653.42585284106,8.79,9.38,4.54,9.047646504127224,9.652608556544196,4.6721568624023195,102.95730373496758
060375438041,38296.473896551695,59677.96099491744,31085.567799242657,283243.5358671389,13.52,21.07,10.97,9.463264791054746,14.746745316831689,7.681411089155288,69.99100197855807
060375438042,17466.31637444203,19588.23143878081,4594.820165243309,317018.307559498,5.51,6.18,1.45,4.3160207705326945,4.840357401947053,1.1354047897054715,78.3369298215649
060375439031,113565.47679560528,181165.17306692718,12742.527921051113,883043.5856065559,12.86,20.52,1.44,28.062640465078555,44.766889199268064,3.1487472227873403,218.20482207344148
060375439032,6504.560203772456,9797.641321046696,4449.756084985712,473453.71497951116,1.37,2.07,0.94,1.6073118304293352,2.4210498961157056,1.0995586748162345,116.99296084705867
060375439051,33879.088245300794,54393.393835948664,5719.858562849049,2246927.113334903,1.51,2.42,0.25,8.37170502461481,13.440900333125853,1.4134078321110464,555.2277814695378
060375439052,0.0,5098.003473220812,0.0,188481.95586578033,0.0,2.7,0.0,0.0,1.2597440929711625,0.0,46.57490560389107
060375439053,9105.079219315647,11221.21822070127,1535.794421554164,308535.00152260845,2.95,3.64,0.5,2.2499140737777528,2.7728234089526937,0.37950306639328624,76.2406592472166
060375440011,2057.152580045556,11778.887538519084,2057.147308110103,1122417.9309260098,0.18,1.05,0.18,0.5083334730283205,2.910626498464598,0.5083321703046993,277.3555109870581
060375440012,935.7816664249851,1060.638417739863,0.0,202921.9338843555,0.46,0.52,0.0,0.23123668565192562,0.2620894608143395,0.0,50.14310188054857
060375440013,1619.95087880954,2591.7129742786797,0.0,345396.2278521646,0.47,0.75,0.0,0.4002985798663011,0.6404262231625348,0.0,85.34926664072908
060375440014,2060.6437791332633,1479.4646986411406,169.51050443093482,201431.6902217558,1.02,0.73,0.08,0.5091961671106662,0.36558368872492386,0.041886957860097766,49.77485465182284
060375440021,33342.16561467164,194460.30569833328,0.0,903103.015742908,3.69,21.53,0.0,8.239028553154839,48.05218801980823,0.0,223.1616152092987
060375440022,12292.428942326575,17172.529984328863,2624.1958906745554,292553.169088167,4.2,5.87,0.9,3.037525342951632,4.243424572533918,0.6484529266097037,72.29146244695963
060375440023,0.0,0.0,0.0,402583.0238486274,0.0,0.0,0.0,0.0,0.0,0.0,99.48043168032
060375501011,0.0,0.0,0.0,299473.0066196448,0.0,0.0,0.0,0.0,0.0,0.0,74.00139153986626
060375501012,0.0,0.0,0.0,230856.572969962,0.0,0.0,0.0,0.0,0.0,0.0,57.04590152794495
060375501013,0.0,0.0,0.0,187778.43891473385,0.0,0.0,0.0,0.0,0.0,0.0,46.40106277933411
060375502011,0.0,0.0,0.0,289668.0734255203,0.0,0.0,0.0,0.0,0.0,0.0,71.57853978267205
060375502012,1686.330466864867,1686.3249275912221,0.0,239643.83960035417,0.7,0.7,0.0,0.416701333294346,0.4166999645100189,0.0,59.2172824007017
060375502021,42921.56716845154,47657.90229954376,24639.59768659957,433706.0175124454,9.9,10.99,5.68,10.606150228328778,11.776524127653657,6.088577185544671,107.17109090201791
060375502022,0.0,0.0,0.0,236530.94167293946,0.0,0.0,0.0,0.0,0.0,0.0,58.448068570879535
060375502023,5100.949352417462,5100.945926596073,5100.945926596073,165794.77285979156,3.08,3.08,3.08,1.260472035573807,1.2604711890349058,1.2604711890349058,40.968780592780824
060375502024,40278.921299269176,40278.92624317575,38513.397722385955,424059.9838758315,9.5,9.5,9.08,9.953138212741841,9.953139434407761,9.516867835786838,104.78750408059732
060375503011,26263.382507620867,26817.61617768528,14583.563869272768,666920.4905976795,3.94,4.02,2.19,6.489823153163732,6.626777275626945,3.603677113067417,164.79964223740865
060375503012,129974.54928223806,149072.0190410868,81251.69593015822,344454.83256226144,37.73,43.28,23.59,32.11741058141032,36.83649813122829,20.077731317675873,85.11664279850618
060375503013,6992.363191640233,7052.895623066823,0.0,225431.91546047808,3.1,3.13,0.0,1.7278505738272254,1.742808463386028,0.0,55.7054394647352
060375503014,42410.37662375944,44796.81968878717,30836.52342085991,420193.83365925396,10.09,10.66,7.34,10.479832293780227,11.069535217713575,7.619870883032767,103.83215755652057
060375505011,30305.362854702496,24743.771834491432,7873.917533981904,699128.1768536143,4.33,3.54,1.13,7.488618248712123,6.114319178098507,1.9456873958756,172.75833483585618
060375505012,21461.119837434333,20220.04715670442,664.7057671551479,191627.7171883959,11.2,10.55,0.35,5.30315820414176,4.996482465941517,0.1642523721562976,47.35224015552065
060375505021,24425.061844221287,24425.072795953343,23867.176039036563,495953.72255434084,4.92,4.92,4.81,6.035564224375406,6.035566930607334,5.897707639670118,122.55283380185108
060375505022,0.0,0.0,0.0,451200.2234904737,0.0,0.0,0.0,0.0,0.0,0.0,111.49400334368376
060375505023,0.0,0.0,0.0,486170.41760321456,0.0,0.0,0.0,0.0,0.0,0.0,120.13532649989341
060375505024,43430.61779448283,40517.0858511509,16767.597599861034,343436.20023823355,12.65,11.8,4.88,10.731939377460339,10.01198995518653,4.143363601201586,84.86493326950247
060375506011,34486.35614866949,23441.654400929732,4219.364512135273,326394.99696949264,10.57,7.18,1.29,8.521764191529497,5.792558952963197,1.0426276773202066,80.65396023512075
060375506012,0.0,0.0,0.0,252116.72345438792,0.0,0.0,0.0,0.0,0.0,0.0,62.29939912344835
060375506013,0.0,0.0,0.0,336079.89959741564,0.0,0.0,0.0,0.0,0.0,0.0,83.04715179346601
060375506014,5085.7240002903945,5085.723759130086,2123.0786412066564,257470.78018986597,1.98,1.98,0.82,1.256709769128476,1.256709709536466,0.5246241575201619,63.622415355465506
060375506021,0.0,0.0,0.0,280479.16681985045,0.0,0.0,0.0,0.0,0.0,0.0,69.30791151061185
060375506022,68841.408771834,73247.8226610452,19527.148336814127,445058.67481555196,15.47,16.46,4.39,17.011082575301103,18.09993116029685,4.825263438734378,109.97639361556806
060375506023,0.0,16655.1015710736,0.0,394223.05815787765,0.0,4.22,0.0,0.0,4.115565227094526,0.0,97.41463916925485
060375506024,30464.6808370457,47555.726025621014,2971.4703819740016,357200.9817325728,8.53,13.31,0.83,7.52798657951362,11.751275820509083,0.7342663222560691,88.26628485147336
060375507001,11560.763199562234,0.0,0.0,377265.7238148173,3.06,0.0,0.0,2.8567268004793926,0.0,0.0,93.22439059774668
060375507002,0.0,29805.96751892187,0.0,544923.3576312845,0.0,5.47,0.0,0.0,7.365214973761128,0.0,134.65349415784712
060375507003,0.0,955.2875764323599,0.0,318003.4392422298,0.0,0.3,0.0,0.0,0.23605670098516215,0.0,78.58036116182173
060375507004,18370.577317497737,15405.271403860177,10612.421030879432,371680.3510868439,4.94,4.14,2.86,4.539468515812333,3.806725466856083,2.62238634712563,91.8442149391645
060375507005,15611.7895506321,24047.59405521022,8559.860486444422,410684.267579213,3.8,5.86,2.08,3.8577572122940507,5.942289902380258,2.1151875908085644,101.48229260272484
060375507006,0.0,0.0,0.0,205752.8483965313,0.0,0.0,0.0,0.0,0.0,0.0,50.842636090980704
060375508011,30416.296755416493,28020.74138435065,13898.0461167903,505469.8253265466,6.02,5.54,2.75,7.516030612565696,6.924075988772754,3.4342819873377226,124.90431400745773
060375508012,16748.429853423993,16748.440832508353,16748.440832508353,441834.9183524831,3.79,3.79,3.79,4.138627147906396,4.1386298608972245,4.1386298608972245,109.17978604500418
060375508013,34640.96091987967,32739.531465362335,16282.723085616393,315101.2943826452,10.99,10.39,5.17,8.559967862496032,8.090114411804622,4.023548499395458,77.86322554922111
060375508014,35725.10450988541,36871.59645570645,11786.842297813062,324652.4083361999,11.0,11.36,3.63,8.827865577869582,9.111169907490725,2.912592162294416,80.2233572061506
060375508021,157542.74369396394,176730.72133261024,1674.7734335072314,1100398.319983143,14.32,16.06,0.15,38.929659777880815,43.67111231186195,0.4138455281578787,271.9143466252624
060375508022,0.0,1110.2411050600977,0.0,211462.37608510736,0.0,0.53,0.0,0.0,0.2743465517864026,0.0,52.253491108463635
060375509011,96672.81326779617,111157.9738709885,12168.765788852044,390922.5493400774,24.73,28.43,3.11,23.888372400042815,27.467733536507808,3.0069675122388757,96.59906567879658
060375509012,2783.4404595394058,3470.8922441163213,0.0,182031.48659417272,1.53,1.91,0.0,0.6878031165456269,0.8576761520137891,0.0,44.98095993388824
060375509013,106466.92397138513,91688.56760911288,24009.02771300993,552739.8693400827,19.26,16.59,4.34,26.30854986158481,22.65673847522782,5.9327599516790634,136.58499626539228
060375509021,24495.152161978556,25279.21199166713,0.0,155142.84615244155,15.79,16.29,0.0,6.052883919081971,6.2466293223902465,0.0,38.33663218040081
060375509022,2988.6445772019474,6249.12425719304,0.0,150141.44766766185,1.99,4.16,0.0,0.7385101583192623,1.5441922334094023,0.0,37.100759699950025
060375509023,0.0,16413.96149830407,0.0,271315.48410002526,0.0,6.05,0.0,0.0,4.055978217425792,0.0,67.04351619648537
060375509024,41783.668870031834,43233.486952945306,0.0,390983.4529546687,10.69,11.06,0.0,10.324969435226937,10.683227285663266,0.0,96.61411528971291
060375510011,41471.63084483931,41292.49748039584,3112.2232055679096,532208.4542752217,7.79,7.76,0.58,10.247863159979477,10.203598341625177,0.7690471024228224,131.51157311372907
060375510012,0.0,0.0,0.0,230238.3716770583,0.0,0.0,0.0,0.0,0.0,0.0,56.89314066163849
060375510013,264023.3590997282,290120.7353896784,112803.43617960357,675249.4746106645,39.1,42.96,16.71,65.2415928665807,71.69039499000101,27.87433612796798,166.85777900917122
060375510021,0.0,0.0,0.0,237940.2793751005,0.0,0.0,0.0,0.0,0.0,0.0,58.7963235013881
060375510022,12161.216814969885,11688.751991861034,1886.3854515346147,266918.03983003466,4.56,4.38,0.71,3.0051021201680386,2.8883535198239096,0.4661359965955719,65.95688405266874
060375510023,0.0,0.0,0.0,467119.385977743,0.0,0.0,0.0,0.0,0.0,0.0,115.42771406273823
060375511011,397400.92970241304,494170.2733466046,230343.30826407459,1036863.6982720923,38.33,47.66,22.22,98.19990832952092,122.1121339050461,56.91907105700301,256.2145996909812
060375511012,23829.711106929462,70709.48725508485,0.0,388927.5040763093,6.13,18.18,0.0,5.888449853330151,17.472694821515407,0.0,96.10607925784892
060375511013,27616.461971846256,20212.055229495585,1477.7999434682963,260589.70242467523,10.6,7.76,0.57,6.824176370326534,4.99450761771992,0.36517231876288875,64.39311782406448
060375511021,48471.70161549277,73797.40668482598,1726.461249712952,827547.9269907259,5.86,8.92,0.21,11.977618318058955,18.23573633014146,0.426617865698598,204.49154618140523
060375511022,108452.92330955011,96802.96709002156,15759.813985153398,553583.2927252869,19.59,17.49,2.85,26.799300985635607,23.92053410993323,3.8943348466528973,136.79341072273147
060375511023,0.0,0.0,0.0,307265.4080771621,0.0,0.0,0.0,0.0,0.0,0.0,75.92693587457137
060375512011,34350.71660627472,36061.21771505742,12795.287904480087,320040.6965626782,10.73,11.27,4.0,8.488246930664006,8.910920959649765,3.161784498618758,79.0837784091379
060375512012,25585.063926504776,24304.26975238307,11206.27508414348,468664.20355830435,5.46,5.19,2.39,6.3222069814207735,6.005715848443506,2.769130879493265,115.80944680028001
060375512031,0.0,0.0,0.0,240557.37440366435,0.0,0.0,0.0,0.0,0.0,0.0,59.44302176675719
060375512032,16404.045616833366,18151.269935850883,4121.9952072811575,482204.39202054596,3.4,3.76,0.85,4.05352794975239,4.485276481611923,1.0185671981010376,119.15530023537954
060375512041,9343.946830192974,9343.945509722473,4691.51617260077,360857.8907773031,2.59,2.59,1.3,2.308939545883745,2.3089392195883782,1.1592988934898887,89.16992675596217
060375512042,7650.056593622507,8455.466481410951,0.0,317433.8917127785,2.41,2.66,0.0,1.890370152812493,2.089391270371883,0.0,78.43962290229298
060375513001,54133.81368491172,81108.78601903416,33643.75939177748,600212.2427942307,9.02,13.51,5.61,13.376756680882567,20.04241750957212,8.313553998494701,148.31567521693123
060375513002,38750.014612623585,66228.97034000169,13664.579571282826,356205.33473464445,10.88,18.59,3.84,9.575337142710582,16.365534980043694,3.3765911475502772,88.02025512024363
060375513003,60705.41230188423,66773.49665122968,11872.977245813658,573749.9649859302,10.58,11.64,2.07,15.000634063978653,16.500090361898597,2.9338765714777577,141.77670396462105
060375514011,67483.72492971057,26494.3161266151,12632.492237171118,379920.8008605693,17.76,6.97,3.33,16.675591591581387,6.546888093178895,3.121556813147174,93.88047442396193
060375514012,7461.6124304508685,11917.564551553507,0.0,344270.6047951851,2.17,3.46,0.0,1.8438045859867045,2.9448943346711967,0.0,85.07111912584593
060375514021,65831.1162133308,65085.9696387964,29044.447086935572,352825.16280164645,18.66,18.45,8.23,16.267223084304398,16.083093355755125,7.177039176920113,87.18499644531556
060375514022,73793.67804625395,65509.39544838156,13981.065453826439,473817.25943301176,15.57,13.83,2.95,18.234814963484766,16.18772415195571,3.4547965122851894,117.08279463792121
060375514023,1399.6507419475763,1399.6529466999398,0.0,329237.0818403192,0.43,0.43,0.0,0.3458612305097568,0.34586177531593065,0.0,81.3562547012884
060375515011,1307.9533750682992,1307.9544396800363,0.0,408418.94702599884,0.32,0.32,0.0,0.32320231768751845,0.32320258075880787,0.0,100.92251970327743
060375515012,0.0,0.0,0.0,270904.1544958082,0.0,0.0,0.0,0.0,0.0,0.0,66.94187443772657
060375515013,9851.069274370098,3113.623365297996,1279.0167282575587,795656.2342454126,1.24,0.39,0.16,2.4342522309026946,0.7693930894270403,0.3160519165389698,196.61093727994094
060375515021,25372.962321084935,25815.047486751304,4517.247520958488,309406.4628409019,8.2,8.34,1.46,6.269795533303705,6.379037156806668,1.1162361718480542,76.45600202870739
060375515022,14579.11594174262,15556.784481857958,5007.848879162328,353933.35066389054,4.12,4.4,1.41,3.6025780062383417,3.8441651637919887,1.2374664076153232,87.45883562975267
060375515023,32155.215746066613,35484.8479468158,11783.22843500325,437707.50194532616,7.35,8.11,2.69,7.945726853090791,8.768496888202275,2.9116991573462276,108.15987923923983
060375517001,28336.106872965633,23242.5625527774,3471.0121096259963,533348.2100469623,5.31,4.36,0.65,7.002004498138538,5.743362285878511,0.8577057714262821,131.79321289848443
060375517002,3222.275595593394,3222.27784366774,0.0,276616.52687217714,1.16,1.16,0.0,0.796241640241443,0.7962421957527118,0.0,68.35343239287172
060375517003,8094.269655061005,8094.265428285571,0.0,189807.88646533902,4.26,4.26,0.0,2.0001375908119505,2.0001365463529943,0.0,46.902550190494004
060375517004,12183.75220641535,12122.520720764358,1596.2397570134876,297342.96420085523,4.1,4.08,0.54,3.0106707366676826,2.9955401070480927,0.39443943406987314,73.47504659543002
060375518011,18168.165349808565,91658.73343673561,1919.2299979044872,842551.0924242294,2.16,10.88,0.23,4.489451429322981,22.649366290681776,0.4742520607554152,208.19890909906607
060375518012,4381.2278227165825,11169.313603083569,1349.3514393014843,298291.9860871092,1.47,3.74,0.45,1.0826249724269392,2.759997498616364,0.33343200214186186,73.70955501065349
060375518021,10975.89305118491,26178.167262400595,0.0,437295.3035470377,2.51,5.99,0.0,2.7122022393558565,6.468766007486758,0.0,108.05802279679061
060375518022,13130.743571418985,13130.74615998452,1325.818586725925,326472.299972613,4.02,4.02,0.41,3.244677399163017,3.244678038811491,0.3276169076291677,80.67306222319536
060375518023,8420.129896163406,8420.130120525324,6286.228247405173,325801.5721305894,2.58,2.58,1.93,2.0806594099945417,2.080659465435579,1.5533608290647254,80.50732176393147
060375519001,5872.505091796489,5872.502088979763,5872.502088979763,352640.3261966871,1.67,1.67,1.67,1.451127610876242,1.4511268688640697,1.4511268688640697,87.13932232553799
060375519002,0.0,251.85218408245737,0.0,374810.1515530417,0.0,0.07,0.0,0.0,0.06223403002103437,0.0,92.61760547728042
060375519003,14319.975928052783,14319.984809925632,11872.985745178397,248276.91205538088,5.77,5.77,4.78,3.538543114302108,3.5385453090606864,2.933878671716524,61.35056106293475
060375519004,4294.663997918032,4294.659855788388,0.0,593104.8151544398,0.72,0.72,0.0,1.0612345854788365,1.061233561936311,0.0,146.5593915987504
060375520011,6126.823764624793,9827.72373409826,0.0,297519.4942327719,2.06,3.3,0.0,1.5139711235397033,2.4284834222682647,0.0,73.5186681163072
060375520012,0.0,9025.305034983843,0.0,301848.78935831133,0.0,2.99,0.0,0.0,2.2302014435272106,0.0,74.58846023978755
060375520013,0.0,0.0,0.0,203413.09525898466,0.0,0.0,0.0,0.0,0.0,0.0,50.264470499388246
060375520021,138979.96479669813,158744.72393894976,37761.31624027388,479727.8263310955,28.97,33.09,7.87,34.3426972173813,39.22667556483403,9.331024454255143,118.54332752595938
060375520022,0.0,0.0,0.0,226897.32163030095,0.0,0.0,0.0,0.0,0.0,0.0,56.06754921533362
060375521001,0.0,0.0,0.0,281786.949030281,0.0,0.0,0.0,0.0,0.0,0.0,69.63107153259625
060375521002,13393.743905615687,52186.33966370631,0.0,240222.09581509852,5.58,21.72,0.0,3.309666197070685,12.895525369975209,0.0,59.36017262323186
060375521003,83473.43224370497,83587.51674774154,60891.68349896057,325069.7411941448,25.68,25.71,18.73,20.626734316954295,20.654925211843743,15.046662679188548,80.32648240121186
060375521004,0.0,0.0,0.0,305099.364753828,0.0,0.0,0.0,0.0,0.0,0.0,75.39169491288447
060375521005,16628.657115791146,14406.09115748169,3333.631407482243,309678.2808483763,5.37,4.65,1.08,4.109030659884264,3.55982265092027,0.8237582606168229,76.52316972113398
060375522001,9918.373661601603,39502.92619257969,9918.38543481731,225699.47879763538,4.39,17.5,4.39,2.4508835071839496,9.761385645886682,2.450886416408908,55.771555805230086
060375522002,31121.508058709944,37536.25110355203,11685.930915822843,324766.847936872,9.58,11.56,3.6,7.690292120680981,9.27540964779053,2.887656416753344,80.25163584732962
060375522003,49453.78372631013,75405.65003127979,881.7286386988953,374512.8610707171,13.2,20.13,0.24,12.220296092684558,18.63314191575896,0.21787989161621493,92.54414339923905
060375522004,72946.37586023193,149450.9240521353,3467.100061757416,763431.701988628,9.56,19.58,0.45,18.025442033589833,36.93012759852324,0.8567390833453987,188.6480819440272
060375523011,40253.48261425477,161793.57598905414,3654.4386835662262,501063.2943114224,8.03,32.29,0.73,9.946852176777332,39.98006331371202,0.9030314649509978,123.81543648001856
060375523012,2207.9399470600847,10231.135311475564,0.0,528338.445190096,0.42,1.94,0.0,0.5455938428748751,2.5281685939843546,0.0,130.55527304246772
060375523013,0.0,0.0,0.0,219774.87560055457,0.0,0.0,0.0,0.0,0.0,0.0,54.30755447217384
060375523021,15440.664694758456,16743.145719567176,3481.677333420734,523850.8819057169,2.95,3.2,0.66,3.8154713395048803,4.137321409993984,0.8603412056205135,129.44637200522314
060375523022,0.0,0.0,0.0,190342.5860068196,0.0,0.0,0.0,0.0,0.0,0.0,47.03467732466188
060375523023,0.0,0.0,0.0,247305.40420216005,0.0,0.0,0.0,0.0,0.0,0.0,61.11049624426627
060375524001,68214.46550945673,85080.80416015322,6326.394877135777,583543.8568249941,11.69,14.58,1.08,16.856161521293096,21.023924567527846,1.5632862194265569,144.19682734356107
060375524002,18456.678867525196,17585.256320965425,14796.408353012665,348726.185970169,5.29,5.04,4.24,4.560744672176782,4.345411471390042,3.656272130415146,86.17211721174826
060375526011,0.0,0.0,0.0,135714.28603726364,0.0,0.0,0.0,0.0,0.0,0.0,33.53573042178202
060375526012,0.0,0.0,0.0,152816.77751660693,0.0,0.0,0.0,0.0,0.0,0.0,37.76184810282409
060375526013,12533.490111938247,13258.076600870852,5786.526760929901,147794.44066458676,8.48,8.97,3.92,3.097092855225445,3.2761420759790907,1.4298819026295437,36.52080163914904
060375526014,2691.7268918995196,2691.7256484340724,0.0,275053.24686898227,0.98,0.98,0.0,0.665140200428258,0.6651398931612544,0.0,67.96713749134226
060375526021,0.0,4124.575804190502,4124.575804190502,703660.3930402932,0.0,0.59,0.59,0.0,1.0192048774847342,1.0192048774847342,173.87826984555716
060375526022,19012.70101155638,19012.6904917092,5894.235501083759,189939.116656961,10.01,10.01,3.1,4.6981407361817995,4.698138136670949,1.4564973119526108,46.93497787705476
060375526023,0.0,0.0,0.0,480982.3446191662,0.0,0.0,0.0,0.0,0.0,0.0,118.85332574609065
060375527001,1915.546680102137,1915.5432934836826,0.0,412906.7954926225,0.46,0.46,0.0,0.4733418931048007,0.47334105625315565,0.0,102.0314912105893
060375527002,0.0,0.0,0.0,255285.02630894387,0.0,0.0,0.0,0.0,0.0,0.0,63.08230380892691
060375527003,975.5435167786475,1954.602397280366,975.5438434826187,256998.2506952019,0.38,0.76,0.38,0.2410620528514077,0.48299277099660065,0.24106213358171713,63.50565077443205
060375527004,1973.2224286608603,4063.667529113674,482.8431780093774,181905.9310152349,1.08,2.23,0.27,0.4875938809538083,1.0041541149373676,0.11931314769082563,44.949934474659486
060375527005,11781.22816268311,20962.657726255547,4397.499955066885,268334.5669999762,4.39,7.81,1.64,2.911204879291521,5.179985534011998,1.0866459038986451,66.30691553935574
060375528001,13182.020133630389,22845.253192348617,5278.08550444721,181423.77778311886,7.27,12.59,2.91,3.257348113628591,5.6451850048092815,1.3042433319927436,44.83079181631182
060375528002,11500.71829565744,11816.796188630966,4171.882112891035,550962.5226545514,2.09,2.14,0.76,2.8418893815948394,2.9199939299114,1.0308945209419829,136.14580433466466
060375528003,0.0,0.0,0.0,242440.40752974112,0.0,0.0,0.0,0.0,0.0,0.0,59.9083293856917
060375528004,7588.425389176956,7588.4199854916105,1284.6798344506142,318916.46827175206,2.38,2.38,0.4,1.8751407505276942,1.8751394152479657,0.31745130055509385,78.80597554845242
060375529001,0.0,0.0,0.0,332754.24186789844,0.0,0.0,0.0,0.0,0.0,0.0,82.22536387158443
060375529002,0.0,0.0,0.0,221263.44542292398,0.0,0.0,0.0,0.0,0.0,0.0,54.675388085970944
060375529003,0.0,0.0,0.0,244977.64745953606,0.0,0.0,0.0,0.0,0.0,0.0,60.53529502641741
060375529004,0.0,929.511769239922,0.0,241765.40341076787,0.0,0.38,0.0,0.0,0.2296873603162507,0.0,59.74153223538091
060375529005,13256.925363641389,6266.229564587028,4756.590575756746,269224.79818308406,4.92,2.33,1.77,3.275857599064345,1.548419046918107,1.1753791287054944,66.52689645545159
060375530001,11791.296181697424,16782.895206209687,6437.0968761562,555653.7718491519,2.12,3.02,1.16,2.913692740970672,4.147143722053905,1.5906412791236761,137.30503725645394
060375530002,15187.693200412312,15187.682530210433,3028.2208557558424,365985.0533835109,4.15,4.15,0.83,3.7529607218941576,3.752958085229852,0.7482896697283733,90.43687622761333
060375530003,11611.281682714856,11611.282206775257,3790.6066055877122,348812.8187701386,3.33,3.33,1.09,2.869210189529964,2.869210319028109,0.9366792912657084,86.1935246428323
060375531001,90721.72696360303,90721.74184637674,53008.53333924449,700810.7993815226,12.95,12.95,7.56,22.417826948701144,22.417830626314622,13.09869385180896,173.1741199174802
060375531002,3105.547078734381,3105.5412767029266,0.0,193285.06416165186,1.61,1.61,0.0,0.7673973955549002,0.7673959618417043,0.0,47.76177951157051
060375531003,8300.741801208067,10984.763881173112,0.0,484852.0637387323,1.71,2.27,0.0,2.0511579692479645,2.7143942691840213,0.0,119.8095541653018
060375531004,39199.545323952254,42705.41742648616,14985.463255507262,676076.3101478651,5.8,6.32,2.22,9.686418600614658,10.552738463886392,3.7029886142143114,167.06209452000178
060375532011,7642.558716020634,7642.551476751076,1442.3034000150496,454910.70647708623,1.68,1.68,0.32,1.888517386907488,1.8885155980450223,0.3564009318521084,112.41088365751807
060375532012,3451.0774431561185,3451.0759249383,1378.6855982845336,313240.0040737426,1.1,1.1,0.44,0.8527798080638223,0.852779432904029,0.34068063068738674,77.40329069741858
060375532013,2650.127123472097,3101.7228072695475,0.0,268837.59845204983,0.99,1.15,0.0,0.6548606737820541,0.7664523974957484,0.0,66.43121731821039
060375532021,0.0,0.0,0.0,319295.8926454043,0.0,0.0,0.0,0.0,0.0,0.0,78.89973335304171
060375532022,1397.658492257302,1397.6600424520361,0.0,237403.4708073234,0.59,0.59,0.0,0.34536893489006376,0.34536931795152487,0.0,58.6636752154727
060375532023,19884.02603057243,19884.02406058674,18320.34376649379,327558.04572050704,6.07,6.07,5.59,4.913449837387645,4.91344935059358,4.527055535029052,80.94135584040508
060375533001,0.0,10170.317334295458,0.0,235261.75019057817,0.0,4.32,0.0,0.0,2.513140144533203,0.0,58.13444452547577
060375533002,30584.4793077352,40440.552154546596,1980.4984236110024,341127.9201976992,8.97,11.85,0.58,7.557589426312531,9.993078066892032,0.48939181846151636,84.2945448495532
060375533003,13947.378569669401,18829.69114177607,0.0,264424.9793643271,5.27,7.12,0.0,3.446472301925124,4.65291801249748,0.0,65.34083539526937
060375534001,50332.12913997417,52067.89206284424,28922.24591457309,290928.3454407351,17.3,17.9,9.94,12.437339971187946,12.866256330380317,7.146842609607748,71.8899597797441
060375534002,0.0,0.0,0.0,214225.78147306395,0.0,0.0,0.0,0.0,0.0,0.0,52.93634345100307
060375534003,0.0,0.0,0.0,228053.17671361772,0.0,0.0,0.0,0.0,0.0,0.0,56.35316722661737
060375535021,119110.6048156078,106497.6034200886,86854.51706049764,617655.8034262217,19.28,17.24,14.06,29.432871439745547,26.316130918459887,21.46221857038069,152.626072921045
060375535022,19754.36110118391,24216.971241118274,538.8269472476601,647906.3764360014,3.05,3.74,0.08,4.8814089355481824,5.984143916515904,0.1331470383444212,160.10115230422696
060375535031,12992.237450123404,11680.988939785784,10595.889578197577,423248.3160445533,3.07,2.76,2.5,3.2104517912247355,2.886435227879505,2.618301336204474,104.58693659152469
060375535041,17176.867258801954,17957.442631162045,1111.3357685598937,230883.10927164668,7.44,7.78,0.48,4.24449633639712,4.437380711548034,0.2746170490280979,57.05245879089547
060375535042,9411.259705692926,20996.677140409516,0.0,162620.83213634664,5.79,12.91,0.0,2.3255729196618127,5.1883919143238035,0.0,40.18448275955979
060375535043,8818.866088103086,8818.870988196135,0.0,244589.2319439438,3.61,3.61,0.0,2.1791892688085612,2.1791904796479233,0.0,60.439315462269214
060375536011,139996.9032860756,258592.60276714817,24601.096447986405,1042807.4369389655,13.43,24.8,2.36,34.593988190727565,63.8996237513633,6.079063322290207,257.68332950160004
060375536012,62396.301989521206,64184.05656326887,7005.2442531031065,1132230.6920430185,5.51,5.67,0.62,15.418462005261084,15.86022578117667,1.731033553433711,279.78029706612267
060375536021,0.2492171943608632,0.5528213750966569,0.0,296117.7671929075,0.0,0.0,0.0,6.158290988071779e-05,0.0001366051367764623,0.0,73.17229382140867
060375536022,3031.260646145028,5128.327268104136,0.0,184663.16391015647,1.64,2.78,0.0,0.7490408182920733,1.2672372658733384,0.0,45.63126156095289
060375536023,4972.73506038993,10616.790683420952,1114.8909585129175,121537.72263680132,4.09,8.74,0.92,1.228789594032801,2.623466111783781,0.27549555559762806,30.032625314817327
060375537011,1673.325624913779,1785.317205012544,547.894531088194,723791.1015674963,0.23,0.25,0.08,0.4134877668631022,0.4411614889845181,0.13538768710832183,178.852676255376
060375537012,521.0186456856411,13617.735803926773,0.0,223708.4561572686,0.23,6.09,0.0,0.1287465111936562,3.3650158005484005,0.0,55.27956339617249
060375537013,4618.601848306277,5887.833418632239,887.9794914383727,148401.94939757697,3.11,3.97,0.6,1.1412813715706775,1.4549153229262435,0.21942451096689858,36.67092031635922
060375537021,12461.912058706881,48814.70621168879,36969.06084496949,516915.36021542316,2.41,9.44,7.15,3.0794055330770314,12.062376599646964,9.135253882579033,127.73256727226932
060375537022,0.0,0.0,0.0,412954.74273940746,0.0,0.0,0.0,0.0,0.0,0.0,102.04333923329641
060375538011,24507.916112818777,61612.04463792504,3681.457387003152,651071.3689468985,3.76,9.46,0.57,6.056037960023372,15.224667793226486,0.9097079319705276,160.8832389859729
060375538012,2870.0387001488753,6670.382783018343,2870.0441723335675,462907.98332016385,0.62,1.44,0.62,0.7092020078258151,1.6482874821297595,0.709203360032101,114.3870538025253
060375538013,1068.2336271758484,3683.8786742804173,0.0,180838.16677089245,0.59,2.04,0.0,0.2639662779393417,0.9103062450868178,0.0,44.68608418374424
060375538021,52582.02500631716,62999.526332504276,24121.78493968242,637370.8965287223,8.25,9.88,3.78,12.99330134750203,15.567521986644197,5.960622869189148,157.49777852279908
060375538022,6318.213345717644,11140.507434821924,0.0,633981.4436214186,1.0,1.76,0.0,1.5612645189844934,2.7528793394194633,0.0,156.6602264691748
060375538023,3575.5884489645223,49925.75313538376,0.0,494847.2925653484,0.72,10.09,0.0,0.8835471476509683,12.33692227355453,0.0,122.27942899735439
060375539011,25906.661995135953,39448.97180709469,0.0,289488.0878249322,8.95,13.63,0.0,6.401675594848984,9.748053226879584,0.0,71.53406437218013
060375539012,14562.011855921633,20818.160446016565,2044.7539959716437,340918.5618753329,4.27,6.11,0.6,3.5983514945868995,5.144279478457576,0.5052697161810836,84.24281128144155
060375539013,27142.393352630686,30832.647681055078,25146.301488901125,354694.21914021595,7.65,8.69,7.09,6.707031463333658,7.618913166869826,6.21378642190326,87.6468503248414
060375539014,32777.763500684225,41106.32730113325,18018.97598838633,292339.81533328904,11.21,14.06,6.16,8.099561753477104,10.157594688460684,4.452585935257897,72.23874158597306
060375539021,33434.629727974534,58616.19276175946,695.7132283329126,388802.6849919008,8.6,15.08,0.18,8.261876933144574,14.484376672547468,0.17191448267895748,96.07523579038177
060375539022,13066.875775583023,13713.469619658861,6041.293555152035,248901.9955070064,5.25,5.51,2.43,3.2288953231095046,3.3886721416041854,1.4928361485009711,61.505022547697486
060375539023,29989.619824626374,37313.03428841536,23158.362966615958,418092.3109693664,7.17,8.92,5.54,7.410596446819564,9.220251571536297,5.722556115020711,103.312859990574
060375540011,10057.307401650072,15477.385857139569,0.0,297600.14587353676,3.38,5.2,0.0,2.4852147820172865,3.824545336342983,0.0,73.53859757076435
060375540012,6987.045470330291,10254.14829428558,1688.2995271243904,272872.68478300696,2.56,3.76,0.62,1.7265365362743963,2.533855225880321,0.41718789868090733,67.4283088652745
060375540013,3709.6473762668475,5033.024782191932,0.0,229259.52352807837,1.62,2.2,0.0,0.9166738300210884,1.243687508737234,0.0,56.65126201638637
060375540014,25073.691765260406,86083.83936630606,25073.699801645802,282997.89650884876,8.86,30.42,8.86,6.195844168444795,21.27177996476924,6.195846154278874,69.93030317122445
060375540021,52144.088627411125,72075.12611633397,15233.605263737249,494604.12952601106,10.54,14.57,3.08,12.885084911534104,17.810151533270755,3.7643058398160107,122.21934210176022
060375540022,38120.77110537647,54189.748556238585,5529.618562526377,535841.6624521972,7.11,10.11,1.03,9.419847685816547,13.390578488599107,1.3663985042609987,132.40935840625022
060375540023,5119.293987479066,7163.2770212541955,0.0,239210.89418965526,2.14,2.99,0.0,1.2650050936185806,1.7700843008919978,0.0,59.11029925983649
060375541011,4384.394954005363,7609.902480034897,0.0,192198.64821357589,2.28,3.96,0.0,1.08340758761221,1.8804478552569508,0.0,47.49332028428918
060375541012,37556.53768691343,49282.71810204494,14947.28828709083,281709.57872697787,13.33,17.49,5.31,9.280422571710714,12.17802485634459,3.693555374081272,69.61195291428432
060375541051,3198.087046619476,8511.05348534654,0.0,179007.93304451194,1.79,4.75,0.0,0.7902645196201058,2.1031271181840037,0.0,44.23382358061291
060375541052,4476.1710278895225,5694.079483454183,1495.234603757824,158171.9704614223,2.83,3.6,0.95,1.106085949358914,1.4070376828633055,0.36948051714448293,39.08514509828296
060375541061,1875.2671834936482,5685.585308300024,1195.0336065100507,193720.02102443337,0.97,2.93,0.62,0.46338861273005466,1.4049387264715882,0.2952992352027484,47.8692596930699
060375541062,4246.990229995878,7458.116871526839,0.0,170756.74027571554,2.49,4.37,0.0,1.0494541408704556,1.8429408145653412,0.0,42.19490944392036
060375541063,23456.78359509426,23480.0110278946,2002.7114332965023,368569.22117890883,6.36,6.37,0.54,5.796297458258513,5.802037081901144,0.49488077269338565,91.0754379964703
060375542011,59157.68927577605,75258.69983969298,32106.03817647732,268017.14519278717,22.07,28.08,11.98,14.618183375206677,18.596829732610228,7.9335748109978015,66.22847890260431
060375542012,602.93485432996,7900.809300750776,0.0,298663.5334458898,0.2,2.65,0.0,0.14898844717905452,1.9523324961613482,0.0,73.80136636247809
060375542013,24504.55913640725,34156.76747790495,1593.671213980337,404473.2484312049,6.06,8.44,0.39,6.055208433086625,8.44032105731297,0.3938047332638516,99.94751634685642
060375542031,10940.808509957113,36614.12565753739,1639.2163294193388,359869.95035441825,3.04,10.17,0.46,2.703532660412161,9.047547487692503,0.40505917638837224,88.92580136089838
060375542032,4475.233297758841,14090.938301553433,705.4521401994039,162289.13740380772,2.76,8.68,0.43,1.1058542311972588,3.481946684235652,0.1743210202108019,40.10251920614512
060375542033,5853.6280414950625,16568.67734357584,0.0,162124.50425724097,3.61,10.22,0.0,1.4464629901605333,4.094209335390688,0.0,40.0618374696606
060375542041,7100.62986067423,14503.836037624611,2949.3443559368384,292915.7122348381,2.42,4.95,1.01,1.7546038503790506,3.5839759368144493,0.7287988621518035,72.3810488095161
060375542042,22545.939371048866,47347.83797272325,3436.2214114401104,366435.6545672003,6.15,12.92,0.94,5.571222948818612,11.699905563895316,0.8491088026795498,90.54822220499845
060375543011,5475.595607016298,13213.926951813837,0.0,243067.81031699598,2.25,5.44,0.0,1.3530491412316972,3.2652324601072156,0.0,60.06336399076988
060375543012,8637.304864848953,13508.40785529415,0.0,269063.99469920265,3.21,5.02,0.0,2.1343245134767033,3.3380002760965137,0.0,66.48716104922582
060375543013,11099.437627132482,21595.595233724147,431.7400795998699,163454.9801029523,6.79,13.21,0.26,2.7427307689235803,5.336387798239903,0.10668529706419018,40.39060521104795
060375543021,6885.997112093393,11621.335254273015,1590.8066452933585,355931.65897883585,1.93,3.27,0.45,1.7015669431656368,2.8716944811649503,0.39309688292571693,87.95262836820623
060375543022,52967.824752703964,109567.76725776019,2431.344900790077,363142.3840061229,14.59,30.17,0.67,13.088634541002875,27.07478492473442,0.6007984091879792,89.73443732672884
060375544031,87717.62079830864,129279.55871366653,40600.30793454195,484776.61854037654,18.09,26.67,8.38,21.67549614875821,31.945674671847364,10.032554579849368,119.79091125078224
060375544032,13787.887079912516,23097.160855699232,4116.522726793408,355910.92919586657,3.87,6.49,1.16,3.4070610965079826,5.707432744056038,1.0172149187225408,87.94750592727787
060375544041,26503.00787953402,38723.92502758626,8528.311193056705,323365.8711817832,8.2,11.98,2.64,6.549035872099543,9.568890265847614,2.107391590630973,79.90544695183678
060375544042,51741.602480353846,79023.73223109171,1720.3598870507958,518417.9770711842,9.98,15.24,0.33,12.785628418630266,19.527189497923043,0.42511018615049634,128.10387198361113
060375544051,48934.586600140305,91894.76656287127,12004.733877765566,443245.67115513457,11.04,20.73,2.71,12.091999688765707,22.707691346354416,2.966434344277063,109.52839065445924
060375544052,35024.403660502525,24773.802758231774,12565.94045865352,322267.28088452836,10.87,7.69,3.9,8.654718627188458,6.121739980965175,3.1051115105292646,79.6339793773575
060375544061,6445.092432169106,10998.410816977857,0.0,469225.16033225873,1.37,2.34,0.0,1.5926170240422874,2.717766500461911,0.0,115.9480622378946
060375544062,5628.267202890734,5628.270784760739,0.0,218459.465921083,2.58,2.58,0.0,1.3907751141694504,1.3907759992688045,0.0,53.98250966154242
060375544063,14221.842063315362,34442.96854689956,1506.0494068380042,415623.8825912304,3.42,8.29,0.36,3.51429370822132,8.511042881643192,0.37215291318510313,102.70289805457033
060375545111,19863.537363721796,18721.505125413467,1451.6310114576277,2079121.635568705,0.96,0.9,0.07,4.908386977549766,4.626184665654786,0.35870583483580415,513.7621448738415
060375545112,2072.3962078140626,7509.261204582337,2072.3940386270338,289515.1804142634,0.72,2.59,0.72,0.5121002554830008,1.855578854494904,0.5120997194652125,71.54075909680175
060375545121,0.0,33681.69633633067,8.414206991549126,1251930.2313514033,0.0,2.69,0.0,0.0,8.322928421650216,0.0020791958283904364,309.35869738836504
060375545122,23262.649109409555,78686.76495117845,18262.51325858652,1301485.5789461595,1.79,6.05,1.4,5.748325782117462,19.443923069678128,4.512765305312187,321.60409045950524
060375545123,207491.77889402513,365420.0199718973,207464.25546366695,1279786.026404494,16.21,28.55,16.21,51.272335174908804,90.29725343089486,51.26553398715086,316.2420142510302
060375545131,9172.677646983664,9172.678724535775,9172.678724535775,566947.7756621673,1.62,1.62,1.62,2.266618009033239,2.2666182753021644,2.2666182753021644,140.09584637696074
060375545141,1592.7604128764458,1592.760028796015,0.0,469010.861247516,0.34,0.34,0.0,0.3935796694096339,0.3935795745012925,0.0,115.89510778081119
060375545142,34621.47282443949,49679.22993858187,25833.754579167846,539783.964073322,6.41,9.2,4.79,8.555152249238217,12.276005064968293,6.3836597800143995,133.3835223521969
060375545143,2057.3618880488625,2057.359367180291,2057.359367180291,497735.0379770347,0.41,0.41,0.41,0.5083851941623216,0.5083845712421317,0.5083845712421317,122.99300642888919
060375545151,60698.127464333505,65744.91887536611,49308.188424024076,468311.70258661924,12.96,14.04,10.53,14.998833941416756,16.245923258225183,12.184318709973335,115.72234191320423
060375545152,30662.312475802537,28397.72788063044,15698.620379272299,740713.170447534,4.14,3.83,2.12,7.576822420998608,7.017231380743941,3.879213577328297,183.03421054119133
060375545161,21725.94309961117,21725.946085480955,20783.72126272744,790858.2740137536,2.75,2.75,2.63,5.368597457363347,5.368598195187839,5.135769370933499,195.42533548663255
060375545162,0.0,2403.4574682667867,0.0,662946.4415547833,0.0,0.36,0.0,0.0,0.5939072745361718,0.0,163.81763333269456
060375545171,0.0,1937.5196997245523,0.0,802766.5325858063,0.0,0.24,0.0,0.0,0.4787715445005831,0.0,198.3679302636893
060375545172,88896.49036775691,107095.02258502788,5184.557475806322,519101.0725370007,17.13,20.63,1.0,21.96680116341676,26.463756409108,1.281132052797565,128.2726685492702
060375545181,0.0,5385.27745451267,0.0,667546.7494931468,0.0,0.81,0.0,0.0,1.3307310397038785,0.0,164.95439418067028
060375545182,22213.281419491632,33073.35967736215,15369.208635051808,650905.9233375515,3.41,5.08,2.36,5.489021378800976,8.172605159475337,3.7978141626129283,160.84235648556316
060375545183,1602.1169427030895,1602.1180048500944,0.0,488844.2398790971,0.33,0.33,0.0,0.3958917182816556,0.3958919807438964,0.0,120.79604237335076
060375545191,2074.548342537076,5705.230704098228,0.0,327938.0145551205,0.63,1.74,0.0,0.5126320595546998,1.4097932094943768,0.0,81.03524818422787
060375545192,42296.75796144607,42296.70625660519,38669.59074726015,1405716.1075409586,3.01,3.01,2.75,10.451756510887494,10.451743734343063,9.555463972780885,347.36001498844735
060375545211,221375.29040981256,230447.27033565115,122490.53234948963,1885288.8750772986,11.74,12.22,6.5,54.70302558412124,56.94476064435805,30.26806972233679,465.86502665177886
060375545212,748366.4549412391,797882.7700831015,477866.60298983863,1386989.2747303161,53.96,57.53,34.45,184.92537832548507,197.16112626746335,118.08340922222253,342.7325138231017
060375545213,64733.68678058873,70419.8183399919,60336.060170538985,1674910.8686519987,3.86,4.2,3.6,15.996042365693375,17.401116073752185,14.909365164666877,413.8794891217534
060375545221,9642.984141804305,22419.445512710463,0.0,772881.7219726824,1.25,2.9,0.0,2.382833274842379,5.539965635700647,0.0,190.9832327370593
060375545222,39009.436777292816,39009.443293239696,19678.096188113836,767946.2668506965,5.08,5.08,2.56,9.63944175567221,9.63944336579775,4.8625634651114416,189.7636552164269
060375545223,56592.10924032071,60525.711538569274,29007.081875212145,652333.8040105371,8.68,9.28,4.45,13.98421474186094,14.95622903830977,7.167806032023595,161.19519348395085
060375546001,76294.808946262,67672.0113311895,16801.524964281005,479377.580322818,15.92,14.12,3.5,18.85285786863057,16.722118174643917,4.1517472355287595,118.45677985247663
060375546002,0.0,10218.02279614152,10218.02279614152,575216.5504575527,0.0,1.78,1.78,0.0,2.524928420880742,2.524928420880742,142.1391051270405
060375547001,1407.5049576863437,4972.557141707293,0.0,245511.95131026534,0.57,2.03,0.0,0.34780204948601035,1.2287456293688581,0.0,60.667324383271236
060375547002,508.52462528358376,508.52385437240287,0.0,253708.58501938396,0.2,0.2,0.0,0.12565917151614728,0.12565898101984585,0.0,62.69275668270962
060375547003,28620.259907583204,30844.23836840037,5879.477371003171,302214.9817124561,9.47,10.21,1.95,7.072220242152766,7.621777288087751,1.452850498589305,74.67894834114885
060375548011,8146.21668894925,7944.004204924535,0.0,285010.7717266749,2.86,2.79,0.0,2.0129739824369928,1.9630061894346427,0.0,70.42769546977118
060375548012,100151.65105118789,106633.59458346109,50387.121352650276,618824.9508544351,16.18,17.23,8.14,24.74801193757021,26.34973506676121,12.450928842878998,152.91497554228502
060375548021,94217.91623425877,99003.8455931228,42994.751151885226,687307.1184176863,13.71,14.4,6.26,23.28175413210794,24.464383032004942,10.624234384472445,169.83728768170056
060375548022,64827.5816407715,58458.010935355866,0.0,513987.9499149467,12.61,11.37,0.0,16.019244290936648,14.445289091992834,0.0,127.00918843325917
060375548023,3242.5042244199135,3242.5069151080415,0.0,334161.6957454025,0.97,0.97,0.0,0.8012402432841778,0.8012409081676941,0.0,82.57315329888252
060375549001,20442.779373981644,26348.403512429577,15381.390166153811,467678.7898568752,4.37,5.63,3.29,5.051520795456834,6.510832300989709,3.800824284502743,115.56594577168539
060375549002,22894.195218200504,28790.040763926812,7278.132076060794,252134.3290042959,9.08,11.42,2.89,5.657278842777188,7.114174005425375,1.7984656030234145,62.303749549574306
060375549003,11898.140528278382,13578.540990471003,1329.4649632719108,208931.86445569672,5.69,6.5,0.64,2.9400945539901695,3.3553305512178784,0.32851794689653646,51.62818806697102
060375549004,70968.68337526884,62751.44449621839,14023.2712114888,497979.3307495023,14.25,12.6,2.82,17.536743577668283,15.506219629853698,3.4652257821324577,123.05337248761946
060375549005,84812.36135532644,92473.65871679047,34254.958434118154,330946.99205131433,25.63,27.94,10.35,20.957590905839012,22.850738712876968,8.464584571004659,81.77878271625096
060375550011,5164.119991396253,5164.120274589491,0.0,488036.58947864454,1.06,1.06,0.0,1.2760818404161856,1.2760819103947587,0.0,120.59646761305483
060375550012,0.0,0.0,0.0,274114.6440775316,0.0,0.0,0.0,0.0,0.0,0.0,67.7352036905147
060375550013,1285.1481486740756,1285.149078895923,0.0,274224.5121210774,0.47,0.47,0.0,0.31756702351992877,0.3175672533827532,0.0,67.76235267532613
060375550014,22933.141322914555,22933.15849660286,22933.15849660286,251988.6653540628,9.1,9.1,9.1,5.6669026348392135,5.666906878550014,5.666906878550014,62.267755277717555
060375550021,6500.298718191594,11529.031338613186,0.0,333061.5481135015,1.95,3.46,0.0,1.6062587944092597,2.848885686874915,0.0,82.30130089863144
060375550022,22067.842698831962,26571.805122879152,7537.814426429924,577329.9918208518,3.82,4.6,1.31,5.453082688252271,6.566036041160231,1.8626345092716685,142.66134786132702
060375551051,10984.427646775064,10984.432012060335,5997.936671747492,327009.81643702625,3.36,3.36,1.83,2.7143111838548295,2.7143122625403118,1.4821224292880641,80.80588543417909
060375551052,1760.176576927828,1760.1777357911133,0.0,161959.26165720244,1.09,1.09,0.0,0.4349491044913202,0.4349493908526744,0.0,40.021005133943454
060375551053,0.0,0.0,0.0,374836.7250296731,0.0,0.0,0.0,0.0,0.0,0.0,92.62417192636032
060375551054,3344.381938541876,3344.3771941037126,0.0,236714.71917903976,1.41,1.41,0.0,0.8264147746952881,0.8264136023190859,0.0,58.49348098162954
060375551061,37409.2617931004,37362.67182730672,5877.990245596724,263260.0268390301,14.21,14.19,2.23,9.244029905789127,9.23251727451914,1.4524830218984552,65.05296935711472
060375551062,68591.19669014968,144573.38324776554,3664.4008202388522,618577.0766972483,11.09,23.37,0.59,16.949253823408803,35.724861017437796,0.9054931625337151,152.8537245041175
060375551071,11763.470493834051,11763.466676510136,3578.4433457909317,225641.94052978276,5.21,5.21,1.59,2.9068168637566068,2.9068159204753248,0.8842526080203076,55.757337789603405
060375551072,5576.950335093522,6164.869862308532,2084.020842092431,526559.9497610414,1.06,1.17,0.4,1.3780944399767203,1.5233725190211809,0.5149727651707733,130.11579725103357
060375551073,11451.582698738202,12199.591929959315,1655.0312187812115,514402.6019138507,2.23,2.37,0.32,2.829747711174494,3.014584817596348,0.4089671206569988,127.11165117362447
060375552021,32380.90654546391,32380.90955207514,30437.989263547697,581298.0118201585,5.57,5.57,5.24,8.00149626416949,8.001497007119305,7.521390948062437,143.64186695692504
060375552022,0.0,0.0,0.0,522711.74763700995,0.0,0.0,0.0,0.0,0.0,0.0,129.164885797212
060375552111,9756.138013151514,9291.16977908841,1192.1818112911233,232879.3683662224,4.19,3.99,0.51,2.4107942053861176,2.2958980525378396,0.2945945412573091,57.5457451559679
060375552112,66068.0951908252,47065.4710087538,31817.605905218134,273100.3445988323,24.19,17.23,11.65,16.325781864937852,11.630131167549917,7.862301644580859,67.48456483090877
060375552113,18135.48127260978,15568.266175913177,404.8268357574587,280478.30554475175,6.47,5.55,0.14,4.4813750179588725,3.8470023521813927,0.10003488967799232,69.30769868490003
060375552121,36049.744359650824,29651.832793382517,18514.682691842638,381087.80421877326,9.46,7.78,4.86,8.908085831785309,7.327127453609389,4.575077729311299,94.16884723396439
060375552122,65269.43767257267,68835.697914607,31547.22000956433,428912.8121510429,15.22,16.05,7.36,16.12842929422844,17.009671391747517,7.795487834691985,105.98666406273809
060375553001,0.0,50466.41783352072,0.0,780446.4730508118,0.0,6.47,0.0,0.0,12.470523430033493,0.0,192.85252343792462
060375553002,0.0,0.0,0.0,240938.49984178608,0.0,0.0,0.0,0.0,0.0,0.0,59.537199913531104
060375553003,100390.99987918297,101605.08065857287,88114.40198667596,417528.8715566753,24.04,24.33,21.1,24.807156321015658,25.10716221513875,21.773542915668713,103.17363107956733
060375553004,31155.535430028493,25386.23728309229,23241.275033236303,273871.1905430623,11.38,9.27,8.49,7.698700467250975,6.2730758478544955,5.743044132871162,67.67504501201013
060375700011,0.0,0.0,0.0,571416.1054873914,0.0,0.0,0.0,0.0,0.0,0.0,141.1999947229438
060375700012,10032.450190138901,10032.449849998067,8356.62637342774,184158.44767491324,5.45,5.45,4.54,2.4790724312846084,2.479072347233978,2.064967347784436,45.50654346311045
060375700013,37055.62319721046,44237.33399788678,25937.817041928312,490897.6888088404,7.55,9.01,5.28,9.156643905650231,10.931283292638215,6.409374174571237,121.30346065445833
060375700014,4610.749897314276,13204.103659302084,0.0,285943.42356161965,1.61,4.62,0.0,1.1393411122255375,3.262805071663835,0.0,70.65815875722126
060375700021,2724.803390982415,2724.803443949181,1659.9623524045937,284432.18279846775,0.96,0.96,0.58,0.6733135813517352,0.6733135944401083,0.4101856303120703,70.28472303195387
060375700022,13088.076537542715,13840.88260434076,13088.077903657835,190528.49887347544,6.87,7.26,6.87,3.2341341454809487,3.4201565757878765,3.234134483055347,47.08061739449653
060375700023,0.0,0.0,0.0,303259.23623623856,0.0,0.0,0.0,0.0,0.0,0.0,74.93698925359693
060375700031,0.0,5.768960751984856,0.0,315638.4215494946,0.0,0.0,0.0,0.0,0.0014255412472883226,0.0,77.99595256268181
060375700032,0.0,0.0,0.0,205026.84695833095,0.0,0.0,0.0,0.0,0.0,0.0,50.6632372286485
060375700033,7888.121694101731,7888.118672091569,0.0,252327.61007715558,3.13,3.13,0.0,1.9491973202804307,1.9491965735254568,0.0,62.35151034281368
060375700034,12842.819070263624,12843.513925341173,3523.703156810875,371565.4889089403,3.46,3.46,0.95,3.1735297054712786,3.1737014079002805,0.870726012740806,91.81583187687748
060375701001,71516.56185533393,71516.54208669429,71516.54208669429,406624.03807709215,17.59,17.59,17.59,17.672127298482415,17.672122413545175,17.672122413545175,100.47898804275901
060375701002,68785.12936165778,34706.57408475499,1956.3510240860319,752714.9303823017,9.14,4.61,0.26,16.99717563018076,8.576181228631816,0.4834248660904585,185.99991000814944
060375702021,5204.20823286095,5971.670312881034,0.0,372750.4432915089,1.4,1.6,0.0,1.2859878606156676,1.4756318706606144,0.0,92.10864048160329
060375702022,17525.76568579905,18560.63740830951,10167.86571945052,282819.8427154007,6.2,6.56,3.6,4.330711015293531,4.58643338705406,2.512534337311734,69.88630512067279
060375702023,9838.144794621436,9838.146428806394,577.3831305941812,323645.6757981426,3.04,3.04,0.18,2.431058522404137,2.4310589262200346,0.1426744787381813,79.97458817829855
060375702024,5145.621090291579,10747.677940747888,3386.7843304511207,320490.0713165167,1.61,3.35,1.06,1.2715106624019918,2.655809057434745,0.8368926339231423,79.19482132910689
060375702025,2269.3514281769744,2734.3720555625728,0.0,374040.8078227395,0.61,0.73,0.0,0.5607689503427277,0.6756780498629466,0.0,92.42749650132471
060375702031,26770.00836138339,28856.02456596157,23050.450770900527,567551.8955190368,4.72,5.08,4.06,6.615013128018848,7.130478957997827,5.69589043073349,140.24512764464436
060375702032,83674.6498732347,109780.85572583193,61478.97875241006,734095.7784182167,11.4,14.95,8.37,20.676456276057156,27.12744023192354,15.19178649682604,181.39901735946913
060375702041,1937.198984542079,6975.633147893333,1937.201343066162,271538.98082340567,0.71,2.57,0.71,0.47869229405307573,1.7237164899851856,0.478692876857069,67.09874343957296
060375702042,7703.547533465881,12667.518119205703,1113.2930049277284,276548.4110850565,2.79,4.58,0.4,1.9035880519075272,3.1302118970885537,0.27510069266739307,68.33660061531134
060375703031,12182.307531119026,14703.853046990393,0.0,203286.36266742248,5.99,7.23,0.0,3.010313749627488,3.633401216213702,0.0,50.23315419400595
060375703032,965.0425428324332,2515.8212739839187,0.0,412715.5003546148,0.23,0.61,0.0,0.23846720567865165,0.6216729756110061,0.0,101.9842211525391
060375703041,10990.043900885557,18125.643978897402,2182.9365804782983,169307.29655067643,6.49,10.71,1.29,2.7156989904692193,4.478944169743471,0.5394153764377193,41.83674409932939
060375703042,8040.51684743437,12325.291108441344,1811.4909190727242,273420.8125254934,2.94,4.51,0.66,1.9868549827784396,3.0456457610452596,0.44762915458177144,67.56375418017434
060375703043,1924.943928182483,5323.871253540691,0.0,128801.32606923909,1.49,4.13,0.0,0.4756640036764362,1.3155572369882482,0.0,31.827500811816073
060375703051,0.0,133777.6485729692,0.0,434858.5739608897,0.0,30.76,0.0,0.0,33.05717688240394,0.0,107.45589380287318
060375703052,29926.796224914055,51851.16801837159,15273.674743285255,303622.4309101193,9.86,17.08,5.03,7.395072397247511,12.812702652697794,3.7742072238449116,75.02673661203309
060375703061,1758.6995999019186,5284.300187370708,893.0048942865092,248544.68616625952,0.71,2.13,0.36,0.43458413551991465,1.305779013587252,0.2206663150547135,61.41672948675045
060375703062,9971.710533419973,16647.55784595396,10913.092894759815,217369.2991624285,4.59,7.66,5.02,2.464063335240893,4.113701132021155,2.6966839827462357,53.71312358878228
060375704021,4908.35752565037,75408.37665145808,0.0,850245.1559924234,0.58,8.87,0.0,1.2128815587530664,18.633815678278232,0.0,210.10015361211728
060375704022,9011.0269811247,21399.558831784634,9011.036213733776,448408.2326482183,2.01,4.77,2.01,2.2266732595817382,5.287946148357189,2.226675541009126,110.8040873815554
060375704023,12276.750615116302,14777.45634101307,2261.3472653491153,217321.50645843014,5.65,6.8,1.04,3.0336511439255704,3.651588986260416,0.5587910786338243,53.701313754429414
060375704031,4599.564225115738,8278.541902485636,5576.064370187174,192974.46735092413,2.38,4.29,2.89,1.136577072429951,2.0456722548056256,1.3778755132805707,47.68502936817315
060375704032,1986.586544122077,28739.18318935855,479.2502716141903,193649.51914607256,1.03,14.84,0.25,0.4908962258028235,7.10160682506119,0.11842532118546709,47.8518382995234
060375704033,2663.444573399758,7130.422501277967,0.0,185915.35731617615,1.43,3.84,0.0,0.6581514873265987,1.7619657722003512,0.0,45.940685290218056
060375704041,0.0,508.58764522335906,0.0,526998.6694765235,0.0,0.1,0.0,0.0,0.12567474408240548,0.0,130.22420725368494
060375704042,30712.434722427126,7063.961942803424,0.0,338559.86315508146,9.07,2.09,0.0,7.589207897870769,1.7455430105459784,0.0,83.6599641344077
060375705021,8839.01519561466,10140.503250252646,362.8770177323903,242822.29675280573,3.64,4.18,0.15,2.1841682217064315,2.5057729239227102,0.08966886389242962,60.00269626783528
060375705022,107973.09326753898,163300.64856003778,39083.8165209328,1350569.7588816574,7.99,12.09,2.89,26.68073240006504,40.35246905626364,9.657821390597798,333.73305546646947
060375705023,3897.2380085090554,7129.808666221535,1330.4438479826651,198246.42423090021,1.97,3.6,0.67,0.9630284847609658,1.7618140902545736,0.3287598345763998,48.98775828407808
060375705024,1110.2144546302898,2592.9478533611045,734.9512446982031,206169.4796375355,0.54,1.26,0.36,0.27433996632177865,0.6407313684292633,0.18161040768091746,50.945587912720185
060375705031,14500.30798073363,25778.51211351486,1814.330981929467,300221.3918999467,4.83,8.59,0.6,3.583104134970566,6.370009069466032,0.4483309493973776,74.18632157003968
060375705032,2019.3269860178345,5107.18993771635,0.0,238712.75525216642,0.85,2.14,0.0,0.49898656518687823,1.262014117784667,0.0,58.987206447664654
060375705041,7197.942726207683,9355.525566431541,0.0,554120.5687222586,1.3,1.69,0.0,1.7786503831383575,2.311800713918884,0.0,136.9261745129163
060375705042,9407.957134897326,12824.993031499616,2849.6258291314725,392862.7480020975,2.39,3.26,0.73,2.3247568366455433,3.1691247953624497,0.7041578775462198,97.07849920929714
060375706011,13042.73153618626,17746.211872606465,2283.034745906542,297839.01676360954,4.38,5.96,0.77,3.2229291516231333,4.385184454377559,0.5641501717900289,73.59762385317718
060375706012,19081.158240708948,30166.613406163575,1032.7776881495247,298340.4925288851,6.4,10.11,0.35,4.71505688590573,7.454332513302554,0.25520492460096544,73.72154121345214
060375706013,3215.1883808966368,6752.596043082191,0.0,184260.22920594687,1.74,3.66,0.0,0.7944903513502611,1.6686028211194959,0.0,45.53169422716282
060375706021,4560.107855370287,4560.103763980089,3697.2565624231256,362712.5934943674,1.26,1.26,1.02,1.1268271911326921,1.1268261801281563,0.9136119932395468,89.62823377837053
060375706022,8721.528460046464,9924.163467729893,1088.3541834995913,323886.00212744065,2.69,3.06,0.34,2.1551366170965203,2.4523141994359015,0.26893817568505174,80.03397410757634
060375706023,14143.375531331085,15094.594987012817,2685.241663686816,162440.01914507442,8.71,9.29,1.65,3.49490420590294,3.729955652358164,0.6635376656368563,40.139802896377255
060375706024,9278.36973947069,14567.741726047629,0.0,193546.2262483676,4.79,7.53,0.0,2.2927350938653084,3.5997673763301408,0.0,47.82631406863317
060375706031,3069.3388114197005,16716.941289035545,1166.7438518423103,245824.75031472158,1.25,6.8,0.47,0.7584501378478409,4.130846154191335,0.2883086845839639,60.744618700589946
060375706032,20911.25307757348,18193.02798105871,2177.483779965757,190277.06458475854,10.99,9.56,1.14,5.16728316869023,4.495595119302325,0.5380679600870035,47.018486628669216
060375706033,87354.1321806131,94155.9198936984,45219.331725343276,298509.9570631434,29.26,31.54,15.15,21.585676155223585,23.266434502724206,11.173940215681242,73.76341681183519
060375707011,10464.763978525963,10464.761106622984,10464.761106622984,209094.3480124824,5.0,5.0,5.0,2.585899494877509,2.5858987852148276,2.5858987852148276,51.668338628252684
060375707012,83136.98645724717,94632.2286625668,56323.5870714085,491790.1714669098,16.9,19.24,11.45,20.54359675254862,23.384132962751586,13.917861468879499,121.5239979221334
060375707013,0.0,0.0,0.0,184640.38838172817,0.0,0.0,0.0,0.0,0.0,0.0,45.6256336053125
060375707014,0.0,0.0,0.0,210574.06069866836,0.0,0.0,0.0,0.0,0.0,0.0,52.033983596034474
060375707015,34587.74923992675,69721.21591479465,30572.706256300233,677774.0665490604,5.1,10.29,4.51,8.546818970022757,17.22848765497993,7.554680241946661,167.48161926315748
060375707031,7858.226774814559,10758.765756725099,0.0,353294.495316173,2.22,3.05,0.0,1.9418101248460438,2.6585489164314313,0.0,87.30097103535259
060375707032,38115.26630524264,27500.76297140763,0.0,576435.2200873459,6.61,4.77,0.0,9.418487420079577,6.795586524687777,0.0,142.44024495079302
060375708001,11138.616020920797,11686.29605737062,4021.66253256753,328249.1695221949,3.39,3.56,1.23,2.752411960865913,2.8877466451947975,0.9937744542423057,81.11213625106218
060375708002,6569.075085041704,7959.347097879317,3372.0007927504707,322757.8476372731,2.04,2.47,1.04,1.623253804775682,1.9667975008510439,0.833239542200189,79.7552010619296
060375708003,9236.542381041667,41144.877920620405,0.0,537768.0075084519,1.72,7.65,0.0,2.282399328504941,10.167120753994853,0.0,132.88536863621346
060375708004,10206.540775285965,10206.541397755274,2260.1160404023703,259099.41766239173,3.94,3.94,0.87,2.5220911517372158,2.522091305552732,0.558486836323687,64.0248604393857
060375708005,590756.7255541184,600969.08831465,527825.279682774,943441.4368616417,62.62,63.7,55.95,145.97916602234392,148.50269581796616,130.4284670840251,233.12945614762654
060375709011,54344.19484754656,54344.20096480405,54344.20096480405,449405.82614730595,12.09,12.09,12.09,13.428742998328953,13.428744509936198,13.428744509936198,111.05059810369663
060375709012,30497.201011069927,30497.448239288766,30497.448239288766,316887.1802563539,9.62,9.62,9.62,7.536022489521255,7.53608358094458,7.53608358094458,78.30452755930072
060375709013,3387.954311657906,4267.799710687077,0.0,505268.1020423476,0.67,0.84,0.0,0.8371817425755544,1.054596275534788,0.0,124.85446709836492
060375709014,0.0,0.0,0.0,292823.24883052614,0.0,0.0,0.0,0.0,0.0,0.0,72.35820060472183
060375709015,12223.587528048589,12223.576665712842,12223.576665712842,251202.40205695058,4.87,4.87,4.87,3.020514259015731,3.0205115748741127,3.0205115748741127,62.073465385751014
060375709021,17380.50909784132,17380.487628292987,8782.438525988886,286141.665289535,6.07,6.07,3.07,4.294817330715617,4.294812025474687,2.170187822176413,70.70714535502049
060375709022,12657.171391590715,16578.11156514917,10594.297663574856,418064.22685587517,3.03,3.97,2.53,3.1276551650143154,4.096540582311412,2.6179079655343633,103.30592025499658
060375709023,8107.388808781687,10204.632282196766,0.0,351593.1972704408,2.31,2.9,0.0,2.0033794042966258,2.5216195528243817,0.0,86.88057113277259
060375710001,3922.875876592813,3922.877823267605,3922.877823267605,512979.17183762614,0.76,0.76,0.76,0.9693637399338076,0.9693642209676248,0.9693642209676248,126.75991394164717
060375710002,2105.544324812379,2105.546265145946,0.0,291713.48370832833,0.72,0.72,0.0,0.520291333578788,0.5202918130456543,0.0,72.0839716708622
060375710003,10372.483581400837,10163.109571445113,0.0,252303.5895587611,4.11,4.03,0.0,2.563096512143963,2.511359067544544,0.0,62.34557474345277
060375710004,0.0,0.0,0.0,192769.23938986054,0.0,0.0,0.0,0.0,0.0,0.0,47.6343164345668
060375710005,0.0,0.0,0.0,218378.3108756068,0.0,0.0,0.0,0.0,0.0,0.0,53.96245581307204
060375710006,0.0,0.0,0.0,286022.2184723379,0.0,0.0,0.0,0.0,0.0,0.0,70.67762940369195
060375711011,0.0,0.0,0.0,176990.76659592098,0.0,0.0,0.0,0.0,0.0,0.0,43.73537089585108
060375711012,0.0,0.0,0.0,202716.93467665865,0.0,0.0,0.0,0.0,0.0,0.0,50.09244547313017
060375711013,0.0,0.0,0.0,306071.8426873252,0.0,0.0,0.0,0.0,0.0,0.0,75.63199944360971
060375711014,6574.295986676288,6574.286084635481,0.0,290431.62546836253,2.26,2.26,0.0,1.6245439176656982,1.6245414708181272,0.0,71.76721760148861
060375711015,16752.732642349158,18529.750646125554,9706.693690239714,347508.64305649174,4.82,5.33,2.79,4.139690390205121,4.578801101902308,2.3985762471116114,85.87125580561138
060375711021,0.0,0.0,0.0,204563.81601267116,0.0,0.0,0.0,0.0,0.0,0.0,50.54881979019013
060375711022,47166.06148063778,47166.06304518436,40287.10841863225,253598.51853715756,18.6,18.6,15.89,11.654987614476772,11.654988001084652,9.95516129399517,62.66555866263232
060375711023,62386.38941576735,57023.676793918,41689.378125458905,317472.17086481646,19.65,17.96,13.13,15.416012554942316,14.090857406821451,10.301669684820421,78.44908188675956
060375711024,0.0,0.0,0.0,301260.07382930786,0.0,0.0,0.0,0.0,0.0,0.0,74.4429854644175
060375711025,0.0,0.0,0.0,180668.4307003446,0.0,0.0,0.0,0.0,0.0,0.0,44.64414148728277
060375712011,5849.654961603415,9962.775875072051,1986.6138472447683,322705.39204143157,1.81,3.09,0.62,1.4454812207383083,2.4618555330815513,0.4909029725513714,79.74223900190908
060375712012,10392.991356200504,17909.85392520105,1917.732647352685,415105.39599093905,2.5,4.31,0.46,2.5681640936588774,4.425621286208013,0.4738820573761221,102.57477722541972
060375712013,16412.41197331548,23951.748627863934,2421.3930203999876,256926.09537655194,6.39,9.32,0.94,4.055595321462394,5.918605981493971,0.5983392459878706,63.48782080689217
060375712014,0.0,0.0,0.0,310408.66543289885,0.0,0.0,0.0,0.0,0.0,0.0,76.70365168251017
060375712021,8008.866830536509,8976.600990821178,0.0,405957.1504405704,1.97,2.21,0.0,1.9790340932794515,2.2181664121154014,0.0,100.31419651894056
060375712022,0.0,0.0,0.0,424534.2814958516,0.0,0.0,0.0,0.0,0.0,0.0,104.90470557492135
060375712023,0.0,0.0,0.0,480080.16587793874,0.0,0.0,0.0,0.0,0.0,0.0,118.63039252408807
060375713001,3176.919999202719,3176.7938336452285,1651.0827302704954,479194.24973404827,0.66,0.66,0.34,0.7850340282936544,0.7850028521054427,0.4079914278973396,118.41147787740408
060375713002,4060.598277349959,4060.601587298431,0.0,918154.5828950149,0.44,0.44,0.0,1.003395686309476,1.0033965042155557,0.0,226.88093845209872
060375713003,0.0,0.0,0.0,509631.8616607423,0.0,0.0,0.0,0.0,0.0,0.0,125.93277558349936
060375713004,0.0,0.0,0.0,179646.11364814625,0.0,0.0,0.0,0.0,0.0,0.0,44.391521442118915
060375714001,251304.6654736309,202556.74300504473,13736.80778300104,1003309.1358233198,25.05,20.19,1.37,62.09873522633994,50.05286124900815,3.3944391273595977,247.92308673711344
060375714002,0.0,0.0,0.0,343938.12151260447,0.0,0.0,0.0,0.0,0.0,0.0,84.9889607174724
060375714003,6721.215112437099,6721.211975801661,0.0,263043.97097414243,2.56,2.56,0.0,1.660848424281646,1.6608476492021493,0.0,64.99958079020342
060375714004,7909.877909991612,7909.873866041418,7909.873866041418,308844.07876807725,2.56,2.56,2.56,1.9545733983071818,1.9545723990253265,1.9545723990253265,76.31703389786098
060375715021,0.0,0.0,0.0,380870.7194934515,0.0,0.0,0.0,0.0,0.0,0.0,94.11520443010306
060375715022,94013.17125779681,106213.82628775651,90720.98899121732,366852.2251253101,25.63,28.95,24.73,23.231160546595824,26.246008061923305,22.417644591753263,90.65115903166817
060375715023,16315.889435691413,37112.25672893266,14762.380463571575,370632.20795755746,4.4,10.01,3.98,4.03174408298262,9.17063835611028,3.647863655814283,91.58521313136998
060375715024,3439.472631453945,4109.211572151586,0.0,258564.32869187597,1.33,1.59,0.0,0.849912196641302,1.0154082930658077,0.0,63.89263707520753
060375715041,11694.4424081724,11694.434934115656,9617.876353210993,306862.1641749443,3.81,3.81,3.13,2.8897596523172364,2.8897578054375934,2.3766290051642316,75.82729213628951
060375715042,71073.76037281315,36011.09185755652,2108.298111671421,742032.9015812756,9.58,4.85,0.28,17.56270866922989,8.898534590510636,0.5209718091310708,183.36032320642866
060375715043,0.0,0.0,0.0,277497.84298334667,0.0,0.0,0.0,0.0,0.0,0.0,68.57121034671543
060375715044,1790.1910610809427,1790.183708016015,0.0,185269.06486830907,0.97,0.97,0.0,0.4423658450475158,0.44236402806560193,0.0,45.78098294834851
060375715051,2046.0469261662158,5261.654356869946,2046.0479504523455,321147.2555340584,0.64,1.64,0.64,0.5055892061900238,1.3001831070027206,0.5055894592966387,79.35721508587672
060375715052,5744.474745676673,5744.476003217524,0.0,334652.83354259806,1.72,1.72,0.0,1.4194906233589317,1.4194909341040434,0.0,82.69451609161148
060375716001,1594.9665200947156,1997.4153389095313,0.0,288943.09091162385,0.55,0.69,0.0,0.3941248103753619,0.49357207926960706,0.0,71.39939270201864
060375717011,11792.35592644995,15178.074766752376,1326.0471098427574,832211.2851622291,1.42,1.82,0.16,2.913954609602003,3.7505839551755025,0.3276733769211267,205.64388708129252
060375717012,28278.3031905456,57213.55386438734,4818.49495625074,328156.3835149111,8.62,17.43,1.47,6.987720897143929,14.137777052751645,1.1906760342619511,81.08920832933751
060375717013,9361.407517556061,10470.106426260278,972.43882016038,753392.0160726104,1.24,1.39,0.13,2.31325417569528,2.5872196424628653,0.2402948656092109,186.16722152593914
060375717031,522.5367457441258,2430.6272563124267,0.0,100309.23014274091,0.52,2.42,0.0,0.12912164188771338,0.6006210753755716,0.0,24.78695057909967
060375717032,0.0,0.0,0.0,127062.47831759529,0.0,0.0,0.0,0.0,0.0,0.0,31.397822174832807
060375717033,13458.963272365454,16990.1565362713,3290.397615367343,170103.86761656014,7.91,9.99,1.93,3.3257822535704333,4.198359112082172,0.8130749579239984,42.03358109643028
060375717041,27052.655544535963,31488.477013293366,6866.565049304532,249122.90958660663,10.86,12.64,2.76,6.684856768032384,7.780972124189924,1.6967651758775013,61.55961160560857
060375717042,476.85328019192383,6004.103996895434,0.0,85045.29479365401,0.56,7.06,0.0,0.11783301170569441,1.4836464085213783,0.0,21.015150011973404
060375717043,0.0,0.0,0.0,147414.65854366575,0.0,0.0,0.0,0.0,0.0,0.0,36.42695543328445
060375718001,22835.896689457375,15275.378188200923,252.7945430872309,2089547.0649710475,1.09,0.73,0.01,5.642872962593143,3.774628154250606,0.062466892002387954,516.3383245832664
060375718002,0.0,4621.681819647504,0.0,429473.94542876456,0.0,1.08,0.0,0.0,1.1420424490638594,0.0,106.12532311538341
060375718003,25307.57915273105,64679.03529280703,3097.3648287339515,321093.1822634072,7.88,20.14,0.96,6.253639000546087,15.982537688957331,0.7653755175472843,79.34385328970528
060375719001,30221.48718693189,48733.017619253995,7366.155583772529,403001.3393767586,7.5,12.09,1.83,7.467892119831854,12.042190908851847,1.8202166854746007,99.58379969847249
060375719002,1448.5969457535402,4090.799729752553,0.0,364061.54678972013,0.4,1.12,0.0,0.35795610087259916,1.0108586277262814,0.0,89.96156739700005
060375719003,73907.07373638925,86572.07540013171,52609.127970584195,671441.6111971501,11.01,12.89,7.84,18.262835648752382,21.392425716153745,12.999998635826126,165.91683546779987
060375719004,20676.92681189498,26685.225109350202,11314.42430486761,496635.477720058,4.16,5.37,2.28,5.109379887421968,6.59406273018316,2.795855133935678,122.72129917214282
060375720011,96607.33089123265,102714.340215059,1844.7553183131383,710245.3784980072,13.6,14.46,0.26,23.87219135240271,25.381266220990355,0.4558489666453501,175.5054551890413
060375720012,8337.509758129887,14121.471773481644,1978.639387334438,307273.45276902453,2.71,4.6,0.64,2.060243529268899,3.4894916694639893,0.4889324405932346,75.92892376122282
060375720013,5051.754743892717,14249.367479217906,3333.6122066298,307029.39083176095,1.65,4.64,1.09,1.248315783068172,3.5210953866179606,0.8237535159828555,75.86861474311368
060375720014,19405.203645356443,39997.60539421059,5834.8207511637665,371616.9328081681,5.22,10.76,1.57,4.795130249233831,9.883623538709557,1.4418156075088546,91.82854394122033
060375722011,11894.246835408332,38162.52480730163,0.0,350175.0358070355,3.4,10.9,0.0,2.9391324015282,9.430165250258428,0.0,86.53013580337579
060375722012,28530.064757343047,54941.26799524888,6400.865746635136,319380.0431781029,8.93,17.2,2.0,7.0499325351461835,13.576282986255737,1.5816883720423873,78.92052740252484
060375722013,0.0,0.0,0.0,428062.95396060345,0.0,0.0,0.0,0.0,0.0,0.0,105.77665953039654
060375722014,1376.9312656084996,1376.9310153024437,0.0,462196.9570143864,0.3,0.3,0.0,0.34024712564225507,0.34024706379028163,0.0,114.21135537600297
060375722021,6270.227149476579,6270.220249636341,0.0,386859.900031023,1.62,1.62,0.0,1.5494068716571867,1.5494051666695325,0.0,95.5951631715154
060375722022,557.3901941261855,557.3879510118442,0.0,243226.15290989925,0.23,0.23,0.0,0.1377341165456084,0.13773356225998343,0.0,60.10249129759174
060375722023,15090.899083021362,23879.175213101327,1334.7729389782098,243326.82584331624,6.2,9.81,0.55,3.729042374592489,5.900672700154683,0.3298295762582599,60.12736812120716
060375722024,89099.69187386965,250912.26768209366,57567.04376238286,679150.7549632125,13.12,36.95,8.48,22.017013349099454,62.00177162037525,14.225126308840618,167.82180637889797
060375723011,8415.252888684461,14627.599393072267,2255.489043091973,356291.675058857,2.36,4.11,0.63,2.079454275201039,3.6145585279739985,0.5573434803882538,88.04159027899418
060375723012,8842.552047644018,1920.1649806302066,0.0,462940.9141634,1.91,0.41,0.0,2.185042196876339,0.47448310001851934,0.0,114.3951911911052
060375725001,0.0,19931.92560791672,0.0,221675.5353650418,0.0,8.99,0.0,0.0,4.925286080719423,0.0,54.77721772831676
060375725002,867.3080189473483,867.31160195787,0.0,371023.46585995104,0.23,0.23,0.0,0.21431647887151595,0.21431736425269773,0.0,91.681895064593
060375726001,4480.265537827516,5017.899523522755,0.0,424500.94645421224,1.06,1.18,0.0,1.107097724799063,1.2399499759239976,0.0,104.89646830674084
060375726002,10043.978860839146,9649.2843792415,4670.42735020063,324175.6721640529,3.1,2.98,1.44,2.481921227855802,2.3843900974176306,1.1540877319860088,80.10555313247302
060375726003,2731.5341472369882,2999.3204596631595,0.0,395352.09802710346,0.69,0.76,0.0,0.6749767874435841,0.7411482263273387,0.0,97.69363099683154
060375726004,2037.7204568939587,2037.7210062443487,0.0,128604.0649070359,1.58,1.58,0.0,0.5035316908242281,0.5035318265716657,0.0,31.7787565170812
060375727001,2535.733588619263,3621.8187571778167,0.0,345420.8159181819,0.73,1.05,0.0,0.6265934157148672,0.894970905597359,0.0,85.35534248416184
060375727002,2261.7931601582586,5964.753203544377,0.0,243113.70279318458,0.93,2.45,0.0,0.5589012616407318,1.47392261571933,0.0,60.07470426860493
060375727003,13611.907093297563,14088.961410284512,7497.454936645953,242874.4108148687,5.6,5.8,3.09,3.3635754947849077,3.4814581837645258,1.8526614621527802,60.01557393302115
060375727004,21034.270057025773,23558.87625829051,2015.8301586120301,242976.49532026198,8.66,9.7,0.83,5.1976813263247275,5.821525104742621,0.4981224803168421,60.04079956366825
060375730021,24491.86938882499,26943.021948912985,7185.235421566278,162056.15454530503,15.11,16.63,4.43,6.0520727281695885,6.657765716564351,1.7755103397775236,40.0449478880195
060375730022,29169.198179370695,34483.14735747124,10143.457494235383,162445.43164118964,17.96,21.23,6.24,7.20786584320474,8.520971281956406,2.506502933509011,40.141140353294496
060375730031,1685.4389276554268,7462.564756434759,0.0,448108.5031304777,0.38,1.67,0.0,0.4164810291579043,1.844039910862235,0.0,110.73002260473714
060375730041,3742.442077254249,9389.4373904603,0.0,102407.58583046879,3.65,9.17,0.0,0.9247775771186818,2.3201805081317577,0.0,25.305465561769466
060375730042,13593.304503183515,21417.461522673628,3383.82202707385,102543.35608322863,13.26,20.89,3.3,3.3589786946584987,5.292369999618603,0.8361606328170804,25.33901512186958
060375730043,3063.1183582575754,6123.535786189204,0.0,102926.12420133859,2.98,5.95,0.0,0.7569130303963154,1.5131586463741216,0.0,25.433599183708612
060375730044,4792.832374729889,6562.370447895194,0.0,103033.41650350374,4.65,6.37,0.0,1.1843346722658092,1.6215970528559946,0.0,25.46011168896362
060375731011,16067.98124982445,33359.12935589023,8131.029395357439,203265.00632950995,7.9,16.41,4.0,3.9704846361451307,8.24322038489977,2.0092211204605346,50.22787692797933
060375731012,11836.753051808882,16654.5081932346,920.0487518970884,121251.25046221101,9.76,13.74,0.76,2.9249253781998674,4.115418600237266,0.22734899780591938,29.96183649883546
060375731013,13994.74232099728,27346.742357076346,2587.5669686336378,202236.36433589278,6.92,13.52,1.28,3.4581761397647157,6.757527202029639,0.6394017228560517,49.97369395575342
060375731021,3619.3980856458675,11294.23147773463,0.0,324267.3703009339,1.12,3.48,0.0,0.89437274463505,2.790865377684082,0.0,80.12821223556683
060375731022,4718.770369254619,9114.598591242328,673.8066895513194,341954.2877749592,1.38,2.67,0.2,1.1660335521506193,2.2522663618090233,0.16650125905670662,84.49874472496411
060375732011,17175.384822940763,16047.181295874905,1886.7458737546185,275469.31937498954,6.23,5.83,0.68,4.244130018518139,3.965344855589929,0.4662250588657352,68.06995124665718
060375732012,31140.59828578387,46526.58781783283,1389.141503847542,325922.9922427274,9.55,14.28,0.43,7.6950094185243785,11.496970231091149,0.3432643412201186,80.53732532705912
060375732021,4264.96834534972,3169.412967634953,0.0,162237.44399184335,2.63,1.95,0.0,1.0538966299230275,0.7831790003944156,0.0,40.08974548586232
060375732022,13841.469123727062,28928.21545474193,4019.6681479177837,243674.07353269905,5.68,11.87,1.65,3.420301507884566,7.148317715108353,0.9932816310626379,60.213174893955696
060375732023,19678.64017479922,17542.81767177535,10747.429430785802,243127.54136484384,8.09,7.22,4.42,4.862697887148847,4.334924652792977,2.655747649285765,60.07812385413376
060375733001,5103.577623769659,12940.91906938882,0.0,304268.298939588,1.68,4.25,0.0,1.2611214955688907,3.1977707431770384,0.0,75.1863340778324
060375733002,30636.84884924321,35935.52462607116,4817.783889134471,481323.69451492094,6.37,7.47,1.0,7.570530221844129,8.879861520948028,1.1905003257509368,118.93767514229489
060375734011,133262.9404796474,209715.53313216497,9050.502025765887,1039919.7026906849,12.81,20.17,0.87,32.929989742659416,51.821836814213576,2.236427755546232,256.96975482860285
060375734021,248551.798238166,301862.0924477623,22723.53784755325,1217991.5675452289,20.41,24.78,1.87,61.41848691799192,74.59174750478104,5.615108488103215,300.97227092205446
060375734022,47783.09433998378,92542.09895954709,36185.60412809772,516128.0034073327,9.26,17.93,7.01,11.80745975456324,22.86765066517105,8.941657511693421,127.53800716785535
060375734023,11083.336415630562,41545.919275647335,0.0,677136.8627356943,1.64,6.14,0.0,2.738752072913315,10.266220231012891,0.0,167.3241627717833
060375734024,5468.760803541204,2657.5957698977186,0.0,269745.90227037,2.03,0.99,0.0,1.3513602245117309,0.6567062165061007,0.0,66.65566407972447
060375734025,10074.819887634565,11126.304854425429,839.0348766063502,282430.1468627027,3.57,3.94,0.3,2.489542211546923,2.749369805372769,0.20733003324806815,69.79000917833568
060375734031,106599.38401765906,138416.844799256,43465.7653277151,981912.6678317497,10.86,14.1,4.43,26.341281451848488,34.203547235601576,10.740624522067327,242.6359043520065
060375734032,16571.070670458408,42278.43645708765,2580.7668604631463,682837.9193741431,2.43,6.19,0.38,4.09480073934298,10.447229168563954,0.6377213795325644,168.73292454719314
060375736011,0.0,0.0,0.0,647916.266809023,0.0,0.0,0.0,0.0,0.0,0.0,160.1035962686253
060375736012,0.0,0.0,0.0,253305.5198579362,0.0,0.0,0.0,0.0,0.0,0.0,62.593157112233946
060375736013,0.0,0.0,0.0,304947.8522110911,0.0,0.0,0.0,0.0,0.0,0.0,75.35425534821442
060375736014,18570.460393704296,252206.12534510938,106798.92468153298,678187.0458603727,2.74,37.19,15.75,4.588860699607185,62.32149081175897,26.390589023713268,167.58366867341735
060375736015,0.0,39828.108901718304,0.0,643980.0412222246,0.0,6.18,0.0,0.0,9.841740043274905,0.0,159.13093374345866
060375736016,0.0,0.0,0.0,420813.9429807764,0.0,0.0,0.0,0.0,0.0,0.0,103.98538990696672
060375736017,0.0,0.0,0.0,232795.72327600475,0.0,0.0,0.0,0.0,0.0,0.0,57.525076004041814
060375736018,0.0,0.0,0.0,244325.64974243377,0.0,0.0,0.0,0.0,0.0,0.0,60.37418288181712
060375736019,0.0,0.0,0.0,310560.2632626678,0.0,0.0,0.0,0.0,0.0,0.0,76.74111232206482
060375737001,10774.982059311682,10978.710714731045,8942.126984708755,611487.47532984,1.76,1.8,1.46,2.662556052068076,2.71289849918127,2.20964769968429,151.10184585377397
060375737002,0.0,0.0,0.0,292269.9584794916,0.0,0.0,0.0,0.0,0.0,0.0,72.22147958146734
060375737003,0.0,0.0,0.0,249283.76269017253,0.0,0.0,0.0,0.0,0.0,0.0,61.5993592731254
060375737004,1485.7323287981062,14773.493908974095,0.0,665897.398520952,0.22,2.22,0.0,0.36713245386575594,3.650609847979887,0.0,164.54683067951285
060375738001,5592.669503916654,5592.681284988671,0.0,641255.4043706548,0.87,0.87,0.0,1.3819787311851073,1.381981642351402,0.0,158.45766131489202
060375738002,0.0,0.0,0.0,292456.59957734996,0.0,0.0,0.0,0.0,0.0,0.0,72.26759960115109
060375738003,5476.48432007503,5476.488167497279,0.0,305381.59393426205,1.79,1.79,0.0,1.3532687470110898,1.3532696977298324,0.0,75.4614352621768
060375738004,0.0,0.0,0.0,294917.9062379205,0.0,0.0,0.0,0.0,0.0,0.0,72.87580172241904
060375739021,20070.250654673044,5456.30766016053,2404.2076782307995,711748.9730453765,2.82,0.77,0.34,4.959466944164607,1.348282985766184,0.5940926554555096,175.87700149324093
060375740001,0.0,0.0,0.0,355579.6353276105,0.0,0.0,0.0,0.0,0.0,0.0,87.86564142958473
060375740002,0.0,0.0,0.0,246169.2171198024,0.0,0.0,0.0,0.0,0.0,0.0,60.82973830186222
060375740003,11276.382980847953,39240.883449548484,11276.377065563305,341341.2398701539,3.3,11.5,3.3,2.7864549180522844,9.696633473909253,2.7864534563536147,84.34725728858956
060375740004,0.0,0.0,0.0,319464.7586140505,0.0,0.0,0.0,0.0,0.0,0.0,78.94146104264084
060375740005,62104.485432019326,62104.48951541506,57770.42599846161,557334.2987653639,11.14,11.14,10.37,15.346352563501148,15.346353572530207,14.275383153870502,137.72030450115034
060375741001,34218.94813482014,39188.29498407482,30231.84008659258,349020.4519557312,9.8,11.23,8.66,8.455686232259875,9.68363858108761,7.4704503770518,86.24483192036341
060375741002,2543.8338651355266,2543.8342150957633,0.0,425993.36574302084,0.6,0.6,0.0,0.628595037633408,0.6285951241104657,0.0,105.26525314441085
060375741003,6480.441079719985,17159.40520946355,0.0,326271.07452389377,1.99,5.26,0.0,1.6013518650796958,4.240181370034155,0.0,80.6233383319287
060375741004,3180.891151803145,3180.8914770894553,0.0,421077.8164616672,0.76,0.76,0.0,0.786015321471847,0.7860154018518448,0.0,104.0505944641213
060375741005,0.0,0.0,0.0,316783.38384641026,0.0,0.0,0.0,0.0,0.0,0.0,78.27887890782667
060375742011,8013.33309998742,8013.335668614283,2878.99339882626,338847.95699394436,2.36,2.36,0.85,1.9801377324958538,1.980138367217375,0.7114147620584138,83.73115367235826
060375742012,4375.715346809522,5746.716648576992,0.0,362326.23796916933,1.21,1.59,0.0,1.0812628099650967,1.4200446096303276,0.0,89.53276324893451
060375742013,7019.165717156722,14484.140633615536,3369.0152916593925,593466.2229102884,1.18,2.44,0.57,1.734473622119261,3.579109096493637,0.8325018088142074,146.64869740012458
060375742021,0.0,0.0,0.0,365831.95641061245,0.0,0.0,0.0,0.0,0.0,0.0,90.39904514172379
060375742022,17054.309069399907,123256.23703960647,11544.48120761925,973673.4976189431,1.75,12.66,1.19,4.214211548253002,30.457279471879307,2.8527034326492764,240.59996105359804
060375743001,4466.837161625392,4466.8381281172215,0.0,284596.68577899336,1.57,1.57,0.0,1.1037795007751525,1.1037797396004847,0.0,70.32537260370914
060375743002,106064.31913544015,173854.4099837039,68998.9081711125,593435.7105900998,17.87,29.3,11.63,26.209064040018102,42.96036029877211,17.050001524440667,146.64115764160493
060375743003,86227.74807073896,89803.39170646378,81183.86598285119,406726.3983428904,21.2,22.08,19.96,21.30734058007458,22.190901364671003,20.06097017267167,100.50428181528616
060375743004,6031.111664153722,6031.112526644234,0.0,547761.0469126104,1.1,1.1,0.0,1.4903201484417758,1.4903203615678229,0.0,135.35470245019445
060375743005,4151.188504577754,4915.180276422969,0.0,300222.87614063,1.38,1.64,0.0,1.0257810189657977,1.2145674971853848,0.0,74.18668833389991
060375743006,1627.377442846414,3278.078445684248,0.0,348270.88073967653,0.47,0.94,0.0,0.4021337238056232,0.8100308248000985,0.0,86.05960883908341
060375744001,0.0,0.0,0.0,789929.7258344743,0.0,0.0,0.0,0.0,0.0,0.0,195.1958862345811
060375744002,0.0,0.0,0.0,957979.7986374729,0.0,0.0,0.0,0.0,0.0,0.0,236.72196358015097
060375744003,0.0,0.0,0.0,305479.4985664348,0.0,0.0,0.0,0.0,0.0,0.0,75.48562802365726
060375744004,2262.96107820279,2791.040646923608,1470.5264460936746,582785.0313804329,0.39,0.48,0.25,0.5591898604746481,0.6896811637484221,0.3633749984195324,144.0093174926158
060375744005,2924.2219343448633,35629.33385786595,0.0,499236.55597813864,0.59,7.14,0.0,0.7225909765809395,8.804200134368957,0.0,123.36403960733179
060375744006,30851.02985402422,30851.032678771,30851.032678771,265074.2037681118,11.64,11.64,11.64,7.62345550073356,7.623456198743692,7.623456198743692,65.50126223922439
060375745001,0.0,0.0,0.0,616617.2427373532,0.0,0.0,0.0,0.0,0.0,0.0,152.36943898584533
060375745002,6355.018580193955,27415.687858355006,0.0,977236.9961620138,0.65,2.81,0.0,1.5703592904897508,6.774564006423547,0.0,241.4805207204412
060375745003,3362.012833727331,3363.7208302244103,3362.007453698185,521676.95149010624,0.64,0.64,0.64,0.8307714637756975,0.8311935189016529,0.8307701343415432,128.9091821005906
060375745004,5815.719626078915,27650.27212764889,3087.5738843264403,607822.9062550354,0.96,4.55,0.51,1.4370956167083104,6.832531041773608,0.7629561224945425,150.1963111146316
060375746021,0.0,11985.993447868686,0.0,590496.9820760399,0.0,2.03,0.0,0.0,2.961803483198536,0.0,145.91498201110971
060375748001,2032.1367885246896,7774.403060776503,0.0,489888.6276865037,0.41,1.59,0.0,0.5021519363218537,1.9210968340126755,0.0,121.05411622089963
060375748002,8521.752010651975,24137.07077241176,4670.452084175704,333667.5141453369,2.55,7.23,1.4,2.1057707813607394,5.964400080716775,1.1540938438843547,82.45103836608426
060375748003,8037.705555338865,13126.454471948342,0.0,284512.5695955633,2.83,4.61,0.0,1.9861602973727643,3.243617539602173,0.0,70.30458704211509
060375749011,0.0,0.0,0.0,283637.9067828109,0.0,0.0,0.0,0.0,0.0,0.0,70.08845315411477
060375749012,76555.86691450968,80478.48023312772,75570.52015951472,401276.92491060647,19.08,20.06,18.83,18.917366697459457,19.88666555790475,18.673882211688994,99.15768760400647
060375749013,1102.6978532020794,1102.699236460211,1102.699236460211,300736.65181152546,0.37,0.37,0.37,0.27248257365852413,0.2724829154690524,0.2724829154690524,74.31364506704507
060375749014,7966.196907501293,16578.467264228613,239.9447796909361,355725.9556751848,2.24,4.66,0.07,1.9684901256706597,4.0966284774681245,0.05929164631658371,87.90179797488848
060375749021,25682.103842724115,25681.99597316308,19685.679095752585,274169.26340146305,9.37,9.37,7.18,6.346186066935695,6.346159411786667,4.864437242396145,67.74870041939026
060375749022,84388.80555585302,88687.18493515145,72022.03202910023,283362.72138956335,29.78,31.3,25.42,20.8529279884375,21.91508066464964,17.797031698591212,70.02045336254214
060375749023,29990.797008571557,35117.2574885262,14665.527727038192,245783.35411890454,12.2,14.29,5.97,7.410887335307396,8.677663307782936,3.6239308234070626,60.734389477831286
060375750011,6863.029259037995,8795.544505802432,408.0751707177957,365746.84335250553,1.88,2.4,0.11,1.6958914630749007,2.17342638031774,0.10083757072749952,90.37801324703244
060375750012,18033.20679538239,23973.044233363158,0.0,609318.044683852,2.96,3.93,0.0,4.456102444249243,5.923868240214431,0.0,150.56576786643055
060375750021,45311.16206379376,92697.30141400124,38951.21724020569,454493.23109489924,9.97,20.4,8.57,11.196631986494307,22.90600202688358,9.625055394751454,112.30772324394961
060375750022,8581.21616758095,9134.776522214364,2610.184491363955,263300.0811851724,3.26,3.47,0.99,2.120464694542297,2.2572524371390865,0.6449906344381691,65.06286700159764
060375750023,13226.719670499824,29937.13326001377,3520.3927123286526,247218.91525145597,5.35,12.11,1.42,3.2683936097381183,7.397626734249065,0.8699079840942006,61.089124359109846
060375751011,15800.843854213608,13037.749704252692,2776.806552297652,177697.79016803502,8.89,7.34,1.56,3.9044735480985686,3.2216981141427836,0.6861638423660356,43.91008022534459
060375751012,8060.246521651514,20270.278505912607,1581.9893795874623,242770.2421974548,3.32,8.35,0.65,1.9917302914520898,5.008894902649217,0.39091808911996406,59.989833307078186
060375751021,1788.116825507793,3803.3681713039023,1458.0435916144909,162385.51812626925,1.1,2.34,0.9,0.4418532902749599,0.9398327428301257,0.3602904179016546,40.126335401335055
060375751022,35882.05253048234,50542.90449274983,6527.248892391924,243568.337918769,14.73,20.75,2.68,8.866648278369704,12.489423695139452,1.6129183274856387,60.187047054740844
060375751031,6059.588423809361,9334.940590754437,2072.507804424441,129164.9475471795,4.69,7.23,1.6,1.4973569089994314,2.306714055651701,0.5121278316059787,31.917353635832193
060375751032,31245.495025730776,40960.358099265504,6585.396272941263,263276.8861495706,11.87,15.56,2.5,7.72092996746362,10.121524913150697,1.6272868581375997,65.05713538347709
060375751033,3979.7870280670604,7348.346209068907,995.5924082986633,87685.06852709575,4.54,8.38,1.14,0.9834267917285872,1.8158158931447705,0.246016241838455,21.667452307362527
060375752011,9904.274992228318,17240.875673905957,0.0,161850.65096472105,6.12,10.65,0.0,2.4473996501102846,4.2603131602285025,0.0,39.99416684734643
060375752012,9115.36564892074,13309.696593491472,3440.099064156114,170188.86561215034,5.36,7.82,2.02,2.2524559058892546,3.288897653946941,0.850066991533135,42.054584558554545
060375752013,23816.21736502427,32164.861587676623,2381.5908428884045,234551.96587334972,10.15,13.71,1.02,5.885115477089249,7.948110392461405,0.588503913730647,57.959053001007625
060375752021,6705.940245640946,10516.40485104337,199.97380692593754,161837.61862385788,4.14,6.5,0.12,1.6570739224951223,2.5986602323802197,0.04941460384387506,39.990946485786026
060375752022,5631.904206769652,8388.061617240983,0.0,121110.95617889134,4.65,6.93,0.0,1.3916738374003481,2.072735165698421,0.0,29.92716902643809
060375752023,5881.706694780569,9107.045151526605,1128.1912130240198,121143.72011589917,4.86,7.52,0.93,1.4534013764917326,2.2503998662066804,0.2787821200622044,29.935265171590775
060375753001,11708.873416973924,13859.669765310595,0.0,273267.77414617117,4.28,5.07,0.0,2.893325632252093,3.4247989843660123,0.0,67.52593757307281
060375753002,42203.72717584677,45309.98920153049,1249.2798284182975,177189.30308727906,23.82,25.57,0.71,10.428768103123788,11.196342165917333,0.30870376856053827,43.78443033128327
060375753003,21505.380985260035,28392.41791008733,645.064449373278,197603.5653128852,10.88,14.37,0.33,5.314095371959405,7.0159192584473065,0.1593988968332908,48.82890438591242
060375754011,38858.91339127148,40269.064304530955,1828.9143755963516,640653.9940875248,6.07,6.29,0.29,9.602246616949678,9.950702496296932,0.451934584452519,158.3090495974609
060375754012,2212.6180199495284,2212.616049339318,406.11683566306147,88264.37196737817,2.51,2.51,0.46,0.5467498198607522,0.5467493329123645,0.10035365559675889,21.81060130495876
060375754013,3044.972918673879,6663.778885071163,1245.4531902975602,160998.57782359674,1.89,4.14,0.77,0.7524291946260967,1.6466556234083514,0.3077581856879767,39.78361498877098
060375754021,24372.073508467773,41108.71492345843,1894.931997863891,202217.02476866904,12.05,20.33,0.94,6.022470521455723,10.158184682786148,0.4682478941864945,49.968915044617184
060375754022,21916.89737128802,29355.75802118531,4474.174602175507,121588.89328088556,18.03,24.14,3.68,5.41578328550884,7.253965784082794,1.1055926218212813,30.045269856343683
060375758011,5998.904696992842,1262.3751833301023,1047.3072641315437,389879.2233615994,1.54,0.32,0.27,1.482361633535586,0.3119397012314677,0.25879526101655836,96.34125421489017
060375758012,1473.027086806528,2174.7352657231922,0.0,46335.133873981904,3.18,4.69,0.0,0.36399292019679436,0.5373887874266265,0.0,11.449660931262473
060375758021,4999.188613854115,7317.725593450566,710.0656252788731,160135.39908204557,3.12,4.57,0.44,1.2353264094527305,1.8082493742416408,0.17546103720125722,39.57031887656563
060375758022,3933.7014572113935,2930.6597314894834,374.35763573662746,160801.16398898154,2.45,1.82,0.23,0.9720387991621655,0.7241817909001691,0.09250578638384545,39.73483296786149
060375758031,4720.918717002067,15297.030097376059,0.0,99677.02597463658,4.74,15.35,0.0,1.1665644204402765,3.7799784575268203,0.0,24.63072952697512
060375758032,10060.169801042577,18355.839188667913,0.0,99909.8155547314,10.07,18.37,0.0,2.4859220963110826,4.535826644865727,0.0,24.68825308496603
060375759011,2438.7974447342744,2671.1278179406454,0.0,66179.55226650528,3.69,4.04,0.0,0.6026399729022109,0.6600500583997801,0.0,16.353323508140996
060375759012,793.1226521503545,0.0,0.0,78361.1235065542,1.01,0.0,0.0,0.19598487550986324,0.0,0.0,19.36345531628273
060375759013,0.0,293.6268809266965,0.0,59143.99225772013,0.0,0.5,0.0,0.0,0.07255678242040528,0.0,14.614798768335005
060375759014,0.0,0.0,0.0,281925.310718876,0.0,0.0,0.0,0.0,0.0,0.0,69.66526145043697
060375759021,22445.03670085935,70787.22941867025,5474.710258410644,165994.84165057895,13.52,42.64,3.3,5.546289356010376,17.49190532850426,1.3528303668267656,41.018218667648014
060375759022,1390.472411582247,19558.74016452193,1390.4709732962249,90050.8947308472,1.54,21.72,1.54,0.3435932156836005,4.833069949371359,0.3435928602753843,22.252060693925547
060375759023,235.2200716961625,235.22043781653392,0.0,94469.11432381495,0.25,0.25,0.0,0.058124145545214216,0.058124236015528255,0.0,23.343826531851548
060375760011,43841.3593484171,41542.691404495476,0.0,1279568.1122494754,3.43,3.25,0.0,10.833435825829682,10.265422606680584,0.0,316.1881664906273
060375760012,195273.02014994723,336408.5219824365,0.0,1599055.429311972,12.21,21.04,0.0,48.25301413439817,83.12835615327523,0.0,395.1352018472767
060375760013,23934.982181481133,128345.92577702829,15211.6926767536,267717.63059984567,8.94,47.94,5.68,5.914462902364701,31.714968948889062,3.7588911216504837,66.15446723486052
060375762001,3691.7509143182033,6816.293027042648,910.69244453762,136748.12726428694,2.7,4.98,0.67,0.912251517964356,1.6843426886393527,0.2250370039067339,33.791198152562096
060375762002,8157.285701938704,23916.66959157075,1707.4157036471925,103179.25707446499,7.91,23.18,1.65,2.015709195114217,5.9099377628492435,0.421911608772768,25.496149678884386
060375762003,5850.52336453903,20477.31595151716,1398.087277545363,68318.53208600705,8.56,29.97,2.05,1.4456958077769806,5.060054969623318,0.3454748900422375,16.881876932389545
060375762004,2789.5815697608136,6366.741269240003,1395.9123119728536,63286.205749252134,4.41,10.06,2.21,0.6893206179295197,1.5732560300382954,0.3449374443447647,15.63836201327846
060375762005,128471.88162271738,167154.34889985106,77544.67072295657,325131.5618733604,39.51,51.41,23.85,31.746093316186087,41.304739148793345,19.161705439741908,80.34175862373199
060375763011,20722.160641138245,34313.25397211608,8053.963934856365,140241.9629741968,14.78,24.47,5.74,5.120557410052346,8.47898971215947,1.990177830445474,34.654543758442976
060375763012,13399.714827287025,39266.166351151325,3008.251392158522,123274.9246591768,10.87,31.85,2.44,3.311141643947992,9.70288101495442,0.7433551078084627,30.46189728324195
060375763013,395.0305852055788,11075.365555035782,0.0,122706.11835412387,0.32,9.03,0.0,0.09761418344842211,2.73678243036542,0.0,30.321342184250916
060375763014,18181.012356164516,64735.06477212116,0.0,162308.26148974677,11.2,39.88,0.0,4.492625993729279,15.996382874816655,0.0,40.1072448706963
060375763021,3011.72262599707,5443.919022056927,0.0,87617.99128072419,3.44,6.21,0.0,0.7442128683702989,1.3452216866217346,0.0,21.65087715881012
060375763022,1106.664765866088,8056.403548174687,0.0,73838.61368903494,1.5,10.91,0.0,0.2734628191256109,1.9907806720251302,0.0,18.245918802635636
060375763023,5745.6454943711105,17175.429976830757,0.0,162246.46086237987,3.54,10.59,0.0,1.419779921661673,4.244141176287351,0.0,40.09197360309589
060375764011,12346.751449529113,17399.21222606478,1738.8672074506085,162463.13286531053,7.6,10.71,1.07,3.0509487268161677,4.299438974349905,0.42968344461782715,40.145514421033326
060375764012,6689.785052824641,14069.89576164421,3179.517475976317,161554.77337913195,4.14,8.71,1.97,1.6530818874115736,3.476746959384345,0.7856758787826466,39.92105390369185
060375764021,12525.521849079829,14434.99990808015,4849.383328178601,132160.1948394673,9.48,10.92,3.67,3.095123854592185,3.5669661587646417,1.198308717190085,32.657495360581464
060375764022,3311.848313198872,6544.181207706539,0.0,192286.18136269954,1.72,3.4,0.0,0.8183755407943953,1.617102393720579,0.0,47.51495019649441
060375764031,14764.48663671198,18605.03988788781,2460.235232634964,162256.40943916654,9.1,11.47,1.52,3.6483841025315784,4.597405478708344,0.6079373656592231,40.094431949957816
060375764032,6200.732330258773,7478.19624939612,2205.1019694749516,162282.80814983082,3.82,4.61,1.36,1.532234327844379,1.8479025368933533,0.5448925633411055,40.10095521342675
060375765011,8945.902758800165,19733.0469883654,697.8930934186798,168410.23107737687,5.31,11.72,0.41,2.2105807137814812,4.8761421035695305,0.1724531390725229,41.61507439334867
060375765012,8851.31230506273,12756.315024435939,2536.913927468901,122961.1219972811,7.2,10.37,2.06,2.18720690362754,3.152154090228575,0.6268850837965674,30.3843549567688
060375765021,9214.987959092403,16659.115156831667,6620.283653030271,162105.36225433566,5.68,10.28,4.08,2.2770731148468637,4.116557005734325,1.635907717502884,40.05710737773064
060375765022,4049.576435371402,7110.726434892868,555.1515076478031,84696.24037493042,4.78,8.4,0.66,1.000672129842894,1.7570987682028587,0.13718092506938234,20.92889678668191
060375765023,0.0,0.0,0.0,60808.919475957126,0.0,0.0,0.0,0.0,0.0,0.0,15.026211243712526
060375765031,4863.586529443687,9941.887664159045,0.0,162200.04348934305,3.0,6.13,0.0,1.201818404656749,2.456693943755726,0.0,40.08050362042492
060375765032,6053.592794018393,9500.916746264113,605.0480832340559,149581.19432937255,4.05,6.35,0.4,1.4958753566127982,2.347727656873373,0.14951063741352857,36.96231808507379
060375766011,652.5264890714434,652.5285831682627,0.0,234989.11669460623,0.28,0.28,0.0,0.1612428069994291,0.16124332446202247,0.0,58.067075321452904
060375766012,2013.2951029354438,4081.800510511858,0.0,128021.49696410487,1.57,3.19,0.0,0.49749605441683875,1.0086348722229028,0.0,31.634800843312682
060375766013,5015.659710907481,10872.9979102967,0.0,128551.7104637009,3.9,8.46,0.0,1.2393965061732852,2.686776296315558,0.0,31.7658194523894
060375766020,0.0,0.0,0.0,2636424.849826671,0.0,0.0,0.0,0.0,0.0,0.0,651.4747682259336
060375766021,16257.333723349013,22552.0149101419,0.0,2072903.4062099096,0.78,1.09,0.0,4.0172746513471695,5.572724247223815,0.0,512.2255869360861
060375766022,0.0,0.0,0.0,82282.13829745044,0.0,0.0,0.0,0.0,0.0,0.0,20.332359171925543
060375766023,8228.24596594325,10205.209707304519,703.6269078779592,115334.99134719164,7.13,8.85,0.61,2.033243858220071,2.521762237675902,0.17386999548174512,28.499897033360003
060375766024,1440.5640276678632,3820.235392671375,0.0,86769.98855310885,1.66,4.4,0.0,0.3559711235847435,0.9440007240004262,0.0,21.441331121317532
060375767001,2230.878552530709,6706.524492267451,647.5354896303877,250450.89955419302,0.89,2.68,0.26,0.5512620957300185,1.6572182929806358,0.16000950417864462,61.88776507313357
060375767002,115837.76609689769,117870.94085288784,0.0,2028844.235194186,5.71,5.81,0.0,28.624135379678172,29.126543803346532,0.0,501.33832867511865
060375767003,5460.533543118247,11758.242897443752,1187.351578868595,216748.6905228117,2.52,5.42,0.55,1.3493272241864862,2.9055250965564254,0.2934009648319652,53.55976785414795
060375768011,13593.785373112172,17730.605476553283,1409.2744854719745,165607.14022786886,8.21,10.71,0.85,3.3590975202056557,4.381328029927509,0.34823930932449537,40.922415559693874
060375768012,1911.838773194089,1911.8334443618792,371.386947619688,160277.1229846739,1.19,1.19,0.23,0.47242564935384274,0.47242433257072675,0.09177171336348915,39.60533961558761
060375768013,8966.482559861382,15795.457627488142,232.553180166913,188304.94644735756,4.76,8.39,0.12,2.215666093373232,3.9031425824889037,0.057465142296547464,46.53116562402843
060375768021,5478.444422031895,8736.637865885688,0.0,244135.62892092534,2.24,3.58,0.0,1.3537530987528554,2.1588702325901643,0.0,60.327227714231576
060375768022,8228.206869209656,10365.606688629246,6500.069200294511,223663.01597227916,3.68,4.63,2.91,2.033234197206802,2.56139719493233,1.6062020793017473,55.268334881926734
060375769011,7737.039062302904,15169.98131015197,0.0,121067.97133219177,6.39,12.53,0.0,1.9118639889167184,3.748584018494871,0.0,29.91654723949708
060375769012,12355.121108318961,13857.83795556803,8008.248792477397,202033.82088014905,6.12,6.86,3.96,3.0530169145441834,3.4243463343208003,1.9788813727490933,49.92364437785818
060375769013,6639.01481036071,10173.259019421816,230.5622989564273,121791.70761368255,5.45,8.35,0.19,1.6405362872803435,2.513867050758508,0.056973184835574585,30.09538636941649
060375769031,43905.71866831023,50047.80293218246,32441.506740018667,202061.8081623662,21.73,24.77,16.06,10.849339360122842,12.367081435150462,8.016470898361929,49.93056018590668
060375769032,7576.349613951116,10709.718666837352,1141.3424565474586,122640.71255163525,6.18,8.73,0.93,1.8721567614840013,2.6464291165748652,0.2820318631098313,30.3051800584768
060375769041,3602.2210820781684,5916.958234514969,1555.6708131246355,202082.11698513216,1.78,2.93,0.77,0.8901282146159909,1.4621122216651066,0.38441462971449836,49.93557860530341
060375769042,4960.294367088716,9311.205954517523,0.0,164003.65386948516,3.02,5.68,0.0,1.2257154317688885,2.300849099310394,0.0,40.52618545142808
060375770001,20418.62132005822,29425.426978890122,2021.5246940311417,203012.5565228376,10.06,14.49,1.0,5.045551210326582,7.2711813584528615,0.49952963066385997,50.16549522220025
060375770002,3948.0827064734517,6897.960989754861,0.0,202565.7989070267,1.95,3.41,0.0,0.9755924832470408,1.7045232817190001,0.0,50.05509901112194
060375770003,8526.24932968389,10811.324715758603,0.0,202238.9213968276,4.22,5.35,0.0,2.1068820930957,2.6715365180529225,0.0,49.974325819271144
060375770004,8057.89451274521,16589.539936882462,1612.2994326022622,301872.2136728036,2.67,5.5,0.53,1.9911490973940833,4.099364594468114,0.3984078663324762,74.59424851395578
060375770005,3279.4645782657103,4497.875749226016,860.5276084600735,939005.5502926076,0.35,0.48,0.09,0.8103733456204049,1.1114493028044066,0.21264100295155394,232.0333247048403
060375771001,8191.883895228499,11540.933098493862,1677.938928114008,242411.97157992408,3.38,4.76,0.69,2.0242585948651666,2.85182667579036,0.4146277389102184,59.90130270946478
060375771002,3540.0047829609025,6091.653302283986,0.0,243591.29208496897,1.45,2.5,0.0,0.8747542322891436,1.5052803130266017,0.0,60.19271915273595
060375771003,176.4244436765183,4282.436177858926,0.0,243138.62586051747,0.07,1.76,0.0,0.04359542945481848,1.0582130253386195,0.0,60.08086289266556
060375771004,6569.716866441355,19951.9599376865,434.3718954175992,243295.36966993683,2.7,8.2,0.18,1.623412392413261,4.930236671419623,0.10733563291578149,60.11959513148475
060375771005,22101.6090018894,32977.61022099284,10303.044305789224,242957.30695113708,9.1,13.57,4.24,5.461426523450015,8.148944953533928,2.545937693455152,60.036058014395906
060375772001,1718.7002484550653,5645.39374465375,0.0,259662.3614970318,0.66,2.17,0.0,0.42470008052220076,1.395007174805014,0.0,64.16396689038902
060375772002,96588.4917230124,96913.39109179334,7276.027929253252,2855243.9810660076,3.38,3.39,0.25,23.86753609255312,23.947820475014176,1.7979456570238739,705.5461531231437
060375772003,0.0,0.0,0.0,175123.7502399856,0.0,0.0,0.0,0.0,0.0,0.0,43.274021107012224
060375772004,8632.253517309273,22093.841262557067,1167.7894337911775,205655.85133900674,4.2,10.74,0.57,2.1330762983159874,5.459507073259162,0.28856705351029394,50.818667596079905
060375773001,1369.211133948283,1369.2136582916792,447.4774009552274,2580340.4651997196,0.05,0.05,0.02,0.3383394395633805,0.33834006334221833,0.11057407386097716,637.6160149683395
060375773002,293.7689736581306,293.7684953229731,0.0,138309.61715338015,0.21,0.21,0.0,0.07259189429901002,0.07259177609981844,0.0,34.1770507072636
060375773003,5105.841306764592,4650.807452487653,592.8319713641376,95990.09404480692,5.32,4.85,0.62,1.2616808638188746,1.149239549677297,0.14649197042986686,23.71966880601109
060375773004,10549.607796842956,16657.348226592076,3537.570328241843,172358.03089708998,6.12,9.66,2.05,2.6068648589678602,4.116120387763445,0.8741526654271259,42.590596973754884
060375773005,8521.240189065094,9513.338832046235,2718.3806482985424,147199.10763797202,5.79,6.46,1.85,2.10564430749227,2.350797221119182,0.6717264870707715,36.3736916445074
060375773006,0.0,0.0,0.0,74643.42595237671,0.0,0.0,0.0,0.0,0.0,0.0,18.444792243978156
060375774001,0.0,0.0,0.0,183600.6787016244,0.0,0.0,0.0,0.0,0.0,0.0,45.36871574819535
060375774002,7192.269384870351,10275.65925614973,871.7774464826662,160643.9386475885,4.48,6.4,0.54,1.7772484699630027,2.539170700317487,0.21542089846757054,39.69598173990026
060375774003,6384.551408739261,10259.066057896174,0.0,149935.62725766381,4.26,6.84,0.0,1.5776570113532429,2.535070431733282,0.0,37.04990036902373
060375774004,6026.572320277322,6437.29874449148,1220.8100032180325,151181.82640575545,3.99,4.26,0.81,1.4891984521415875,1.5906911618756716,0.3016687215441233,37.35784288489697
060375775011,2195.6374941909953,2611.2706930545737,0.0,590650.9292086014,0.37,0.44,0.0,0.5425538405656769,0.6452590407212796,0.0,145.9530231760271
060375775012,950.9414925692868,1966.1678041928928,683.7711597013569,499615.8779464777,0.19,0.39,0.14,0.2349827602742892,0.4858506452835436,0.16896353325424981,123.45777210701708
060375775013,11678.897393168365,18326.039246089575,1622.077228876527,271768.92268941324,4.3,6.74,0.6,2.885918395454752,4.528462918687207,0.4008240124107367,67.15556331208802
060375775041,0.0,16.052199385687892,0.0,3911721.9153617295,0.0,0.0,0.0,0.0,0.003966584852587404,0.0,966.6075360889308
060375775042,186.64694346059105,1951.545496552938,0.0,112272.76885014704,0.17,1.74,0.0,0.04612146416350979,0.4822373943762423,0.0,27.74320537509046
060375776021,30762.48988398572,30762.358390918285,24818.22821802419,587032.4760019404,5.24,5.24,4.23,7.601576797662106,7.6015443050175175,6.1327177511540345,145.05888391607408
060375776022,0.0,46612.584268311824,0.0,802219.6394797971,0.0,5.81,0.0,0.0,11.518220416791584,0.0,198.2327900341071
060375776041,122089.24740047823,152406.61045545465,115875.89498261726,1541890.8176844164,7.92,9.88,7.52,30.168910051934297,37.66049361471279,28.633557232528826,381.0095186846272
060375776051,6034.5962578571625,7744.51285469405,2922.303419339827,497125.6433135579,1.21,1.56,0.59,1.4911812102981226,1.9137108032365386,0.7221169011987696,122.8424217281067
060375776052,8248.718168733483,8248.71510557487,0.0,863962.5233045256,0.95,0.95,0.0,2.0383026497000247,2.0383018927770475,0.0,213.48978889449953
060375776053,0.0,26205.99797271839,0.0,462154.3101691684,0.0,5.67,0.0,0.0,6.4756431257763385,0.0,114.200817111047
060375776061,682.7489595873451,2489.4707622860365,316.76081426929267,428186.4712834588,0.16,0.58,0.07,0.16871094210514115,0.6151616223660459,0.07827330184386347,105.80718132557853
060375776062,5199.9446028307475,8995.308986856944,1229.890266168457,729471.0202226492,0.71,1.23,0.17,1.2849342946906195,2.2227892586123055,0.3039125033843101,180.25621472136
060375777001,0.0,3379.1726910422008,0.0,507979.28658439906,0.0,0.67,0.0,0.0,0.8350117568634107,0.0,125.52441538885643
060375777002,0.0,0.0,0.0,425390.1917311182,0.0,0.0,0.0,0.0,0.0,0.0,105.11620560010856
060375777003,1606.3433213620713,4642.252902407533,0.0,324852.16321462375,0.49,1.43,0.0,0.396936079192408,1.1471256743164688,0.0,80.27271771158345
060375778001,111508.92201790583,107629.27182737866,0.0,883043.7620885838,12.63,12.19,0.0,27.554454712227013,26.595772271937633,0.0,218.20486568310028
060375778002,0.0,0.0,0.0,391464.0186039775,0.0,0.0,0.0,0.0,0.0,0.0,96.73286564780537
060375778003,27716.454657866914,27716.476557664544,21288.087462430332,485824.72438803734,5.71,5.71,4.38,6.8488851011495955,6.848890512707443,5.260400973110227,120.04990384608642
060375779001,1248.520868924051,5068.674429853333,0.0,725219.1417004064,0.17,0.7,0.0,0.30851622558519437,1.2524967285217745,0.0,179.20555265716916
060375779002,7558.013238412925,72571.01967048811,2798.8301782543135,369428.67093155894,2.05,19.64,0.76,1.8676257444119113,17.932689499137123,0.6916059988593465,91.28781265545076
060375779003,0.0,0.0,0.0,310956.61520333186,0.0,0.0,0.0,0.0,0.0,0.0,76.83905301955787
060375779004,34093.750062061,74002.14778682166,8168.0872976313285,365677.96920726757,9.32,20.24,2.23,8.424749114731775,18.28632895825211,2.018378327538297,90.3609940751002
060375780001,0.0,4161.483265459222,0.0,362887.91712668,0.0,1.15,0.0,0.0,1.0283249097805258,0.0,89.67155719141334
060375780002,19785.202331696848,38490.05326963641,7412.1017409858305,206368.5483809767,9.59,18.65,3.59,4.889029969578998,9.51109929588502,1.831570228179744,50.99477887050641
060375780003,2103.882772485174,2103.890270475209,0.0,202894.2187697382,1.04,1.04,0.0,0.5198807550571464,0.5198826078508342,0.0,50.136253326578654
060375780004,12065.190371160677,17324.495349448054,408.4513490492757,1074790.9976831907,1.12,1.61,0.04,2.9813734691396294,4.280976032051493,0.10093052641759956,265.5866394799801
060375781001,1965.446110288954,1965.4480773592245,0.0,1717557.0297638008,0.11,0.11,0.0,0.4856723108361083,0.48567279690975784,0.0,424.41758503139545
060375990001,27727.148557405304,19801.195943967832,3533.1008901823316,317556.80706884223,8.73,6.24,1.11,6.851527621274401,4.892982077240258,0.8730482432304865,78.46999594824129
060375990002,16984.08863715762,109327.2078556733,1776.2739645917288,1245652.2642200557,1.36,8.78,0.14,4.196859701556982,27.015341401916228,0.43892685561063327,307.8073779255351
060375990003,0.0,48940.74163539824,0.0,915809.7900603878,0.0,5.34,0.0,0.0,12.093520631101063,0.0,226.30152752423672
060375990004,41086.98405560717,10750.983778815902,0.0,1365852.727841463,3.01,0.79,0.0,10.15281486839615,2.65662594781161,0.0,337.50955934123306
060375991001,0.0,0.0,0.0,677960202.2263465,0.0,0.0,0.0,0.0,0.0,0.0,167527.6143906979
060375991002,3079491.140073874,1632187.5468731918,0.0,757857052.9637766,0.41,0.22,0.0,760.9588328927105,403.3223263960569,0.0,187270.55617019575
060376001001,17108.24356693537,12884.25367827672,604.2759334108281,323551.1996133438,5.29,3.98,0.19,4.227539052840742,3.183768420090297,0.14931983503691007,79.95124260461428
060376001002,0.0,2388.65668253075,0.0,169560.85801239026,0.0,1.41,0.0,0.0,0.5902499207308546,0.0,41.89940050105155
060376001003,29561.439633156057,11569.256627718045,1808.8730491861452,264470.78265387175,11.18,4.37,0.68,7.304790817269607,2.858825572283798,0.4469822648448169,65.35215363460475
060376002011,8195.104495840687,5547.61751098366,0.0,231335.89291612632,3.54,2.4,0.0,2.0250544226079947,1.3708461412855437,0.0,57.164344066086706
060376002012,4299.584855060815,7358.448237405728,0.0,207631.54727733013,2.07,3.54,0.0,1.0624505557602495,1.8183121587105329,0.0,51.30687269458244
060376002013,10818.381240349574,13819.889450171811,1799.3241505194687,146738.01318474964,7.37,9.42,1.23,2.6732802232538067,3.4149690544187594,0.4446226805971965,36.2597527237515
060376002021,8747.042334637372,17597.529086427014,0.0,255821.8868062576,3.42,6.88,0.0,2.161441232810012,4.348444137781085,0.0,63.21496492691027
060376002022,9329.518053775842,12002.459811713647,1158.9876332418828,363804.1331889733,2.56,3.3,0.32,2.3053741175830855,2.965872410317822,0.28639208122796256,89.89795911099267
060376002023,5655.412349012573,9890.196654666073,2700.156028451502,209528.1170747318,2.7,4.72,1.29,1.3974828258568694,2.4439208171365423,0.6672230854313745,51.77552529784848
060376003021,1216.5007069560374,5523.586330716472,1216.5005687952314,410885.1351435263,0.3,1.34,0.3,0.3006038712474479,1.3649079073185137,0.30060383710716926,101.53192805882885
060376003022,10632.041767790784,14213.445075695425,6093.730535255199,195882.47411655827,5.43,7.26,3.11,2.627234736804777,3.5122187673923206,1.5057936084723496,48.40361348930427
060376003023,8282.112821494615,7898.126135732333,4959.70714567591,212675.66863763088,3.89,3.71,2.33,2.046554648109528,1.9516694716459266,1.2255703261976716,52.55330222748623
060376003031,1814.2805922611278,1814.282999288606,0.0,137413.85298389907,1.32,1.32,0.0,0.4483184978391606,0.44831909262860387,0.0,33.95570256045935
060376003032,0.0,622.1504509527272,0.0,114034.51591477526,0.0,0.55,0.0,0.0,0.1537367245126426,0.0,28.178542555544077
060376003033,0.0,0.0,0.0,113089.25436876298,0.0,0.0,0.0,0.0,0.0,0.0,27.94496334063047
060376003041,3330.671867373725,5850.166532329699,0.0,188728.46786790722,1.76,3.1,0.0,0.8230269423293403,1.4456076326177743,0.0,46.63582004621287
060376003042,7449.8492165422085,1879.9612492714823,0.0,123869.60093657847,6.01,1.52,0.0,1.8408978325265253,0.4645485416447183,0.0,30.608844991618763
060376003043,710.4267366494713,8868.067218037648,0.0,133161.07644228407,0.53,6.66,0.0,0.175550269764241,2.1913471327896565,0.0,32.90481859084897
060376004001,7429.880926797753,3053.4113823178304,0.0,160054.1755552308,4.64,1.91,0.0,1.8359635606719746,0.7545143844038321,0.0,39.550248105987954
060376004002,531.8580078900094,0.0,0.0,161229.08867319516,0.33,0.0,0.0,0.1314249759260274,0.0,0.0,39.840575460193314
060376004003,612.3521347946213,0.0,0.0,265511.38819150865,0.23,0.0,0.0,0.15131550786065795,0.0,0.0,65.60929286293937
060376004004,22786.82096512643,16570.974774159007,4489.121576306892,395090.09739685466,5.77,4.19,1.14,5.630746087011567,4.0947770428513355,1.1092860995657972,97.62888923114927
060376005011,0.0,0.0,0.0,332784.2431246092,0.0,0.0,0.0,0.0,0.0,0.0,82.23277734356844
060376005012,43877.047956783455,43903.209146187444,43877.08478014002,324294.78229595855,13.53,13.54,13.53,10.842254673014082,10.84871924370139,10.842263772263655,80.13498588705417
060376006011,12705.845927200719,19344.48243058517,8472.956284286152,192425.95235647698,6.6,10.05,4.4,3.1396829047039625,4.780125710294626,2.0937130947831455,47.54948836122983
060376006012,0.0,0.0,0.0,264090.1200014705,0.0,0.0,0.0,0.0,0.0,0.0,65.25808984467284
060376006013,0.0,0.0,0.0,190318.81313795198,0.0,0.0,0.0,0.0,0.0,0.0,47.02880292083178
060376006021,144371.3997117019,183172.78514986552,117823.99366818814,690275.6734137533,20.92,26.54,17.07,35.6749497987087,45.26298094886064,29.114942901362504,170.57083359640993
060376007021,790.1227210748222,1556.79071378559,0.0,325409.58290518104,0.24,0.48,0.0,0.1952435763970686,0.38469136319452885,0.0,80.41045911685592
060376007022,1562.6408664689075,4971.6110231874045,0.0,324995.9090544987,0.48,1.53,0.0,0.38613696740498116,1.2285118383910878,0.0,80.30823808218008
060376007023,133550.58547011676,228252.1505512513,95820.85705673775,1780120.1618304537,7.5,12.82,5.38,33.00106836775647,56.4023347326678,23.677849435515903,439.87727164650636
060376007031,0.0,0.0,0.0,520143.43764078117,0.0,0.0,0.0,0.0,0.0,0.0,128.53024257586796
060376007041,22861.22126692677,38796.6255933846,3290.429736074429,469988.97027861746,4.86,8.25,0.7,5.6491308019692115,9.58685496689209,0.8130828951235759,116.136803786058
060376007042,0.0,0.0,0.0,494054.5931272192,0.0,0.0,0.0,0.0,0.0,0.0,122.08354870030665
060376008011,2832.3829238296553,5853.169765444032,731.5074396789768,232625.48039648426,1.22,2.52,0.31,0.6998970628540121,1.4463497476821263,0.18075942492794297,57.48300807235584
060376008012,5846.416529373708,12176.81853532207,2616.3533994393656,255085.5516111371,2.29,4.77,1.03,1.4446809867068309,3.0089573892272097,0.6465150048213792,63.033012537632324
060376008013,13486.3499804735,17248.754054130266,7488.293556415922,213787.37111618766,6.31,8.07,3.5,3.332549656524602,4.262259950379174,1.8503976357962724,52.828009892527994
060376008014,0.0,0.0,0.0,269539.01115888386,0.0,0.0,0.0,0.0,0.0,0.0,66.60454017269853
060376008021,0.0,0.0,0.0,1486414.3532485804,0.0,0.0,0.0,0.0,0.0,0.0,367.3009857777603
060376008022,0.0,2163.423116575798,0.0,196996.65667980973,0.0,1.1,0.0,0.0,0.5345934944963462,0.0,48.678933996620586
060376008023,10313.984086499733,21669.20086671966,3852.1369276947535,262959.4978401379,3.92,8.24,1.46,2.5486409721407894,5.354576146259391,0.9518837649817663,64.97870702420151
060376009021,4321.482130934871,2467.686972187742,0.0,149025.84684167942,2.9,1.66,0.0,1.0678614904681998,0.6097787306040062,0.0,36.82508873228055
060376009022,432.2637213240754,2336.169140910264,0.0,170376.24238404524,0.25,1.37,0.0,0.1068146917522021,0.5772799667364508,0.0,42.10088636725172
060376009023,23645.52704690704,30243.844053506356,724.045473922607,196405.12671442522,12.04,15.4,0.37,5.8429369809181395,7.473416621875148,0.1789155330332203,48.532763758874985
060376009024,27995.38443484844,41778.78690266565,14501.657612271769,284629.2731056222,9.84,14.68,5.09,6.917810150093167,10.323763074818606,3.5834376361866376,70.33342510748676
060376009111,664.500197330139,6612.968073003152,0.0,267652.93395235244,0.25,2.47,0.0,0.16420157474627065,1.6340999983096292,0.0,66.13848034510205
060376009112,13970.935330044631,20045.86253967868,2602.8608941174552,415458.389452069,3.36,4.82,0.63,3.452293304183776,4.95344050970566,0.6431809341468608,102.66200380928765
060376009121,13155.987940666539,16202.969617562834,0.0,387351.5500062513,3.4,4.18,0.0,3.250915418655832,4.003840988248754,0.0,95.7166525261925
060376009122,5832.1450801022,8086.883022219978,0.0,526050.3451027717,1.11,1.54,0.0,1.4411544347905056,1.9983123140860104,0.0,129.98987119755435
060376009123,0.0,0.0,0.0,171642.20547722906,0.0,0.0,0.0,0.0,0.0,0.0,42.413712660316264
060376010011,30811.63415630084,65457.382250540395,13533.599773495585,430151.55883467296,7.16,15.22,3.15,7.61372061181946,16.17487141086184,3.344225334653569,106.29276503453768
060376010012,88433.97958857875,149651.35603912544,33238.077814547876,453872.36196034873,19.48,32.97,7.32,21.852512260895264,36.97965542112667,8.213307897599178,112.15430313961531
060376010021,4091.691902558073,6015.186190985869,2306.310277124271,156918.9323746599,2.61,3.83,1.47,1.011079088427724,1.4863848783195883,0.5699016808104368,38.77551264386065
060376010022,21751.873170871586,29580.439287321653,0.0,222426.2406202345,9.78,13.3,0.0,5.375004917513622,7.309485734059941,0.0,54.962721036770546
060376010023,12369.688074166846,24434.760255315097,3068.493852840659,253906.71777750563,4.87,9.62,1.21,3.0566164901968444,6.037960753948368,0.758241344035843,62.74171635348642
060376011001,13627.333689540594,31036.45239179775,11196.148499954656,193882.36327307622,7.03,16.01,5.77,3.367387489734282,7.669274407662699,2.766628546044326,47.90937533634902
060376011002,13663.353840092479,29730.67388269847,4972.330313884054,194418.7776845757,7.03,15.29,2.56,3.37628826277691,7.346609511060095,1.228689578993069,48.04192622412709
060376011003,25768.30255441495,39579.762755718686,3491.3659802426105,252277.40433189948,10.21,15.69,1.38,6.367486232470037,9.780372374131769,0.8627353223893339,62.33910423298033
060376012021,13044.382534624361,19199.598236822916,4044.888878077101,242918.97062035676,5.37,7.9,1.67,3.2233371222219818,4.744324046326442,0.9995138092095364,60.026584900754386
060376012022,28684.104768653582,31673.37681127015,2511.1428980059773,243935.4952027704,11.76,12.98,1.03,7.08799665090228,7.826661859302179,0.6205169237303301,60.277773595462456
060376012023,5555.343369900451,12551.969030587965,0.0,167417.64241339976,3.32,7.5,0.0,1.3727552426003387,3.1016590954674843,0.0,41.36980039289663
060376012111,6160.946257521899,30200.941714602388,1809.2789845560037,293604.7529704089,2.1,10.29,0.62,1.5224029751636534,7.4628152230544496,0.4470825736592368,72.55131448332573
060376012112,20458.221017662952,34010.12504478673,4283.32867659968,286196.5446013805,7.15,11.88,1.5,5.055336508709183,8.404084922938019,1.0584335665804123,70.72070632830872
060376012121,0.0,0.0,0.0,151504.3500632037,0.0,0.0,0.0,0.0,0.0,0.0,37.4375402163029
060376012122,10255.215874692352,13312.484597520946,7749.843516035401,152775.0144862208,6.71,8.71,5.07,2.5341190307439834,3.2895865847461763,1.9150280383407656,37.751528233269305
060376012123,2462.159000291134,4322.989031483807,0.0,124844.94613796554,1.97,3.46,0.0,0.6084127389997551,1.0682338537031777,0.0,30.849858039669684
060376012124,12828.541316075107,27822.379704928615,609.5600835924737,155946.27228065673,8.23,17.84,0.39,3.1700015955760303,6.8750597503107045,0.1506255769832754,38.53516310029411
060376013011,4440.226182301974,6811.477607913066,0.0,265322.6695223092,1.67,2.57,0.0,1.0972037845782245,1.683152772658413,0.0,65.56265946419686
060376013012,30181.30232024776,41316.78102935553,4627.570954531389,349146.8886268828,8.64,11.83,1.33,7.457962223020665,10.209598937254238,1.1434976859858534,86.27607510221976
060376013021,30932.729885570243,51486.047817314364,8569.908317681204,622979.9311601038,4.97,8.26,1.38,7.64364401819462,12.722479486134182,2.117670463979247,153.94169353570584
060376013022,6344.449483530587,12748.865279741944,0.0,183650.1059709255,3.45,6.94,0.0,1.5677476098269858,3.1503132182241322,0.0,45.38092949243089
060376013023,0.0,0.0,0.0,97761.67083052397,0.0,0.0,0.0,0.0,0.0,0.0,24.157434963444075
060376013024,760.5642819969388,2016.460439737988,0.0,315276.5188609599,0.24,0.64,0.0,0.18793952703315428,0.49827822617490347,0.0,77.90652446077745
060376013031,17222.815240652915,22893.507390554063,0.0,122986.13863990433,14.0,18.61,0.0,4.255850329980047,5.65710887686423,0.0,30.39053670378724
060376013032,0.0,757.7269002224106,0.0,116734.64767071561,0.0,0.65,0.0,0.0,0.18723839472739148,0.0,28.845759643107325
060376013033,28783.232686963318,27328.41479928993,719.3840934697085,198730.50834004238,14.48,13.75,0.36,7.112491692970253,6.752998363871465,0.17776368083824326,49.107378072529855
060376014011,2773.0384407872248,15995.756854061736,0.0,212566.08060295545,1.3,7.53,0.0,0.6852327217338405,3.9526375992789498,0.0,52.52622243437352
060376014012,6014.876072919615,9777.97006299395,2452.2450799245057,226174.48354849702,2.66,4.32,1.08,1.4863082464765267,2.416189022390643,0.6059629559257244,55.88893203539047
060376014013,182511.4073217289,301049.5225121714,50910.5462385371,1134368.0530596378,16.09,26.54,4.49,45.09955092834502,74.3909571008781,12.580269948975468,280.30845047546745
060376014021,5929.490953449381,18165.803851501907,486.0307171013264,231160.05621678193,2.57,7.86,0.21,1.4652091239582152,4.48886789038308,0.12010080575408318,57.120893871419284
060376014022,8693.31823550719,22105.395862785335,1550.2494856115845,228809.11819964618,3.8,9.66,0.68,2.1481657188004686,5.462362277156268,0.38307499051132743,56.53996443588929
060376014023,1260.1882505892313,28279.346687600217,0.0,310324.2230387018,0.41,9.11,0.0,0.31139929838229174,6.98797875088167,0.0,76.68278551248011
060376014024,1839.4791549019087,2266.0295635551047,0.0,213017.6329183699,0.86,1.06,0.0,0.45454519827293505,0.5599480997181583,0.0,52.63780344152639
060376015011,27642.992951927852,26313.22346384541,809.0611972751334,228555.82953201712,12.09,11.51,0.35,6.830732318280295,6.502139121664285,0.19992337578295336,56.4773754430535
060376015012,28807.102250775642,28591.443228447628,8886.8167720947,244571.03282744708,11.78,11.69,3.63,7.118389990641552,7.065099485662352,2.1959802484972637,60.434818362644926
060376015021,13445.278098138511,15718.927815538424,0.0,242382.92395675924,5.55,6.49,0.0,3.32240057337264,3.884231654113458,0.0,59.89412488546192
060376015022,553.7598202737296,13273.915285911971,0.0,248417.88767860463,0.22,5.34,0.0,0.13683703162992886,3.2800559002881147,0.0,61.38539689808903
060376016001,0.0,0.0,0.0,174387.57184218863,0.0,0.0,0.0,0.0,0.0,0.0,43.09210746319672
060376016002,21959.964797746674,16642.82629147497,5991.606561368916,182320.4740217999,12.04,9.13,3.29,5.426425478352714,4.112531939446691,1.4805582249482367,45.05237028243127
060376016003,7642.397124443455,15308.136137975322,0.0,555741.1026130366,1.38,2.75,0.0,1.8884774567591673,3.782722819925691,0.0,137.3266171581775
060376017001,25276.243635762905,23070.377440771354,9488.585000415964,221663.92134970697,11.4,10.41,4.28,6.245895825672203,5.700814418093291,2.3446804161114096,54.77434784262707
060376017002,18889.71907996949,27967.5517547692,12228.29084246418,326088.8324909867,5.79,8.58,3.75,4.667751239063453,6.910932545064933,3.0216764733185557,80.57830534486784
060376017003,24390.272429059034,34609.76797539882,11361.12332948186,210295.96374559787,11.6,16.46,5.4,6.026967572670718,8.552259918051007,2.8073947142271263,51.96526434236113
060376018011,17030.146921082567,22702.295688783004,3825.8764863364686,165049.92279455814,10.32,13.75,2.32,4.208240951375979,5.609859436357107,0.9453946686024313,40.784724133275475
060376018012,29984.021359713945,47157.86964638538,5153.944694086816,321672.77800776716,9.32,14.66,1.6,7.409213036011748,11.652963368148916,1.2735674696929953,79.4870745172121
060376018021,23487.245494548093,17648.832066278705,509.9532414280734,165501.59325612595,14.19,10.66,0.31,5.803824757543267,4.361121380187739,0.12601219025350155,40.89633433497864
060376018022,10377.252224352545,9445.387589509352,0.0,158058.8354714282,6.57,5.98,0.0,2.564274869479626,2.3340061034109376,0.0,39.05718883342319
060376018023,11874.232238228376,12126.39932845995,2326.5250123910782,160541.86722575608,7.4,7.55,1.45,2.9341866868571356,2.996498531882273,0.5748968506797989,39.67075934227147
060376019001,19035.402074534926,2753.5873379218865,0.0,362646.8364323485,5.25,0.76,0.0,4.703750291008824,0.680426249540344,0.0,89.61198485447618
060376019002,46059.97760316648,22188.37147957449,0.0,334011.37446657126,13.79,6.64,0.0,11.381668335999544,5.482865998595425,0.0,82.5360081019343
060376020021,11578.830628175008,28621.91559553409,2432.7894152760496,212403.37416795778,5.45,13.48,1.15,2.861191359318883,7.07262937155546,0.6011553564910703,52.48601679868626
060376020022,7894.09706271604,6966.366803651779,0.0,324278.3458664256,2.43,2.15,0.0,1.9506738660212766,1.7214267264565701,0.0,80.13092435686447
060376020031,13699.849625596307,24078.478631936865,2808.2112100732766,315148.1967327451,4.35,7.64,0.89,3.385306567775778,5.949921647493748,0.6939241023055269,77.87481537233424
060376020032,4471.703837888384,15077.7094898707,2997.640092158287,309985.934024492,1.44,4.86,0.97,1.1049820826695964,3.725783155145598,0.7407329984740422,76.59919247657764
060376021031,61762.74461747605,81969.44739798045,13897.877366928813,312555.9655152207,19.76,26.23,4.45,15.261906569160532,20.2550915679307,3.4342402883388274,77.23426108847679
060376021032,4684.269074255752,5177.36012391755,0.0,163024.48452436825,2.87,3.18,0.0,1.157508096488813,1.2793535484135365,0.0,40.284227436882006
060376021033,29740.19250244168,30680.614981457562,3494.4841729858504,360322.40418327117,8.25,8.51,0.97,7.348961613222782,7.581345068640299,0.8635058445966404,89.03760513687335
060376021041,7571.578306729474,4875.520718096427,0.0,342129.85801734467,2.21,1.43,0.0,1.8709777457929004,1.2047674068962855,0.0,84.54212907668307
060376021042,35755.4618098466,43600.90253706539,5041.986772741295,401636.2742174827,8.9,10.86,1.26,8.835367030056807,10.77401765373424,1.2459020648306396,99.2464847515621
060376021051,96498.63500429003,90908.12458975494,82681.2787660993,336608.8031590779,28.67,27.01,24.56,23.84533201379584,22.46388680521599,20.430988929690006,83.17784670982991
060376021052,67364.86770007458,70152.32910212825,48054.23343494269,302000.5247267379,22.31,23.23,15.91,16.646221330512056,17.335018043591525,11.874459684053724,74.62595486588467
060376021061,25245.473245913483,22929.89755912095,4064.3141025080336,329486.84681456716,7.66,6.96,1.23,6.238292296750568,5.666101083349606,1.0043138867026273,81.41797297052709
060376021062,12619.804662741573,60076.70935258877,0.0,328216.4417673071,3.84,18.3,0.0,3.118421645227868,14.845278181863467,0.0,81.10404904670608
060376021063,1045.763051270146,1561.618790279843,0.0,162170.14223202274,0.64,0.96,0.0,0.2584136777083762,0.38588440687839387,0.0,40.07311485882844
060376022011,28454.36417828429,13925.462723674169,2425.0586009290937,224899.20040784022,12.65,6.19,1.08,7.031226514680584,3.441056778440297,0.599245030662814,55.57380270843982
060376022012,652.1054370288854,81533.4106104947,0.0,353644.3119764855,0.18,23.06,0.0,0.1611387627738353,20.14734453122532,0.0,87.38741261464267
060376022013,12906.629069891775,5715.29832256741,0.06840597663435893,681898.019672292,1.89,0.84,0.0,3.189297499770812,1.4122809721966698,1.690348495086726e-05,168.50067027282634
060376022014,15671.57858455074,17983.131149962443,15671.583610002537,354474.0868610998,4.42,5.07,4.42,3.8725314043280696,4.443728482785533,3.872532646144253,87.59245445403717
060376022021,14089.23574543541,11855.151146636288,890.1392795230034,333388.4344414273,4.23,3.56,0.27,3.4815259734566384,2.9294716464404624,0.21995820622543946,82.38207626938993
060376022022,6895.615323020712,10803.079475687076,0.0,162392.1834648677,4.25,6.65,0.0,1.7039436548458635,2.6694990748597593,0.0,40.12798244237203
060376023011,17596.78489482516,11918.878664498352,1305.9953733631137,257607.82764209804,6.83,4.63,0.51,4.348260244031424,2.9452190590517233,0.3227184849292452,63.65628051842842
060376023012,10500.296210475926,10419.177329193166,0.0,257015.71216196823,4.09,4.05,0.0,2.5946797006078843,2.574634788504318,0.0,63.50996559683832
060376023013,21906.208562538006,23400.245532686513,3091.268505807964,349778.6999764713,6.26,6.69,0.88,5.413142023345237,5.782326598779832,0.7638690833451112,86.43219908677511
060376023014,2514.84511920576,7717.646735339118,0.0,481441.30358406564,0.52,1.6,0.0,0.6214317625121782,1.9070720405647958,0.0,118.96673697618989
060376023015,261310.84875016077,212337.48847616767,80258.41768274538,440523.7343916499,59.32,48.2,18.22,64.57131696191722,52.46973608968323,19.832286917445884,108.85578543218887
060376023021,0.0,0.0,0.0,276275.2455453118,0.0,0.0,0.0,0.0,0.0,0.0,68.26909994040903
060376023022,839.5074791386539,839.5004548447944,839.5004548447944,174718.86073758773,0.48,0.48,0.48,0.20744681587709543,0.2074450801362817,0.2074450801362817,43.17397073207015
060376023023,16705.251048991675,16705.25954459162,11765.780607961164,581641.4601354206,2.87,2.87,2.02,4.127957432965852,4.127959532274317,2.90738770538922,143.72673488388213
060376023024,142899.8675076308,366008.25923431903,55387.69098086445,914910.7963714265,15.62,40.0,6.05,35.3113262720805,90.44261051822954,13.686596508411982,226.0793813457894
060376024021,18541.843774201152,30192.0127950909,720.0640856394832,256214.3753237637,7.24,11.78,0.28,4.58178937892856,7.460608838992473,0.17793171056275012,63.3119509517501
060376024022,24156.052637070876,20545.920097868977,2076.824432564391,255158.75071326582,9.47,8.05,0.81,5.969090601624324,5.077007423377813,0.513194493649153,63.0511004296869
060376024023,15512.983525736927,24713.46875774655,0.0,260742.58936123885,5.95,9.48,0.0,3.833341711821075,6.106831124759833,0.0,64.43089700884536
060376024024,16022.205382238653,18156.832858067613,0.0,248452.00142269905,6.45,7.31,0.0,3.959173172923352,4.486651109628359,0.0,61.39382658783675
060376024025,26929.961040910617,27955.342650181712,2408.293617008768,300347.243523176,8.97,9.31,0.8,6.654538295910119,6.907915609618469,0.5951023129158909,74.217420183406
060376024031,24055.65948685559,29025.81382987962,4842.3567417203485,192784.1891408023,12.48,15.06,2.51,5.9442829139436855,7.172434798827326,1.1965724098629065,47.63801059847611
060376024032,14335.705177804728,15443.383487570856,539.3514818454347,196562.32268141568,7.29,7.86,0.27,3.5424298965622545,3.8161431678399187,0.13327665366629704,48.57160772826327
060376024033,10606.499365462227,10934.695849460646,0.0,196387.32923673015,5.4,5.57,0.0,2.6209230717337904,2.702022189108402,0.0,48.528365906359994
060376024041,11297.430147678337,13031.30577606003,0.0,195496.87749512924,5.78,6.67,0.0,2.7916557862407094,3.2201057848085886,0.0,48.308330489073604
060376024042,13295.730801952468,13823.093299652008,0.0,196111.04567206436,6.78,7.05,0.0,3.2854466317012045,3.4157607428667265,0.0,48.460094750720145
060376024043,27878.33231814269,22432.56985158786,6498.2705625576855,254165.68926966703,10.97,8.83,2.56,6.888885942143053,5.543208730465451,1.605757626237668,62.80570960284608
060376025041,2353.961797534538,1257.4053499017627,0.0,160297.76483819782,1.47,0.78,0.0,0.5816766279389063,0.31071162864632956,0.0,39.61044032867684
060376025042,22621.07133473244,8242.417014156716,801.3493119799703,161151.74449942535,14.04,5.11,0.5,5.589788461365019,2.036745600494649,0.19801772742526103,39.82146329862966
060376025051,3507.4533915568545,15096.762615390542,0.0,161422.2198330581,2.17,9.35,0.0,0.8667106082989593,3.7304912849953205,0.0,39.88829920912444
060376025052,19884.768957641045,19144.100967745264,566.5956518392611,162169.97823912677,12.26,11.8,0.35,4.913633418664338,4.730610372480623,0.1400088346853778,40.07307433530132
060376025061,1000.0210536875255,1000.0221560157461,0.0,163196.0823780468,0.61,0.61,0.0,0.2471105839466526,0.24711085633788807,0.0,40.32663018997419
060376025062,5379.434925978089,12408.34442330928,0.0,161470.31470807822,3.33,7.68,0.0,1.3292873194616082,3.066168682097813,0.0,39.9001837115629
060376025071,9217.123343764102,10517.641886892827,3795.2971947930823,161793.39448654454,5.7,6.5,2.35,2.2776007798907427,2.5989659105956884,0.9378383611006071,39.98001846346515
060376025072,16972.54384333266,21564.594401040977,0.0,160834.05034397793,10.55,13.41,0.0,4.194006920874905,5.3287273256539285,0.0,39.74295936315794
060376025101,31421.845736978372,18331.2275253695,1917.7908243312474,161920.10151303528,19.41,11.32,1.18,7.764507177238463,4.529744970417831,0.4738964332206024,40.01132845158072
060376025102,8904.213781318012,5003.944594669375,0.0,162662.64464220236,5.47,3.08,0.0,2.200279143097778,1.2365016379063358,0.0,40.19481485476937
060376025111,632.3368217577222,1696.3168649456302,0.0,180226.037635572,0.35,0.94,0.0,0.15625383155617686,0.4191690260015759,0.0,44.53482378025371
060376025112,8215.032515149192,36462.9109618426,0.0,161533.32025553606,5.09,22.57,0.0,2.029978743421108,9.0101815226294,0.0,39.91575272140202
060376025121,0.0,507.0266955644889,0.0,120253.95453738079,0.0,0.42,0.0,0.0,0.12528902502149933,0.0,29.71539930889464
060376025122,7241.020070027042,5271.727414343275,0.0,181395.26921671853,3.99,2.91,0.0,1.7892950266154324,1.3026722137122082,0.0,44.82374719613639
060376025131,17783.768149401407,78134.77137862492,5189.23244004052,1799139.8285855409,0.99,4.34,0.29,4.394464812481459,19.307522487364864,1.2822872616180017,444.57713365540053
060376026011,0.0,1681.2665756537415,0.0,362529.6247199702,0.0,0.46,0.0,0.0,0.4154500185249126,0.0,89.58302120957653
060376026012,2651.9122324844866,2651.9121588731487,1438.2565004133908,287045.59026827716,0.92,0.92,0.5,0.6553017838255211,0.6553017656357634,0.35540092118228117,70.93051008171027
060376026013,3417.7178001768602,3417.7181970737365,0.0,366301.1906668555,0.93,0.93,0.0,0.8445364607598241,0.8445365588351782,0.0,90.51499545161019
060376026014,7574.382832208955,10016.289063094768,1672.2568748543365,282363.2065770334,2.68,3.55,0.59,1.871670759131342,2.4750789298214286,0.4132236729719706,69.77346787350984
060376026021,58652.883026836505,69235.63230924473,24365.532953660804,418433.1340661998,14.02,16.55,5.82,14.493443034495462,17.108497332896317,6.020854315165141,103.39707921192984
060376026022,0.0,0.0,0.0,230458.88249114208,0.0,0.0,0.0,0.0,0.0,0.0,56.9476300704703
060376027001,154348.43712278013,169023.1649715882,60924.289379394344,1192378.4641031988,12.94,14.18,5.11,38.140329434085366,41.76653365709192,15.054719767711209,294.64313522545365
060376027002,54889.314730021055,87926.87549824268,44763.43447055354,1290663.2812169516,4.25,6.81,3.47,13.56344505483315,21.72720411120921,11.061285550626591,318.9298424507781
060376028011,8364.28108618884,13310.942268758674,3204.627299156064,322993.81263893045,2.59,4.12,0.99,2.066858868501289,3.2892054670090274,0.791880651218051,79.81350928367704
060376028012,5804.70522348271,67570.59658642119,3392.302038564765,930733.4023625302,0.62,7.26,0.36,1.4343738985531422,16.69705804545155,0.8382560892913888,229.9892324350257
060376028021,566.0458423298929,0.0,0.0,323032.38925833517,0.18,0.0,0.0,0.1398729737968311,0.0,0.0,79.82304177393075
060376028022,7155.26892640404,10464.366681829502,0.0,341025.3376586645,2.1,3.07,0.0,1.7681054575592248,2.5858013207257744,0.0,84.26919615211315
060376028023,2403.862783261298,0.0,0.0,337163.0048968189,0.71,0.0,0.0,0.5940074300525048,0.0,0.0,83.31479294164417
060376028024,32495.63018201683,18466.56206100219,2652.110908056129,334068.5095625627,9.73,5.53,0.79,8.0298450921432,4.563186862471029,0.65535087762844,82.55012649162443
060376029001,2455.589594319141,19479.7250392992,0.0,616861.8796350098,0.4,3.16,0.0,0.606789403431033,4.8135448867115205,0.0,152.42989007976172
060376029002,5895.835782770493,30690.887141891497,2404.4409832623687,683432.8676445435,0.86,4.49,0.35,1.4568927501692661,7.583883374762818,0.5941503063843337,168.87993946650366
060376029003,39474.61497897472,84687.99384368329,13728.116450136018,1497738.7789807334,2.64,5.65,0.92,9.754389792649027,20.926859024432307,3.3922914522365284,370.09931231820053
060376030041,26007.44946410441,56043.043576410586,2268.1301335933085,225573.12503351714,11.53,24.84,1.01,6.426580720815545,13.848537661529907,0.5604671618787471,55.74033311014783
060376030051,17634.308518852868,27891.029688689498,4153.614434464345,262153.5016009135,6.73,10.64,1.58,4.357532533460821,6.892023530735652,1.0263804792958362,64.77954101604688
060376030052,1651.598783873202,1651.6017774205538,0.0,194548.0360848796,0.85,0.85,0.0,0.4081189475196939,0.4081196872413542,0.0,48.07386667044202
060376030053,10640.377171847207,15050.117505124084,808.312582532347,194029.66899732596,5.48,7.76,0.42,2.629294460003822,3.7189650272293493,0.19973838905136518,47.94577537353206
060376030061,140790.61028288503,195822.28863328605,76773.25173623253,507277.97268424445,27.75,38.6,15.13,34.790117460947314,48.3887413325015,18.971083656756452,125.3511169500305
060376030062,19672.45265633014,34220.48732701945,9602.140268769965,180253.55167883952,10.91,18.98,5.33,4.861168918037209,8.456066574935438,2.3727405340156316,44.54162264841104
060376030071,52763.65425638441,35043.36688296587,1145.1782059916252,326559.7207573135,16.16,10.73,0.35,13.038182912625492,8.65940454150911,0.28297969743944457,80.69466436954694
060376030072,19668.533329678343,26122.20495349999,15726.938004260865,343690.7475513252,5.72,7.6,4.58,4.860200431329822,6.454937419798091,3.8862110148533406,84.92783328040542
060376030081,21606.617203825565,19769.953492094104,15598.833767703924,163201.53368457797,13.24,12.11,9.56,5.3391113863663335,4.885261899252031,3.854555768611378,40.32797723715407
060376030082,3280.0734637881337,4333.6599624859155,2169.397043798563,304978.71718142554,1.08,1.42,0.71,0.8105238045096931,1.0708706981790634,0.5360696840615847,75.36188224848289
060376031011,7944.820058359693,6181.2281451116,0.0,295459.00577238685,2.69,2.09,0.0,1.9632077912089585,1.5274147387333805,0.0,73.00951032929505
060376031012,19740.67285755531,27340.058624524238,0.0,307726.66458562465,6.42,8.88,0.0,4.878026496884721,6.755875615747725,0.0,76.04091484004921
060376031013,84224.13026623473,64886.93327245369,32664.130739272197,278366.18192188145,30.26,23.31,11.73,20.812235838178157,16.03391039852417,8.071482486621218,68.78578157136485
060376031021,28032.20429284132,47080.93022570313,4086.765823968608,215430.22997402042,13.01,21.85,1.9,6.926908535148065,11.633951223251367,1.009861827898737,53.23396915728947
060376031022,1609.4211273765343,5086.272383284732,0.0,208258.91812276925,0.77,2.44,0.0,0.3976966216216938,1.2568452775174819,0.0,51.46189940666605
060376031023,74847.63420291407,74847.61862001281,72969.93240652159,322058.6546199717,23.24,23.24,22.66,18.495253201625932,18.495249351007175,18.03126298294679,79.58242670467016
060376032001,7782.112519897722,19734.946547735504,0.0,237826.9013351321,3.27,8.3,0.0,1.92300188284973,4.876611494912299,0.0,58.768307177571714
060376032002,31986.48279470352,54207.67858417076,24515.851368520693,488875.1400175914,6.54,11.09,5.01,7.904032032778134,13.395009094991005,6.057998804410633,120.80367796386079
060376032003,27952.554533254144,30096.174258457562,26091.242353706977,412375.58387673524,6.78,7.3,6.33,6.907226650921507,7.436926620838437,6.447286394765023,101.9002259616057
060376033011,21783.50739348184,35631.28455321164,3965.186036428547,263109.07131423266,8.28,13.54,1.51,5.3828219041591465,8.804682161686479,0.9798188081199535,65.01566743457506
060376033012,2720.9756896735616,5256.5968452094785,0.0,357525.63649993885,0.76,1.47,0.0,0.6723677357596687,1.298933368654586,0.0,88.34650879160847
060376033013,41110.7989416401,59077.97120880909,5675.794822900209,354114.49005497317,11.61,16.68,1.6,10.158699654893914,14.59848461185898,1.402519444842118,87.50359614808487
060376033021,1036.4761734587237,3219.722353306201,0.0,189067.08241803644,0.55,1.7,0.0,0.2561188402241457,0.7956107203320881,0.0,46.719493523792885
060376033022,78036.42911986233,85279.37791490181,66749.97418585564,544562.138537031,14.33,15.66,12.26,19.283221585998987,21.072993210944365,16.494277834119295,134.5642349757684
060376033023,15626.636018753034,41168.8943755001,2563.233134922195,401450.4000103928,3.89,10.26,0.64,3.861425854462514,10.17305534923939,0.633388701594227,99.20055423471423
060376034001,16135.974478237393,23799.459861676874,464.7466472805667,282591.9789347241,5.71,8.42,0.16,3.987286128789295,5.880974607832154,0.11484139756185058,69.82999875422615
060376034002,78147.58451818823,90172.12976714718,53658.61590982955,436675.86587437807,17.9,20.65,12.29,19.31068868310445,22.28201852381764,13.259332753398537,107.90495641439291
060376034003,4609.1698258523575,4609.167866954781,0.0,415057.9523959357,1.11,1.11,0.0,1.1389506680641948,1.138950184010062,0.0,102.56305365777824
060376035001,9097.1577562206,7153.029187987868,0.0,226131.8267888494,4.02,3.16,0.0,2.2479566376178735,1.76755200614351,0.0,55.87839132052559
060376035002,54905.279892273844,70389.92051666696,14558.50106141556,348356.2180070509,15.76,20.21,4.18,13.56739013234181,17.393728160714435,3.5974839583712233,86.08069613709132
060376035003,12256.124898167145,16051.9431748018,0.0,221104.3100840029,5.54,7.26,0.0,3.028554418270815,3.96652154149866,0.0,54.63606488734195
060376036001,10956.221460009307,25907.47654212611,650.436263976308,325073.46704145963,3.37,7.97,0.2,2.7073412833143427,6.40187687379371,0.16072630112994346,80.32740307813388
060376036002,0.0,0.0,0.0,205216.419835725,0.0,0.0,0.0,0.0,0.0,0.0,50.71008170683278
060376036003,36449.62311338331,41776.301066363536,24212.90310322366,407219.33566898666,8.95,10.26,5.95,9.00689802376699,10.323148811290908,5.983138657749594,100.62608928129059
060376037021,38202.79368155614,40458.67861717411,1394.2292530046002,304577.6881765043,12.54,13.28,0.46,9.440115905792343,9.997557213354254,0.3445215514163827,75.26278582324242
060376037022,0.0,0.0,0.0,1536949.8372524602,0.0,0.0,0.0,0.0,0.0,0.0,379.78857583016685
060376037023,1192.7198500800048,30670.570544804592,0.0,418857.6842049856,0.28,7.32,0.0,0.29472749353747985,7.578863034289544,0.0,103.50198783592644
060376037024,12496.065914414323,13380.441100252694,1380.2095791517886,347502.7555116949,3.6,3.85,0.4,3.0878451346201934,3.3063790022768793,0.34105721456093846,85.86980096160845
060376037031,32330.157752227246,29964.981815959913,29964.981815959913,368791.5215358567,8.77,8.13,8.13,7.988955964257746,7.404508262289447,7.404508262289447,91.13036961097418
060376037032,8677.142983651673,9568.80762330128,1216.4331191741198,283163.37119822204,3.06,3.38,0.43,2.1441687270203835,2.3645038579417825,0.30058716994281465,69.9711928574652
060376037051,40099.588811076115,16054.930085523945,0.0,270904.35300256277,14.8,5.93,0.0,9.908824189837437,3.967259623212064,0.0,66.94192348981389
060376037061,2626.2147421876157,0.0,0.0,182981.5656336713,1.44,0.0,0.0,0.648951795682964,0.0,0.0,45.2157295773675
060376037062,46277.87950060237,32660.50152295354,2837.0194940868146,191006.38281054256,24.23,17.1,1.49,11.43551306748786,8.070585687738369,0.7010427843161067,47.19870508706253
060376038011,36921.81637553333,44200.81478284034,22732.154917997756,356347.5367784114,10.36,12.4,6.38,9.123579519936795,10.922259198073283,5.617237812582534,88.05539401051408
060376038012,10051.448530428781,20917.12068486148,5355.105502437425,149898.28642054944,6.71,13.95,3.57,2.4837670234091824,5.16873308602743,1.3232753879767158,37.04067324722428
060376038013,3911.3714461067,14245.383602666378,1212.844710906598,160371.96683310642,2.44,8.88,0.76,0.9665209332499742,3.5201109492829774,0.29970045494900877,39.62877604093435
060376038021,35546.54977683196,45001.67385671389,18224.69095094376,311148.3079172009,11.42,14.46,5.86,8.783743742445642,11.120155785024247,4.5034192095541545,76.88642132074295
060376038022,20479.682255425876,25086.039062784614,5827.815842455394,319670.6166948383,6.41,7.85,1.82,5.060639696053348,6.198895252109603,1.4400846568703296,78.992329682222
060376039011,4780.591004420803,7538.711473643534,888.8720083703427,427138.21116240654,1.12,1.76,0.21,1.1813097637859016,1.8628561744655816,0.2196450567038389,105.54815060848908
060376039012,32189.9567051981,46478.010506894454,2887.9155125877605,308530.6718503144,10.43,15.06,0.94,7.9543115310495125,11.484966516141073,0.7136194643829429,76.23958936189275
060376039021,22349.46375542863,23989.759078148134,2578.71838529328,413376.08220959624,5.41,5.8,0.62,5.522672766871778,5.927998568311187,0.6372151902942885,102.14745448380458
060376039022,58420.13564699948,74003.29253568276,26128.267054737764,337979.1418392312,17.29,21.9,7.73,14.43592990441535,18.286611831856117,6.456435397636944,83.5164647721284
060376040011,18742.788900137813,30767.247019134807,3047.7544355330338,323067.716113953,5.8,9.52,0.94,4.6314440009271065,7.602752311357812,0.7531165224106354,79.83177123006423
060376040012,10235.232209006692,10959.980194897307,893.6721005089453,225044.9713100655,4.55,4.87,0.4,2.5291809594116157,2.7082700869326763,0.22083118530282583,55.609823482841016
060376040013,1220.9799593966272,1220.9802369640297,1079.297753252691,110909.76316943974,1.1,1.1,0.97,0.3017107186304676,0.30171078721886646,0.2667002830341607,27.406399336417373
060376040021,7623.642454930528,12787.311657710752,1104.8756630163402,190110.77750986992,4.01,6.73,0.58,1.883843076994885,3.1598135251181456,0.27302072218344,46.9773961975958
060376040022,24451.34810725686,28794.262772033526,9847.087538563315,231833.9691283748,10.55,12.42,4.25,6.042059701430158,7.115217286349142,2.4332683225572582,57.28742137851408
060376040023,5034.8110946603065,4801.649788902862,1038.7261499710346,95136.65724379335,5.29,5.05,1.09,1.2441289161611513,1.1865135027585758,0.2566748215285125,23.508779979738513
060376040024,0.0,0.0,0.0,133595.05231437314,0.0,0.0,0.0,0.0,0.0,0.0,33.012056364269085
060376041011,1329.7144969148735,1329.7167858114633,0.0,149298.37846840473,0.89,0.89,0.0,0.32857960800256963,0.3285801736012346,0.0,36.89243276386437
060376041012,0.0,0.0,0.0,137300.7420361365,0.0,0.0,0.0,0.0,0.0,0.0,33.92775223656437
060376041013,6151.738193457273,9108.119967619905,0.0,193670.08292115852,3.18,4.7,0.0,1.52012761298039,2.250665459047422,0.0,47.85691971901042
060376041021,15813.296788205078,24929.899786003734,3907.126355189273,290974.4676326663,5.43,8.57,1.34,3.907550735102916,6.160312396558656,0.9654719484394606,71.90135682157536
060376041022,16253.732695381379,24960.93179286231,2735.245733866164,242483.15340852685,6.7,10.29,1.13,4.016384817957553,6.167980572451136,0.675893940473435,59.9188921223752
060376042001,50006.99748688788,99101.38420505164,47850.48126917496,341463.18229874095,14.64,29.02,14.01,12.356998190025008,24.4884853479134,11.824111427406928,84.3773899189226
060376042002,418.365136072694,3369.809479796516,0.0,322497.3736258165,0.13,1.04,0.0,0.10338027654180558,0.832698056976788,0.0,79.69083653196633
060376042003,6918.192507860445,11250.775192892635,2329.8989358809267,313820.4009322372,2.2,3.59,0.74,1.7095225987181406,2.7801270958410553,0.575730565330799,77.54670988453924
060376042004,22436.70339835125,35312.49454467857,7946.050218174985,278555.76790521585,8.05,12.68,2.85,5.54423015211523,8.725907435019993,1.963511770319382,68.83262928809754
060376099001,12379.68048053735,8405.13629436227,5008.983546734911,188377.09398599985,6.57,4.46,2.66,3.0590856675848026,2.076954410301905,1.237746790078685,46.54899366908655
060376099002,6619.478861188829,52452.581954872425,0.0,343437.25564114476,1.93,15.27,0.0,1.6357088491079028,12.961315272896503,0.0,84.86519406524145
060376200011,7570.854504946552,85960.22139056478,0.0,411206.2481429829,1.84,20.9,0.0,1.8707988904772248,21.241233297717496,0.0,101.61127680905363
060376200012,20232.25675725357,26503.11219226027,7343.246952760194,336044.17713460536,6.02,7.89,2.19,4.999499523942777,6.549061648335554,1.8145558394694072,83.03832458066634
060376200013,2613.1241722552472,0.0,0.0,416334.2178008217,0.63,0.0,0.0,0.6457170454062036,0.0,0.0,102.87842570750594
060376200021,1257.1589640710204,18332.01088470934,0.0,291892.10390922695,0.43,6.28,0.0,0.3106507453816359,4.529938542726328,0.0,72.12810968374299
060376200022,17308.860800046503,134875.04396574924,1495.6644383392793,645291.3924507138,2.68,20.9,0.23,4.277112650757555,33.32834918955716,0.36958673158270117,159.45497568901192
060376200023,6622.536853610579,21505.28712658243,0.0,247567.3139867484,2.68,8.69,0.0,1.636464495491803,5.314072178975071,0.0,61.175215561496955
060376201011,9848.107194209093,4469.868639819311,0.0,373272.7378308182,2.64,1.2,0.0,2.4335202849545734,1.1045285953506703,0.0,92.23770227297753
060376201012,1050.3275824844263,1581.5110193306032,0.0,477493.71329407766,0.22,0.33,0.0,0.25954159793529974,0.39079988372621416,0.0,117.99126617170634
060376201013,5568.106839089253,3369.5573346519227,2594.9616208726957,488233.8821097249,1.14,0.69,0.53,1.375909164523082,0.8326357505546482,0.6412289812184011,120.6452196839186
060376201021,40908.561729658075,38585.73076379902,3500.5519527723627,253473.8235631341,16.14,15.22,1.38,10.10872575148024,9.534741719577895,0.8650052256354452,62.63474586350921
060376201022,36301.48377066647,74706.882830535,17211.16850914434,237818.11516570728,15.26,31.41,7.24,8.97029199497465,18.460472780062176,4.252972359947775,58.766136067824355
060376201023,3764.610255974912,5477.792151609277,0.0,380624.761417761,0.99,1.44,0.0,0.9302554533778835,1.3535919192212549,0.0,94.05442686598462
060376202011,1379.5972857380311,751.5255672640344,292.83815071176707,70793.32781417729,1.95,1.06,0.41,0.3409059135633621,0.18570601198110703,0.07236188293977046,17.493412274852364
060376202012,10316.852034235228,7247.517754326073,323.1050701409705,341993.96416973445,3.02,2.12,0.09,2.5493496574599965,1.7909006393727978,0.07984100161115973,84.5085489756303
060376203011,9415.88904428251,11191.235759510138,0.0,306821.3122316893,3.07,3.65,0.0,2.3267168541399323,2.7654145814427347,0.0,75.81719740126782
060376203012,0.0,0.0,0.0,248477.34552259778,0.0,0.0,0.0,0.0,0.0,0.0,61.40008925131017
060376203013,0.0,0.0,0.0,259901.78579620138,0.0,0.0,0.0,0.0,0.0,0.0,64.22312992316783
060376203014,0.0,0.0,0.0,223476.11666809258,0.0,0.0,0.0,0.0,0.0,0.0,55.22215105806976
060376203031,21305.77800004014,27052.727740058006,0.0,301049.2418397023,7.08,8.99,0.0,5.264772400154658,6.6848746079343995,0.0,74.39088774520054
060376203032,18073.782100374447,33461.49568323717,3978.336647211412,349515.2276157339,5.17,9.57,1.14,4.4661288204674525,8.268515655268226,0.9830683948139796,86.36709364856905
060376203033,0.0,5477.013840084456,0.0,264203.5177093759,0.0,2.07,0.0,0.0,1.3533995942550137,0.0,65.2861110285423
060376203034,0.0,0.0,0.0,243341.601729955,0.0,0.0,0.0,0.0,0.0,0.0,60.13101932231155
060376203051,6213.449428230671,3997.0815169086054,1114.679108854988,1570120.698777762,0.4,0.25,0.07,1.5353767911898804,0.9877003529910569,0.27544320640709175,387.98527422097106
060376203052,1421.9084367199484,1413.0317508772896,0.0,353437.8043609544,0.4,0.4,0.0,0.3513612266670636,0.34916774982574916,0.0,87.33638347153098
060376203053,7497.832147114555,3996.3144502585947,154.99302421610298,81049.83655240154,9.25,4.93,0.19,1.8527546728895172,0.9875108066938951,0.03829961037366972,20.02785077913258
060376203054,0.0,0.0,0.0,138703.4374802521,0.0,0.0,0.0,0.0,0.0,0.0,34.27436582936481
060376203055,250.2014264544515,334.66029489801707,0.0,83864.42089144919,0.3,0.4,0.0,0.06182611892765615,0.08269635983268855,0.0,20.72334971590446
060376203056,26382.762441140527,28204.466167401722,7740.855922114164,147400.6618038951,17.9,19.13,5.25,6.519322577175632,6.969475371373561,1.9128071555163864,36.42349676356413
060376203057,0.0,0.0,0.0,166099.20596838556,0.0,0.0,0.0,0.0,0.0,0.0,41.04400765221118
060376204001,290757.2583974315,352106.7759388039,104764.61226593392,1466675.0550695902,19.82,24.01,7.14,71.84768325064448,87.00747918553185,25.88789947823327,362.4232989713468
060376204002,3787.2335819862133,5894.126575494736,4358.447852549961,203886.5861546525,1.86,2.89,2.14,0.9358457989819622,1.4564703958533836,1.0769959192091056,50.381472647783475
060376204003,0.0,0.0,0.0,447970.65400222805,0.0,0.0,0.0,0.0,0.0,0.0,110.6959593433161
060376204004,84768.94273356305,69284.2564874204,6436.009008354123,459526.0375568914,18.45,15.08,1.4,20.94686193074539,17.12051262899294,1.590372461135458,113.55135680459058
060376205011,0.0,0.0,0.0,164193.86140200382,0.0,0.0,0.0,0.0,0.0,0.0,40.57318675630903
060376205012,1445.8220625821077,9046.437969206232,725.9485590812993,258116.27491558084,0.56,3.5,0.28,0.3572704123079955,2.2354235052997544,0.17938579561732348,63.78192057589832
060376205013,128474.2191931392,119007.27874321272,60809.62854569571,1045045.759767027,12.29,11.39,5.82,31.746670942416877,29.407339011210855,15.026386458660765,258.2364311178748
060376205014,0.0,0.0,0.0,203544.02518753742,0.0,0.0,0.0,0.0,0.0,0.0,50.29682398932874
060376205015,0.0,0.0,0.0,105842.73022380937,0.0,0.0,0.0,0.0,0.0,0.0,26.154308227480684
060376205016,3494.2320159099904,82112.12206283222,0.0,813624.8549305932,0.43,10.09,0.0,0.8634435352262203,20.290347245414598,0.0,201.05108014879127
060376205211,0.0,0.0,0.0,183445.2092609657,0.0,0.0,0.0,0.0,0.0,0.0,45.3302984127549
060376205212,8442.178512692655,8707.429998469977,0.0,156268.38406129132,5.4,5.57,0.0,2.086107741792825,2.1516528113705626,0.0,38.61475865472289
060376205213,18395.923045573956,19092.679314405817,940.8334027894632,143467.76779329946,12.82,13.31,0.66,4.54573158161717,4.7179038052165065,0.2324849968933415,35.45165748880596
060376205214,0.0,0.0,0.0,161034.10920128424,0.0,0.0,0.0,0.0,0.0,0.0,39.7923949834085
060376205221,25764.12313689383,28122.686530377505,13119.023812437088,209911.6774153555,12.27,13.4,6.25,6.366453475909171,6.949267182970446,3.2417813836490925,51.87030512213397
060376205222,0.0,0.0,0.0,295486.3772236353,0.0,0.0,0.0,0.0,0.0,0.0,73.01627396219712
060376205223,11834.417218402015,11834.414313269546,1809.261116591475,242964.26869444453,4.87,4.87,0.74,2.9243481811948198,2.9243474633209527,0.4470781583890459,60.03777829863157
060376206011,269131.83797391976,188751.52293813552,104767.94384076871,719125.6491990378,37.42,26.25,14.57,66.50392548750477,46.64151707813638,25.88872272830371,177.69981786815114
060376206012,11767.955987088848,12762.26936943724,1208.4022080410402,208124.3744968581,5.65,6.13,0.58,2.907925253278402,3.1536254409215085,0.2986026885837461,51.428652952661295
060376206013,0.0,0.0,0.0,190632.99042899444,0.0,0.0,0.0,0.0,0.0,0.0,47.106437820183146
060376206014,21612.7617381016,21944.433707685028,789.5887771784822,247801.21704616217,8.72,8.86,0.32,5.340629733852551,5.42258766241843,0.19511163598688147,61.23301426621973
060376206021,11126.099809977093,7480.622254096324,0.0,317067.7101454936,3.51,2.36,0.0,2.7493191377861455,1.8485020157102383,0.0,78.3491374664228
060376206022,3366.4532479164714,3366.457995517346,0.0,208527.24381053416,1.61,1.61,0.0,0.8318687140177774,0.8318698871755025,0.0,51.528204128098636
060376206023,2016.4809621567713,5279.618192431889,0.0,324614.2199729645,0.62,1.63,0.0,0.4982832973750255,1.3046220674418678,0.0,80.2139206560857
060376206024,2972.739439022998,2972.741880388655,0.0,323499.11561127723,0.92,0.92,0.0,0.734579913082265,0.734580516356857,0.0,79.93837236741528
060376206025,0.0,698.2530191722533,0.0,175028.77975193394,0.0,0.4,0.0,0.0,0.17254207866315957,0.0,43.2505533883341
060376207011,15992.516463884906,15992.176511939779,3627.9985900318334,276717.32717699796,5.78,5.78,1.31,3.9518368814282017,3.9517528774731203,0.8964979755521542,68.37834069064648
060376207012,38175.43876916064,32221.218751691264,2949.3755127894738,320038.1284917733,11.93,10.07,0.92,9.433356359729853,7.96203655097365,0.7288065611777593,79.08314382499732
060376207013,11579.310312741469,12418.252235823064,1129.82471464363,181784.7545074107,6.37,6.83,0.62,2.861309891956662,3.068616955888537,0.2791857671030454,44.91999110746872
060376207014,8453.484731717122,8456.197153284918,0.0,240527.99143839654,3.51,3.52,0.0,2.0889015693578172,2.0895718233240275,0.0,59.435761077916055
060376207031,0.0,232.85528406639352,0.0,129803.51233030912,0.0,0.18,0.0,0.0,0.05753979379587132,0.0,32.07514643015894
060376207032,5832.708638697261,6900.665021143643,0.0,190326.8713212095,3.06,3.63,0.0,1.4412936931521174,1.7051914624268243,0.0,47.030794141279564
060376207033,0.0,0.0,0.0,257307.508359657,0.0,0.0,0.0,0.0,0.0,0.0,63.58207000757887
060376207041,0.0,0.0,0.0,323392.90335796104,0.0,0.0,0.0,0.0,0.0,0.0,79.9121267480431
060376207042,0.0,4.855822654339398,0.0,424031.58097394335,0.0,0.0,0.0,0.0,0.0011998999093374401,0.0,104.78048557069148
060376208011,13160.113049786463,14241.58916090157,1827.2252794228916,240910.58372157067,5.46,5.91,0.76,3.2519347553185045,3.5191733223032298,0.4515171996982414,59.53030168999619
060376208012,3045.600053682511,3045.6010758885614,0.0,277037.9578112091,1.1,1.1,0.0,0.7525841630616361,0.7525844156542522,0.0,68.45757024582328
060376208013,1879.111940625397,0.0,0.0,191562.67158188898,0.98,0.0,0.0,0.46433867290774405,0.0,0.0,47.33616703611199
060376208014,5918.967786811489,10464.415942148475,0.0,304109.77750096,1.95,3.44,0.0,1.4626087928519163,2.585813493215685,0.0,75.1471625772695
060376208015,0.0,0.0,0.0,180150.33469911417,0.0,0.0,0.0,0.0,0.0,0.0,44.51611717726212
060376208021,19714.290441138844,29826.020771388776,6133.575316250705,318279.291146786,6.19,9.37,1.93,4.871507259812105,7.37017024036162,1.5156394682797198,78.64852565192554
060376208022,0.0,0.0,0.0,324650.45561836637,0.0,0.0,0.0,0.0,0.0,0.0,80.22287467906546
060376208023,32997.00268651811,52012.220254695705,26799.587213084997,643594.2342304776,5.13,8.08,4.16,8.153736936125139,12.852499526990805,6.622322221451935,159.03559875959033
060376209011,30420.53717817411,39578.88375628857,12244.330107619724,411035.85950078175,7.4,9.63,2.98,7.517078443848798,9.78015516864228,3.0256398620532696,101.56917285862485
060376209012,7247.783141008533,18278.29934540342,3083.636889084964,235055.06038988623,3.08,7.78,1.31,1.7909662178502033,4.51666613231695,0.761983269783563,58.08337036343042
060376209013,1824.3918196587656,2998.196145159153,0.0,227319.39497481438,0.8,1.32,0.0,0.45081703654235517,0.7408704021629371,0.0,56.17184581013673
060376209041,13482.122841638839,16049.02548571743,1143.5834957099064,649423.0096478701,2.08,2.47,0.18,3.331505107770348,3.965800564824464,0.28258563594695085,160.47592053259152
060376209042,5963.68582737033,7257.6056335178855,4644.1393584821035,170724.09532689405,3.49,4.25,2.72,1.4736588613226729,1.7933934086086851,1.1475918277643966,42.186842701388855
060376209043,0.0,0.0,0.0,169542.9418470636,0.0,0.0,0.0,0.0,0.0,0.0,41.89497332018408
060376210011,28283.34032030559,36243.7832413661,15346.563002054783,282940.533606931,10.0,12.81,5.42,6.9889655990147705,8.956033883671024,3.792218304832633,69.916128489464
060376210012,17101.333304784595,24806.361454103735,8747.417450099321,221792.0480997175,7.71,11.18,3.94,4.225831489875937,6.129785409928689,2.1615339258593314,54.80600865206458
060376210013,43291.077212813056,59731.7829786926,28907.012701862135,447111.4118000326,9.68,13.36,6.47,10.697458148796679,14.760045018663769,7.143078400769837,110.4836359711699
060376210051,1276.5726337408628,1931.877616587868,359.0038863857953,89066.69970598567,1.43,2.17,0.4,0.31544796763107985,0.4773773553948233,0.08871179229355683,22.008860806869052
060376210052,18712.545367898278,26719.361244256,2260.164000332115,317501.9904341119,5.89,8.42,0.71,4.623970661356141,6.6024979528208725,0.5584986874804216,78.4564504628055
060376210053,1101.342455195615,1280.3787320200836,429.9304567729126,209354.1791696665,0.53,0.61,0.21,0.2721476475170969,0.3163884749982682,0.1062381295252232,51.732544305465716
060376210054,0.0,0.0,0.0,145562.47599638032,0.0,0.0,0.0,0.0,0.0,0.0,35.969271158390654
060376210055,0.0,446.03120876504545,0.0,92778.39811231453,0.0,0.48,0.0,0.0,0.11021671198814742,0.0,22.926041457456016
060376210056,2063.01748840991,3992.6102272537883,864.378574388091,1239323.4225919575,0.17,0.32,0.07,0.5097827234469642,0.986595473255253,0.21359259735621378,306.2434871007786
060376211021,20788.966576814822,24369.49217030833,4865.449233877513,218117.75944723355,9.53,11.17,2.23,5.137065516271977,6.021832658905139,1.20227868894643,53.89807215297205
060376211022,18947.61413547941,19949.682458726962,419.74754249307887,325682.2151413151,5.82,6.13,0.13,4.6820574188402935,4.929673894112542,0.10372187660765744,80.47782800956607
060376211041,39146.705355510974,44467.035638205314,4816.982703264156,324754.08226730535,12.05,13.69,1.48,9.673361560056263,10.98804380409276,1.1903023484108266,80.24848138168169
060376211042,15009.486115547485,20803.674337452296,3422.2632908573646,826673.278341956,1.82,2.52,0.41,3.708924792208483,5.140699883074827,0.8456596759683856,204.27541579340118
060376211043,2517.6830718398005,4285.360744972394,1145.0387158331116,108327.75024229639,2.32,3.96,1.06,0.6221330358803985,1.0589357016108192,0.28294522867061417,26.76837004710246
060376211044,9107.818670251114,10392.511376992366,338.3165316768882,297556.1934995039,3.06,3.49,0.11,2.250591006846172,2.568045488213554,0.08359983561666579,73.52773670261257
060376211045,0.0,231.78094153691987,0.0,97981.42316492942,0.0,0.24,0.0,0.0,0.05727431797529933,0.0,24.211736947865635
060376212011,88426.83917626878,24996.317202559632,21646.742112828517,554059.8469728002,15.96,4.51,3.91,21.85074782658758,6.176724497612765,5.349026467311843,136.91116984185305
060376212012,0.0,0.0,0.0,695465.2355489372,0.0,0.0,0.0,0.0,0.0,0.0,171.85320232747213
060376212013,17884.687294128096,16432.2016298148,1481.844546779865,390761.614975721,4.58,4.21,0.38,4.419402476236488,4.060485452080762,0.36617176200707724,96.55929793130112
060376212041,173167.8435019429,2113.478640740236,0.0,1310803.1155671375,13.21,0.16,0.0,42.79070602639399,0.5222519457428222,0.0,323.9065039005663
060376212042,64430.47138042296,72271.14158122963,31027.392229537418,477582.5810290479,13.49,15.13,6.5,15.921116208568694,17.858588009497264,7.667035592811205,118.01322586725628
060376212043,59147.82415210039,66698.89956569264,26847.01468859961,383665.27883896546,15.42,17.38,7.0,14.615745650057582,16.481657020620627,6.634041805880997,94.80575508320892
060376213011,38608.79923081547,39530.05185243752,2560.789437291407,336641.232554612,11.47,11.74,0.76,9.540442061919856,9.7680885424134,0.6327848507589808,83.1858601879841
060376213012,23127.9441355171,21820.058866087846,0.0,342954.6352010551,6.74,6.36,0.0,5.715039458158242,5.39185396974064,0.0,84.74593595728925
060376213013,0.0,0.0,0.0,488136.0184953818,0.0,0.0,0.0,0.0,0.0,0.0,120.62103705816459
060376213014,8842.57564273904,10187.621351107395,1791.2963779478303,395169.1445235977,2.24,2.58,0.45,2.185048027351295,2.517416060208431,0.4426389747935502,97.648422201557
060376213241,2178.4836424015266,3300.493370618147,0.0,974313.7280497783,0.22,0.34,0.0,0.538315031475609,0.8155696733764475,0.0,240.75816543843644
060376213242,22802.101864520297,28782.55354573952,0.0,190158.97653105573,11.99,15.14,0.0,5.63452207948545,7.112323873519077,0.0,46.98930643511226
060376213243,12841.435000148536,17404.2095310638,1520.2580114722678,211895.3006591523,6.06,8.21,0.72,3.1731876942975124,4.300673835307995,0.37566393585336894,52.36046910047952
060376213261,55244.41349621142,51418.55801119766,8819.39243268165,1264190.3790760827,4.37,4.07,0.7,13.65119187091114,12.705802391848568,2.1793193313864303,312.3882458687158
060376213262,6796.092538195349,7455.703934897583,2737.3352298136706,194825.43736250896,3.49,3.83,1.41,1.6793510391369177,1.8423445649391128,0.6764102661666177,48.1424140189701
060376213263,23798.206508438703,27174.626696754218,2194.6123629438925,244664.05754359654,9.73,11.11,0.9,5.880664897502123,6.714996496129266,0.5423005251178077,60.45780527061491
060376214001,66483.76465081768,104297.94327811565,18636.15902809767,513709.94872051507,12.94,20.3,3.63,16.428496025413544,25.77258305997954,4.605095185720832,126.94049284206082
060376214002,14961.357941780225,14961.359444241622,1781.924677867095,321873.91348359897,4.65,4.65,0.55,3.697032061470406,3.6970324327367026,0.44032317727010417,79.5367761756941
060376214003,1523.7627469256915,933.4764349122285,0.0,203198.52391905803,0.75,0.46,0.0,0.3765299748445287,0.23066705053959574,0.0,50.21144876658376
060376214004,7435.624339257371,5923.873375927732,1925.6389681532569,246178.16025982154,3.02,2.41,0.78,1.8373827887987317,1.4638209903218067,0.4758357517935492,60.83194819988816
060376500011,8572.708804436537,11857.840330373292,1513.8528356812988,273260.89767007966,3.14,4.34,0.55,2.1183624793272173,2.9301361582136303,0.3740811824461773,67.52423835882506
060376500012,76500.35091502011,24831.189099441737,10707.682597899813,279785.1810990884,27.34,8.88,3.83,18.903648395228057,6.135920454700868,2.6459259929833614,69.13642390435018
060376500013,6363.232222741726,10683.569120680779,0.0,536892.6578979021,1.19,1.99,0.0,1.5723889257647525,2.639967422996652,0.0,132.66906503678138
060376500014,1862.9101890227143,3317.649309650443,0.0,297743.97508909047,0.63,1.11,0.0,0.4603351328975269,0.8198089982354504,0.0,73.57413854393987
060376500015,0.0,0.0,0.0,222550.45848396173,0.0,0.0,0.0,0.0,0.0,0.0,54.99341593937191
060376500031,14308.025548955242,18818.02497454804,11157.273110755712,312919.2579916874,4.57,6.01,3.57,3.535590111316533,4.650035239794337,2.757022228166637,77.32403261445823
060376500032,3334.252135550054,3334.25273220048,2498.123040752257,195019.74358428805,1.71,1.71,1.28,0.8239116458628067,0.8239117932983379,0.6172996469370015,48.190428132024266
060376500041,8099.655677676617,8227.58487524489,0.0,269758.5593039943,3.0,3.05,0.0,2.001468505984972,2.033080499150868,0.0,66.65879170084645
060376500042,0.0,0.0,0.0,140918.96309537574,0.0,0.0,0.0,0.0,0.0,0.0,34.821834131640216
060376500043,4076.1562570263377,6594.951877132793,0.0,236999.1001986857,1.72,2.78,0.0,1.007240146812266,1.6296480993564968,0.0,58.56375306197116
060376500044,3385.29910205987,3385.2970528205574,0.0,117869.60259119819,2.87,2.87,0.0,0.8365256259949565,0.8365251196168944,0.0,29.126213111681206
060376501011,52153.79667716756,38266.23695661022,12701.586028162177,644323.7040921653,8.09,5.94,1.97,12.887483822872468,9.45579308047611,3.138630260727032,159.21585468803147
060376501012,23282.91810131376,33712.415328777104,16141.774885941857,359648.8845818681,6.47,9.37,4.49,5.7533343590939054,8.330519249996978,3.9887194407477717,88.87117481884303
060376501013,6085.81386529156,17162.0505717883,0.0,475113.45732984744,1.28,3.61,0.0,1.503837356721035,4.240835053300531,0.0,117.40309211367573
060376501014,26938.141644677715,38451.88161180587,26938.146919568593,424397.2512846589,6.35,9.06,6.35,6.6565597671246195,9.50166687381557,6.656561070578542,104.87084467231206
060376501021,0.0,0.0,0.0,249781.85429575297,0.0,0.0,0.0,0.0,0.0,0.0,61.72244038932795
060376501022,19457.7710273038,36661.10410434663,5122.290324079598,602566.7024888634,3.23,6.08,0.85,4.808119932202663,9.059156114712035,1.265745504517259,148.89747487792252
060376502001,4014.441918488801,6319.9739120017,0.0,283424.2594980551,1.42,2.23,0.0,0.9919902016459542,1.5616995643877134,0.0,70.03565976031577
060376502002,7121.956248601968,7121.959230825299,2078.059991499607,537963.1429298399,1.32,1.32,0.39,1.759873715603251,1.7598744525266847,0.5134998069111647,132.93358764895328
060376502003,12042.642803066092,18966.003809747257,1322.8656986785902,470994.0162034295,2.56,4.03,0.28,2.9758018437244598,4.686601606315307,0.32688723310180123,116.3851560427007
060376502004,20712.96941396701,198170.87188898906,11540.499525611835,1131794.5834684032,1.83,17.51,1.02,5.118286208356046,48.96908889380939,2.851719537597953,279.67253229043126
060376503001,33293.462583750086,33865.32053643064,30535.273696344666,252323.5663576214,13.19,13.42,12.1,8.22699377212036,8.368302949662521,7.545430454939548,62.35051111795564
060376503002,31882.908879822055,40896.51646578601,23954.189132946478,410234.2541215847,7.77,9.97,5.84,7.878438361031302,10.10574930195626,5.919209043433366,101.37109185561224
060376503003,20981.678643289022,24878.7520282811,4315.735852634685,232295.44417531902,9.03,10.71,1.86,5.18468570497141,6.147673510375414,1.066441554176816,57.40145434602682
060376503004,15055.599155256414,19062.84484310491,5694.06288633098,248327.4571854596,6.06,7.68,2.29,3.7203195724763685,4.710531546804824,1.4070335816248454,61.36305103658417
060376503005,90209.22311722445,100206.78771936655,3923.5695025739915,733298.6906721422,12.3,13.67,0.54,22.291184490238376,24.76163650499333,0.9695351386464823,181.20205268791258
060376504011,174992.38398392822,361651.5300849372,151429.732753446,2472254.390220167,7.08,14.63,6.13,43.24155979819726,89.36603929982243,37.419101877511174,610.9073641792286
060376504012,0.0,0.0,0.0,259615.15144185387,0.0,0.0,0.0,0.0,0.0,0.0,64.1523010316952
060376504013,0.0,7056.490931414782,0.0,259978.76346999017,0.0,2.71,0.0,0.0,1.7436968834268425,0.0,64.24215152061387
060376504014,5114.318007260407,7073.584526020323,0.0,258960.1925868741,1.97,2.73,0.0,1.2637755021284758,1.74792080264249,0.0,63.99045717399012
060376504015,10935.806171476534,16524.00522956911,8487.051596037858,257218.48605496308,4.25,6.42,3.3,2.7022965556536898,4.083170615618109,2.097196122170449,63.5600721170184
060376505011,5622.828244865349,9780.967401324546,1856.8449236659142,377538.5310035589,1.49,2.59,0.49,1.3894311183718038,2.4169296808222107,0.4588363731878352,93.29180272218764
060376505012,0.0,0.0,0.0,220200.9646030514,0.0,0.0,0.0,0.0,0.0,0.0,54.41284335767479
060376505013,39249.86493833373,41161.32695042444,36278.45260633708,395125.8788103155,9.93,10.42,9.18,9.698852848121675,10.171185397779343,8.964600870327402,97.63773101097195
060376505021,1675.909424439348,2411.318848947014,0.0,809998.3803163621,0.21,0.3,0.0,0.41412623763050255,0.5958498640080179,0.0,200.15495875586072
060376505022,25211.61089501098,25211.633163475457,21328.62095848295,523154.4350692297,4.82,4.82,4.08,6.22992472761343,6.229930230270839,5.2704170181145065,129.27427624402137
060376506031,4562.368549836423,4511.262511318367,0.0,861366.0935607868,0.53,0.52,0.0,1.1273858209011272,1.1147572437578472,0.0,212.84819713222024
060376506032,9303.40235410791,3.519108456146512,0.0,414876.52913240436,2.24,0.0,0.0,2.298920787654359,0.0008695906374804111,0.0,102.51822299303632
060376506041,15667.998443669694,12123.972965807301,0.0,79641.73300006884,19.67,15.22,0.0,3.8716467322499524,2.995898964613413,0.0,19.67990081368814
060376506042,0.0,0.0,0.0,87139.51232694037,0.0,0.0,0.0,0.0,0.0,0.0,21.532642434411358
060376506043,15405.962388521602,36752.526348876636,0.0,181640.99371234534,8.48,20.23,0.0,3.806896212884432,9.081747043321206,0.0,44.884467041364076
060376506044,43899.717345918034,72887.46970020977,1740.966632067574,166987.30748919948,26.29,43.65,1.04,10.84785640106381,18.01088600444679,0.43020222373866396,41.263462317293474
060376506051,53927.666122326365,47823.229213098624,0.0,487823.0861712119,11.05,9.8,0.0,13.325816508791386,11.81737729769442,0.0,120.54370979682719
060376506061,94859.9083604285,116003.74157134093,42729.0422553538,423277.91522991064,22.41,27.41,10.09,23.44039384134403,28.665148812604667,10.558576286235828,104.59425070951353
060376506062,63539.09147059581,84637.93782525402,31634.309442700796,310071.97525615816,20.49,27.3,10.2,15.70085143591869,20.914489912903615,7.817008102288931,76.6204537279504
060376506071,99058.98602297824,34396.028251188574,591.8150623914876,505720.12201377883,19.59,6.8,0.12,24.478008528958636,8.499443681965348,0.14624068675026278,124.96616366583622
060376507011,2051.9920674970217,3161.9725808337894,0.0,203965.5581651207,1.01,1.55,0.0,0.5070582826064488,0.7813404407756508,0.0,50.400987056555444
060376507012,863685.9127943384,1137046.698798352,706232.8444574685,1802362.9212995206,47.92,63.09,39.18,213.4214369488619,280.9703582525478,174.513936434304,445.37357720999256
060376507021,11639.87006594222,8409.91552825761,3028.1666757537055,512545.42535759584,2.27,1.64,0.59,2.876274532872891,2.078135384716734,0.7482762815582773,126.65273285223924
060376507022,0.0,0.0,0.0,498613.44738347054,0.0,0.0,0.0,0.0,0.0,0.0,123.21006612035086
060376507023,5361.4750185968205,5361.488653256068,0.0,387804.10089570953,1.38,1.38,0.0,1.3248493296970447,1.3248526988947191,0.0,95.82848028636538
060376508011,3796.718979110925,18009.61274664552,0.0,442226.91746488964,0.86,4.07,0.0,0.9381896916568316,4.450272227835764,0.0,109.2766511352102
060376508012,0.0,89170.56009110996,0.0,298477.8172876014,0.0,29.88,0.0,0.0,22.034525266954518,0.0,73.75547490033962
060376508021,0.0,0.0,0.0,159329.09805521797,0.0,0.0,0.0,0.0,0.0,0.0,39.37107755375403
060376508022,1805.4313880041452,4468.362974490532,0.0,388408.74378327146,0.46,1.15,0.0,0.4461318118455581,1.1041565373452404,0.0,95.97789079774778
060376509011,8132.961679429239,48586.0390704239,0.0,916433.8984439055,0.89,5.3,0.0,2.0096985982531996,12.005871718475698,0.0,226.45574806442272
060376509012,16393.00975862444,497285.4403032914,7558.953252567733,1220022.2292846825,1.34,40.76,0.62,4.050800929799856,122.8819084242121,1.86785802696822,301.47405836581294
060376509013,10807.771292119724,33076.427004196674,2431.402011747667,385521.97801028576,2.8,8.58,0.63,2.6706584479491227,8.173363112442868,0.6008125216129405,95.26455544020779
060376509014,252264.9905221816,358446.061886922,119008.08819561281,1023245.7159776733,24.65,35.03,11.63,62.33603671379453,88.57395085797101,29.40753903125496,252.84952298130568
060376509031,15972.433843816267,27318.338459704915,823.652229260006,346200.71936300397,4.61,7.89,0.24,3.9468743579352803,6.750508446134517,0.2035288983075749,85.54806082240215
060376509032,2085.082246158274,2151.2458409792057,0.0,302522.63323789346,0.69,0.71,0.0,0.5152350438273542,0.5315844241648195,0.0,74.75497068870101
060376509033,911.9326952396085,10098.904910829531,0.0,409872.56067958375,0.22,2.46,0.0,0.22534347652956369,2.4954937503911605,0.0,101.28171545965242
060376509041,7397.686274488067,7397.691105448002,1345.8314271960965,105862.07704509718,6.99,6.99,1.27,1.8280080888317871,1.8280092825879846,0.332562188207791,26.159088931135184
060376509042,29194.82053092769,67910.85527569437,14393.606399708102,828943.2957608819,3.52,8.19,1.74,7.214197264160317,16.781137798661913,3.556737600088103,204.83634931364196
060376510011,17421.822969114568,9317.620371195007,7883.578879088921,350561.0247835802,4.97,2.66,2.25,4.305026210636478,2.302434136190373,1.9480747662437554,86.62551575666699
060376510012,3008.791403439708,3567.9899706078813,0.0,328448.1882114965,0.92,1.09,0.0,0.7434885475020968,0.8816695227580805,0.0,81.16131484020116
060376510013,869.1258320403966,2746.2069728235883,0.0,497307.3388830833,0.17,0.55,0.0,0.21476567026930968,0.6786025216073621,0.0,122.88731968112516
060376510014,0.0,0.0,0.0,242190.13521117688,0.0,0.0,0.0,0.0,0.0,0.0,59.846485748942214
060376510021,32386.80514848826,72881.92356584553,3852.2306727185182,329479.1819416101,9.83,22.12,1.17,8.002953840719945,18.009515524799045,0.9519069298816244,81.41607893917114
060376510022,2218.3214808700372,13530.490848303376,0.0,324165.5687290443,0.68,4.17,0.0,0.5481591757471976,3.3434571025079953,0.0,80.1030565193111
060376510023,6924.354646161581,14204.962082380353,0.0,283305.2232957024,2.44,5.01,0.0,1.711045296253696,3.510122574093216,0.0,70.006245274125
060376510024,8549.127565934903,11688.81060939933,0.0,247132.29340695468,3.46,4.73,0.0,2.1125354283918027,2.8883680045330706,0.0,61.067719635180964
060376511011,78915.18433405375,75059.6693814855,24476.14174885331,871354.7266620847,9.06,8.61,2.81,19.50036672841802,18.547648235311282,6.048186343694809,215.31644212505202
060376511012,577726.4918191376,850548.7917010408,358956.03903974185,4702452.136436011,12.29,18.09,7.63,142.75932514465518,210.17518362972223,88.6999689568581,1162.001229005107
060376511021,71345.7185741505,82367.43550980122,11294.448403045855,369751.92754720687,19.3,22.28,3.05,17.62991100431448,20.35343657212157,2.7909189810958623,91.36769110477223
060376511022,46070.688885636744,42440.756665673325,20851.96746133344,469661.7839113357,9.81,9.04,4.44,11.384315151540362,10.487339365626347,5.1526333738737184,116.05595427395998
060376512011,0.0,0.0,0.0,365066.0430490797,0.0,0.0,0.0,0.0,0.0,0.0,90.20978382835145
060376512012,23091.846827246773,23681.254621485004,21136.87171426429,654105.4290983898,3.53,3.62,3.23,5.706119619028165,5.851765456863124,5.223034747975814,161.63297157710147
060376512013,6410.561311841095,6410.557820682706,0.0,203291.31217681014,3.15,3.15,0.0,1.5840841983811456,1.58408333569712,0.0,50.23437724441126
060376512014,4323.362693024142,4320.1194143425155,0.0,520358.50725080754,0.83,0.83,0.0,1.0683261874806418,1.0675247558648142,0.0,128.58338743389552
060376512211,8871.844155681218,10562.130581529156,0.0,388572.9293509479,2.28,2.72,0.0,2.1922804344068485,2.609959306454775,0.0,96.01846193507987
060376512212,84212.72681003733,107179.79941502087,60289.60149872329,307657.7630609686,27.37,34.84,19.6,20.809417982784456,26.484705220022995,14.897884976845402,76.02388890251541
060376512221,44646.191108133185,44646.18864553042,43005.89754021884,655586.7853003986,6.81,6.81,6.56,11.032314084831215,11.03231347630882,10.626988717013603,161.9990226664876
060376512222,12324.747282744123,25110.597461325022,0.0,257415.70930903326,4.79,9.75,0.0,3.045511378788896,6.204963764549153,0.0,63.608807044449605
060376512223,78010.14519669136,87510.74219050526,12658.996658069984,616393.9887495994,12.66,14.2,2.05,19.276726687137373,21.62437533145956,3.1281061981839544,152.31427172403738
060376513021,68087.99841166496,74207.78451939595,53953.739946819755,377260.8444204437,18.05,19.67,14.3,16.824910820850217,18.33714290149854,13.332259491139132,93.22318487313865
060376513022,2556.1123096896167,4789.723566575024,2556.1101287777137,807953.8761183928,0.32,0.59,0.32,0.6316291073587698,1.183566469040793,0.6316285684437021,199.6497507661103
060376513023,0.0,0.0,0.0,326764.6108621655,0.0,0.0,0.0,0.0,0.0,0.0,80.74529381706525
060376513024,0.0,0.0,0.0,238826.48939469436,0.0,0.0,0.0,0.0,0.0,0.0,59.015310766339866
060376513025,0.0,0.0,0.0,289564.192728551,0.0,0.0,0.0,0.0,0.0,0.0,71.55287030342038
060376513026,0.0,0.0,0.0,347841.36203896336,0.0,0.0,0.0,0.0,0.0,0.0,85.9534724566964
060376513041,10003.015570325695,18207.0030342963,8507.385328323306,232676.54693528506,4.3,7.83,3.66,2.471798978327325,4.499048430163624,2.102220696843496,57.495626888906415
060376513042,0.0,0.0,0.0,248999.35911240478,0.0,0.0,0.0,0.0,0.0,0.0,61.52908161855047
060376513043,0.0,0.0,0.0,1248364.8294920553,0.0,0.0,0.0,0.0,0.0,0.0,308.47766740182715
060376513044,0.0,0.0,0.0,212511.58537503786,0.0,0.0,0.0,0.0,0.0,0.0,52.5127563702908
060376513045,0.0,0.0,0.0,296633.13960325636,0.0,0.0,0.0,0.0,0.0,0.0,73.29964511746557
060376514011,13079.850568965532,14529.298560585754,6636.17647194274,641539.2316304559,2.04,2.26,1.03,3.2321014643777475,3.590267863263879,1.6398349185828383,158.52779655819594
060376514012,4472.210637848044,10266.486658733931,0.0,364145.9212447485,1.23,2.82,0.0,1.1051073156669557,2.5369041021340117,0.0,89.98241677889592
060376514021,42163.53067548231,48513.00268737212,20173.839956194613,294638.8992140053,14.31,16.47,6.85,10.418835331567584,11.987824035180704,4.985064418033012,72.80685758534246
060376514022,36628.570161391486,59712.78379727799,4755.264975242833,502653.01369910105,7.29,11.88,0.95,9.051116802327472,14.755350218692747,1.1750515656848308,124.20826469573664
060376514023,33571.28311534491,120973.03734482004,23633.888885221837,855394.2299907241,3.92,14.14,2.76,8.29564472055951,29.893088540333395,5.840061128535341,211.37251750667005
060376514024,0.0,0.0,0.0,176337.69461517435,0.0,0.0,0.0,0.0,0.0,0.0,43.57399329492316
060376700011,28544.378726678977,30488.334663297614,2523.8747736227615,476906.5008173231,5.99,6.39,0.53,7.053469593999248,7.533831567272757,0.623663038711408,117.84616280863563
060376700012,41998.68732805721,53870.77033615812,5721.001863715054,462226.21421828953,9.09,11.65,1.24,10.37810165331978,13.311757253846407,1.4136903479076723,114.21858498853412
060376700021,22336.486471825312,26517.12460026431,12183.794648652956,298459.3117971978,7.48,8.88,4.08,5.519466010256572,6.552524189760666,3.0106812243729966,73.75090209407419
060376700022,41480.98032448942,50061.80905038583,10339.014624480375,568466.6411895549,7.3,8.81,1.82,10.250173466714937,12.370542422331981,2.554826152776824,140.47116622250317
060376700031,28660.77624501903,35863.66516745532,760.8522190785154,231435.80871391654,12.38,15.5,0.33,7.082232047170498,8.862104662014737,0.1880106778355358,57.189033797414254
060376700032,35099.57476042669,55859.47040397203,21570.885814824476,403462.45649282495,8.7,13.85,5.35,8.673293810510526,13.80317574272734,5.330281967856868,99.6977442193391
060376700033,27158.475589551002,31579.45677089107,3792.0854362998275,394219.94970380707,6.89,8.01,0.96,6.711005470622698,7.8034537118968945,0.937044718292951,97.41387105352598
060376700034,26851.412732955658,27327.655188347497,0.0,466971.46361814346,5.75,5.85,0.0,6.635128586309309,6.752810659919768,0.0,115.39116165164185
060376701011,21466.246693205623,120371.5616076131,100725.66982546849,891253.6574006336,2.41,13.51,11.3,5.304425077792852,29.744460648847628,24.889855065758134,220.23357499598984
060376701012,16849.144308790124,20081.67041340632,4942.1969198075185,209798.2389801065,8.03,9.57,2.36,4.163514231818901,4.962288828002656,1.2212434551548863,51.84227387431873
060376701021,50342.6523021037,59361.94533625812,10687.61253219753,362724.3907059471,13.88,16.37,2.95,12.439940301180204,14.668656146949079,2.6409665717419277,89.63114893283819
060376701022,15938.114839947919,15493.520511503308,2063.6395818082915,186772.45752664676,8.53,8.3,1.1,3.9383939473928193,3.8285322962643753,0.5099364460734794,46.15247936468198
060376702011,4073.4993572397543,1752.8216344363423,0.0,1535876.9550123056,0.27,0.11,0.0,1.0065836125769823,0.4331316586212926,0.0,379.5234608549441
060376702012,7255.292185293592,21.980273379336463,21.980273379336463,3345258.5514499177,0.22,0.0,0.0,1.7928217431027167,0.0054314438381535156,0.0054314438381535156,826.6313904623288
060376702021,1603.2370535935877,9607.14055691814,0.0,2984013.5101024024,0.05,0.32,0.0,0.3961685037105377,2.3739761321259323,0.0,737.3657967170292
060376703241,0.0,0.0,0.0,687349.0423011362,0.0,0.0,0.0,0.0,0.0,0.0,169.84764729891302
060376703242,0.0,0.0,0.0,522173.10114881565,0.0,0.0,0.0,0.0,0.0,0.0,129.0317833512708
060376703243,13140.82321593474,18281.475230414777,11926.65478850423,2271184.3117410606,0.58,0.8,0.53,3.2471681335661366,4.517450910594178,2.947140581140532,561.2218657350161
060376703244,9513.964243947665,9514.808371878104,0.0,1852497.46478464,0.51,0.51,0.0,2.350951763765659,2.351160352319917,0.0,457.7620927025651
060376703261,0.0,0.0,0.0,1319289.7762906929,0.0,0.0,0.0,0.0,0.0,0.0,326.00360343604285
060376703262,0.0,0.0,0.0,2154852.0142027796,0.0,0.0,0.0,0.0,0.0,0.0,532.4755289748674
060376703263,0.0,0.0,0.0,1075035.9405324087,0.0,0.0,0.0,0.0,0.0,0.0,265.6471661761737
060376703281,10211.303074464206,10211.139320261242,1339.0962389305705,642164.7120646355,1.59,1.59,0.21,2.523267941492316,2.5232274769475254,0.33089788694218497,158.68235613948414
060376703282,0.0,0.0,0.0,2536493.4689670466,0.0,0.0,0.0,0.0,0.0,0.0,626.7811862380755
060376703283,0.0,0.0,0.0,1812459.2715831853,0.0,0.0,0.0,0.0,0.0,0.0,447.8684396982636
060376704051,2257.2273556956234,90134.16267917465,0.0,1162011.2295151916,0.19,7.76,0.0,0.5577730267872879,22.27263665206099,0.0,287.13922813848126
060376704052,2296.332109198488,19390.824754086505,0.0,337507.5071351477,0.68,5.75,0.0,0.5674360218187927,4.791577147821498,0.0,83.39992129866269
060376704061,22898.371868195507,21309.369823779096,0.0,1188195.9455788569,1.93,1.79,0.0,5.6583109154674585,5.265659959129835,0.0,293.60961239000267
060376704071,0.0,8301.810735761368,0.0,312242.4049914357,0.0,2.66,0.0,0.0,2.0514221087285214,0.0,77.15677859563385
060376704072,0.0,616.8308609745895,0.0,295646.5309823456,0.0,0.21,0.0,0.0,0.15242222520184598,0.0,73.05584881783662
060376704073,0.0,0.0,0.0,650117.002940471,0.0,0.0,0.0,0.0,0.0,0.0,160.64741000989534
060376704131,3890.101010312663,3890.0229111631315,0.0,944559.9138328633,0.41,0.41,0.0,0.9612648940991159,0.9612455953789786,0.0,233.4058378262625
060376704132,0.0,42.35784059923218,0.0,1242762.8282570257,0.0,0.0,0.0,0.0,0.010466850359398651,0.0,307.09338274966564
060376704161,0.0,11752.568936420894,0.0,2777451.9892190997,0.0,0.42,0.0,0.0,2.9041230302534426,0.0,686.3233333027229
060376704162,18316.75382775625,18316.74972565651,18316.74972565651,1912803.0102876346,0.96,0.96,0.96,4.526168441847869,4.526167428196948,4.526167428196948,472.6639175286681
060376704171,216363.23134087044,405299.9295399638,178509.24358413188,2021770.0078261478,10.7,20.05,8.83,53.46451881595433,100.15179369758798,44.110594731272045,499.5902490227541
060376704181,3934.8440443007794,3952.2674265975993,0.0,1237768.082791442,0.32,0.32,0.0,0.9723211385807476,0.9766265501096516,0.0,305.8591542660612
060376704182,0.0,0.0,0.0,1289478.363680713,0.0,0.0,0.0,0.0,0.0,0.0,318.63704295097875
060376705001,0.0,0.0,0.0,7744849.704898258,0.0,0.0,0.0,0.0,0.0,0.0,1913.7940407347469
060376706031,0.0,0.0,0.0,3899411.7584664957,0.0,0.0,0.0,0.0,0.0,0.0,963.5656300734133
060376706041,0.0,0.0,0.0,3322398.3315407024,0.0,0.0,0.0,0.0,0.0,0.0,820.9825071012389
060376706042,21226.87003549664,552704.4235373526,15584.786166965321,11163383.497728514,0.19,4.95,0.14,5.245273817475338,136.57623741678722,3.8510845308721673,2758.532137670463
060376706043,0.0,0.0,0.0,3115228.2671992285,0.0,0.0,0.0,0.0,0.0,0.0,769.7896693235618
060376707011,26152.79941074219,35270.660993581936,22612.785008765633,1231439.4634173901,2.12,2.86,1.84,6.462497474825706,8.715570139418134,5.58774086562603,304.29531836147555
060376707012,13275.452965696248,13275.508941386672,9499.479591809722,721790.3272675528,1.84,1.84,1.32,3.2804358692377824,3.2804497011321176,2.3473725282736937,178.35827415875875
060376707013,69380.01279689942,70491.38332072417,54062.01450384899,529810.4393376422,13.1,13.31,10.2,17.144174528374645,17.41880016561572,13.35901471685703,130.91901071781453
060376707014,12664.76709572158,17092.362870175504,0.0,400140.45233816234,3.17,4.27,0.0,3.1295321043810844,4.223614847209931,0.0,98.87685911546569
060376707021,1675.5258671433858,0.0,0.0,1002831.8291820767,0.17,0.0,0.0,0.4140314585585693,0.0,0.0,247.80514169745226
060376707022,0.0,0.0,0.0,1340593.1728551094,0.0,0.0,0.0,0.0,0.0,0.0,331.2677873706393
060376707023,0.0,0.0,0.0,1046521.2737225454,0.0,0.0,0.0,0.0,0.0,0.0,258.6010385567133
060376707024,0.0,0.0,0.0,2023736.1174329352,0.0,0.0,0.0,0.0,0.0,0.0,500.07608528714553
060376707025,3864.161105537649,3270.9866194919664,0.0,1378511.3402420944,0.28,0.24,0.0,0.954855004034464,0.8082783963835559,0.0,340.6375705873361
060377001011,21932.2674081812,41082.8329577978,13606.429162972334,148836.39050519394,14.74,27.6,9.14,5.419581304338493,10.151789109788458,3.3622218687222416,36.778273051981934
060377001012,12782.726780303366,20408.567284539255,8943.203062464436,142929.74720743197,8.94,14.28,6.26,3.1586805772374134,5.043066804044383,2.209913604288596,35.31870970669799
060377001013,33749.17475807289,7594.829945052043,947.620599491788,163418.3168504892,20.65,4.65,0.58,8.339602702795629,1.8767233507503354,0.23416214972356217,40.381545524062226
060377001014,3598.3330923951876,8322.781886624827,818.8831898755898,119204.56740689224,3.02,6.98,0.69,0.8891674714422375,2.0566041929624417,0.2023504430112568,29.45609010170853
060377001015,6934.6950450075465,8813.699372707315,1707.7211408539374,99707.4279237245,6.96,8.84,1.71,1.713600464455051,2.177912545629757,0.42198708395025497,24.638242012201836
060377001021,3807.7528796051106,4133.923050619804,290.2728593535106,93586.13374082407,4.07,4.42,0.31,0.9409162278475182,1.0215146323793145,0.07172798564011407,23.125637278063483
060377001022,35463.81099797502,54756.39244225481,26622.235422382924,250517.97248668634,14.16,21.86,10.63,8.763298544934072,13.530599242209183,6.5784976395566135,61.904339155703454
060377001023,9518.567777610806,16726.846658268187,0.0,146874.63509775547,6.48,11.39,0.0,2.3520893217075862,4.13329382423414,0.0,36.293512733681574
060377002001,1979.6296879194226,5492.710251834898,4656.950422935202,87127.13964176831,2.27,6.3,5.35,0.4891771491970544,1.3572782620682724,1.15075751073308,21.529585077322142
060377002002,29.188956897271055,1353.8438052739418,29.198409490946915,119009.84312592928,0.02,1.14,0.02,0.00721274832872881,0.3345420899491761,0.007215084115494938,29.407972683980258
060377002003,0.0,0.0,0.0,78853.19859709972,0.0,0.0,0.0,0.0,0.0,0.0,19.485049719242472
060377002004,1391.3152869902626,2276.3382812473146,0.0,118394.35410960922,1.18,1.92,0.0,0.34380149473282745,0.5624954393359292,0.0,29.25588203581364
060377002005,14347.788452332099,18264.82645471061,5515.406435392547,138973.1722918708,10.32,13.14,3.97,3.545415738723713,4.513336908522838,1.3628866111641338,34.34101875288483
060377002006,25244.328423923966,35322.5110046092,5926.132173731317,156644.29818339655,16.12,22.55,3.78,6.238009405076136,8.728382556172102,1.4643791514147189,38.7076490572646
060377003001,16343.028498020194,50882.13983473452,6191.471117112403,182509.0909239924,8.95,27.88,3.39,4.038450291332034,12.573250573727721,1.5299458322369965,45.098978533998704
060377003002,16260.601349818997,26598.803578817915,6480.009062046866,163260.27007336897,9.96,16.29,3.97,4.018082099432527,6.572707504914003,1.6012451111877792,40.34249131491227
060377003003,17162.17471730366,23506.665562112317,5866.448132103974,165591.2956174171,10.36,14.2,3.54,4.240865730325461,5.808623560746843,1.449630903540892,40.918500271184
060377003004,3.6250992830312683,0.0,0.0,95798.11664431314,0.0,0.0,0.0,0.0008957815411897891,0.0,0.0,23.672230157229
060377004001,24819.90309138507,33442.104034002994,2058.624840985564,207968.50237097833,11.93,16.08,0.99,6.133131621374783,8.263723874386939,0.5086972766295204,51.390136111535675
060377004002,17125.36151733331,39608.35960954364,0.289356546198821,237231.02904935603,7.22,16.7,0.0,4.2317689905037605,9.787438810604945,7.150155972848111e-05,58.6210639290893
060377004003,30063.98097324482,114799.57996598262,16470.805119781573,422742.7025242661,7.11,27.16,3.9,7.428971486815262,28.367593999764484,4.070024582194965,104.46199676971916
060377004004,105716.42173930048,120481.0153875284,19514.822641495037,448019.27818517096,23.6,26.89,4.36,26.123096721233576,29.771507266886623,4.822217693090706,110.70797464059073
060377005011,22061.0984190031,66301.70554647796,4436.338238487416,251953.64602608673,8.76,26.32,1.76,5.451416140412439,16.383508240986107,1.0962430527388052,62.259101813319305
060377005012,6776.641974660951,19572.763371862446,1350.1297230789,106533.92994286212,6.36,18.37,1.27,1.674544700214999,4.836535159370631,0.3336243202515699,26.32510739772721
060377005013,26644.38380720862,34755.05220727283,15215.052705105543,239153.34704520425,11.14,14.53,6.36,6.583970624637849,8.5881604335894,3.759721402738131,59.096079050754575
060377005021,35029.90721204537,89374.64945518518,6596.488620094987,232726.89330121945,15.05,38.4,2.83,8.656078584391878,22.084956847117713,1.6300278368123868,57.50806774686612
060377005022,20296.83956738903,41295.57774832747,4945.156531903708,198174.63185944807,10.24,20.84,2.5,5.015458283877521,10.204359492407445,1.2219747912309102,48.97001800274397
060377005023,6253.457600797559,9676.217043774857,738.7952670453986,73146.50088909894,8.55,13.23,1.01,1.5452630259338254,2.391045303761073,0.1825602862893895,18.07489400518914
060377006001,0.0,0.0,0.0,997487.2940716941,0.0,0.0,0.0,0.0,0.0,0.0,246.4844783102365
060377006002,0.0,0.0,0.0,716751.7756330274,0.0,0.0,0.0,0.0,0.0,0.0,177.11322093506735
060377006003,0.0,0.0,0.0,856977.424388478,0.0,0.0,0.0,0.0,0.0,0.0,211.7637333622637
060377006004,0.8363946135505653,0.0,0.0,1797136.3860313003,0.0,0.0,0.0,0.00020667761003849476,0.0,0.0,444.08207221878735
060377006005,0.0,0.0,0.0,1316891.3073089535,0.0,0.0,0.0,0.0,0.0,0.0,325.41092884337303
060377007001,0.0,0.0,0.0,1396074.5916334556,0.0,0.0,0.0,0.0,0.0,0.0,344.9775445222021
060377007002,0.0,41693.56187282434,0.0,991879.2465470508,0.0,4.2,0.0,0.0,10.302703511309119,0.0,245.09869958737352
060377007003,2167.8951900003394,35219.52266507271,0.0,1142704.0368104163,0.19,3.08,0.0,0.5356985679058668,8.702933583244269,0.0,282.36831692010765
060377008011,0.0,5011.000240639685,0.0,128343.39550009803,0.0,3.9,0.0,0.0,1.2382451259953267,0.0,31.714343703842996
060377008012,21842.94663677756,104158.93772727379,483.1248576063891,418899.34659825027,5.21,24.86,0.12,5.397509661047855,25.738234040312708,0.11938275223509671,103.51228283750694
060377008013,149789.605469415,262972.02341774583,16351.659023092958,649629.675576289,23.06,40.48,2.52,37.01381759933599,64.98180216183442,4.040582940522401,160.52698879566975
060377008014,0.0,14548.247097445139,0.0,257922.19389967294,0.0,5.64,0.0,0.0,3.594950148692762,0.0,63.733962112426866
060377008021,28180.141060030604,70919.51830890782,12991.793132088354,346583.0532705048,8.13,20.46,3.75,6.963464506437392,17.524594625190282,3.2103419978471917,85.64253758846297
060377008022,24707.16903533422,36670.094065674224,614.590198538007,183860.3748605336,13.44,19.94,0.33,6.105274429449998,9.061377582535265,0.1518685454557151,45.43288806660817
060377008023,4418.002887755791,12953.386231249619,0.0,154908.42270851714,2.85,8.36,0.0,1.0917122889019326,3.200851445964464,0.0,38.278704885865025
060377009011,12623.025796083988,33318.64710796292,1524.3002995780398,214763.49764911077,5.88,15.51,0.71,3.1192176046112023,8.233217003583043,0.3766628069977459,53.06921601180618
060377009012,12153.02340880619,30272.282297386875,0.0,215015.19595754653,5.65,14.08,0.0,3.0030774854124433,7.4804438649775,0.0,53.13141201832684
060377009013,15168.862755348051,18874.312464180748,0.0,208686.11679142175,7.27,9.04,0.0,3.748307617583357,4.663944181391857,0.0,51.56746249664569
060377009014,29827.704700460425,64209.7646568215,4504.627489963586,415212.9411102561,7.18,15.46,1.08,7.370586348297234,15.866578389440786,1.1131176942749315,102.6013522031535
060377009021,6756.1875328914775,17413.694083648166,0.0,206699.56100051274,3.27,8.42,0.0,1.6694902975788553,4.3030175192924,0.0,51.07657387012731
060377009022,14442.385095701433,19391.29105769305,1211.319081995535,213963.0062757758,6.75,9.06,0.57,3.5687910783690056,4.791692373952073,0.2993234638349632,52.871410285637076
060377009023,4692.757303978762,28263.231053017244,0.0,275148.5814156784,1.71,10.27,0.0,1.1596055837324983,6.983996490850459,0.0,67.99069517087061
060377009024,11848.742346732082,35832.73190907363,0.0,258636.19866785017,4.58,13.85,0.0,2.927887997495387,8.854460887402306,0.0,63.910396533036675
060377010001,14231.810175796672,53997.32389540131,0.0,216418.7648458081,6.58,24.95,0.0,3.5167568824585222,13.343029319379221,0.0,53.47824144387616
060377010002,25091.14903205986,73618.249159674,557.2360340908094,301617.3855049133,8.32,24.41,0.18,6.200157953016648,18.191465541546066,0.1376960227712598,74.53127910232067
060377010003,4285.872508715613,12454.984634482795,2787.6956449779004,233410.18398016508,1.84,5.34,1.19,1.0590621611858084,3.077693729271554,0.6888545957666196,57.676912550739935
060377010004,780.4824226375533,2136.536797417351,0.0,304464.2864845101,0.26,0.7,0.0,0.19286140677426997,0.5279497403444503,0.0,75.23476365488318
060377010005,0.07289365753155308,0.07095042669129663,0.0,366640.7864878186,0.0,0.0,0.0,1.8012415050871333e-05,1.7532232252811002e-05,0.0,90.59891140649393
060377012011,7877.675382661018,8806.888938512013,0.0,517095.1303720513,1.52,1.7,0.0,1.9466159805069485,2.1762296506899697,0.0,127.77698944539934
060377012012,0.0,0.0,0.0,374086.4741599127,0.0,0.0,0.0,0.0,0.0,0.0,92.4387808989921
060377012013,0.0,0.0,0.0,296496.3573179065,0.0,0.0,0.0,0.0,0.0,0.0,73.26584547866625
060377012014,0.0,0.0,0.0,433416.27108257863,0.0,0.0,0.0,0.0,0.0,0.0,107.09949299993693
060377012015,7251.384901275792,11014.707439841199,664.9395263029103,320929.58242790407,2.26,3.43,0.21,1.7918562321949976,2.7217934836711835,0.16431013529967686,79.30342688994531
060377012021,0.0,371.30803571971114,371.30803571971114,202676.73641427155,0.0,0.18,0.18,0.0,0.09175221380834307,0.09175221380834307,50.08251226616869
060377012022,8136.162489917251,9761.097450482306,1394.2226296237784,202050.19214176724,4.03,4.83,0.69,2.0104895357498442,2.412019709039605,0.34451991474333815,49.927689804705444
060377013021,3485.007777041291,4880.767464132452,0.0,151686.13419570928,2.3,3.22,0.0,0.8611641761618261,1.2060639060769787,0.0,37.482460053710376
060377013022,10686.681533157749,12781.312478523136,4417.696580448593,152665.15685362974,7.0,8.37,2.89,2.640736516869057,3.1583310956565,1.0916365987179413,37.72438182106081
060377013023,8362.743578590422,7432.1555318141645,0.0,151742.81129666814,5.51,4.9,0.0,2.0664789420996734,1.8365256278122422,0.0,37.49646527036327
060377013041,0.0,0.0,0.0,777911.321056922,0.0,0.0,0.0,0.0,0.0,0.0,192.22607373739723
060377013042,2740.367658399855,2740.365815114635,2045.4408264848682,377696.8475145235,0.73,0.73,0.54,0.6771595955891788,0.6771591401034813,0.5054394356970573,93.3309235840221
060377013043,6714.57461402872,10.94854563204126,0.0,895995.8752870985,0.75,0.0,0.0,1.6592075213893114,0.0027054445449162224,0.0,221.40540255582516
060377013044,15405.253285958264,17084.139163702734,498.3967374814673,278984.8076721518,5.52,6.12,0.18,3.806720989825019,4.221582725084903,0.12315651593734864,68.93864732337082
060377014021,11013.422270557601,30313.498723672765,0.0,613080.4821228727,1.8,4.94,0.0,2.7214759114251104,7.490628665717588,0.0,151.4954864050461
060377014022,0.0,0.0,0.0,150982.77833580846,0.0,0.0,0.0,0.0,0.0,0.0,37.30865703564241
060377014023,8370.017665931206,27643.11692016268,464.2961556139045,154824.15082938486,5.41,17.85,0.3,2.0682764082268434,6.830762951498252,0.11473007864671222,38.257880851025085
060377014024,7666.410414265858,7667.484392353511,696.248515334297,154755.54660900167,4.95,4.95,0.45,1.8944112699010138,1.8946766556660506,0.17204675497762897,38.240928378977046
060377015011,11828.143323010712,22036.453747739746,8493.14788147824,206678.39206846175,5.72,10.66,4.11,2.922797867880867,5.445326309518775,2.0987025471097276,51.071342913097595
060377015012,20666.148776568723,24849.911420547665,6507.892236166327,204767.254012175,10.09,12.14,3.18,5.106716576891206,6.140546840999699,1.6081351935650838,50.59909041466244
060377015013,10919.816059154537,16267.219821150142,3719.1289113095813,206036.10437688453,5.3,7.9,1.81,2.6983453128486596,4.019717559315539,0.9190167683547174,50.91263016805874
060377015021,39724.32875034559,53614.07797984211,2791.516540987781,204715.8634506363,19.4,26.19,1.36,9.81609540938123,13.248327191219234,0.6897987597326874,50.586391530349616
060377015022,32285.73245477287,44182.65145088963,464.7316826463865,204060.5220953594,15.82,21.65,0.23,7.977978234183491,10.917770941002887,0.11483769972021296,50.4244531547627
060377015023,29958.475596059692,39943.8556230031,1860.4675387117202,201424.5361825863,14.87,19.83,0.92,7.402900540339093,9.870341680991558,0.4597315408606378,49.77308685024484
060377016011,11180.783042986544,18383.889398737334,7115.806255904744,298944.9249674034,3.74,6.15,2.38,2.762831658938804,4.542758002725166,1.7583540193117833,73.87089972174334
060377016012,11702.230424216777,18440.750288738658,0.0,507342.1034206488,2.31,3.63,0.0,2.891684112992755,4.556808634639506,0.0,125.36696400011347
060377016013,8180.774787060821,10870.75929190527,1433.0582424352497,175576.02280081675,4.66,6.19,0.82,2.0215134744536325,2.686223121663984,0.3541164036616279,43.38578009068354
060377016014,4839.323660864936,14080.924108437226,3789.808908233174,238175.06804626822,2.03,5.91,1.59,1.195822919261109,3.4794721232255856,0.9364821759566199,58.85434104554117
060377016021,29509.248155304103,38966.73466105151,0.0,201997.16170042104,14.61,19.29,0.0,7.291894022225665,9.628889832948946,0.0,49.91458569726722
060377016022,32077.06552877722,52451.20087263831,4030.506589346771,238298.88363954768,13.46,22.01,1.69,7.926415513835755,12.960974000044203,0.9959598682664573,58.88493654495007
060377016023,16854.01537314526,39585.971143372924,4582.936460213077,220260.42780678268,7.65,17.97,2.08,4.164717898034528,9.781906500131365,1.1324682622407327,54.427537035316064
060377017011,16065.655431228564,143814.44266028106,0.0,302631.83766053256,5.31,47.52,0.0,3.969909913853771,35.53732271405653,0.0,74.78195568921515
060377017012,7242.413327044698,16307.641088579154,3918.131453012381,151137.16221241571,4.79,10.79,2.59,1.7896393079222621,4.029705872022971,0.9681913673351231,37.34680612236383
060377017013,12507.069741792298,18310.940899694764,1301.8860739742015,202790.16213171193,6.17,9.03,0.64,3.0905642395820268,4.524732036041795,0.3217030549361853,50.11054037134498
060377017021,24322.778739642752,39723.01249164019,4879.042265012099,203890.3422392648,11.93,19.48,2.39,6.010289518800881,9.815770154771723,1.2056376000902371,50.38240079650442
060377017022,37856.866882886345,59428.13609989524,3484.4254013305344,202101.23123663303,18.73,29.41,1.72,9.354635532247329,14.685012240847232,0.8610202679896624,49.94030183971199
060377017023,30013.287260598918,54994.10967384268,1387.2150908649533,201009.88533475014,14.93,27.36,0.69,7.416444797613909,13.589340449402023,0.3427883142051927,49.67062439431459
060377018011,65769.20505130029,291768.9855030481,0.0,905986.928389784,7.26,32.2,0.0,16.251924502993777,72.09768646301853,0.0,223.87424554402295
060377018012,0.0,0.0,0.0,213419.50732500458,0.0,0.0,0.0,0.0,0.0,0.0,52.73710877007974
060377018013,25096.171987135607,36886.69701411763,2208.251544887095,361870.8894526291,6.94,10.19,0.61,6.201399152246733,9.114901336737285,0.5456708403747828,89.42024418005433
060377018014,17788.78272145697,64785.364033693826,19714.847014837498,414539.0686374136,4.29,15.63,4.76,4.395703940222144,16.008812093035086,4.871644792168226,102.43483468869152
060377018021,4281.535869200052,4988.46311063908,4281.538665472345,183130.58388517617,2.34,2.72,2.34,1.05799055422403,1.232676079889352,1.0579912451979618,45.252552789251176
060377018022,6997.373515838108,9770.957309947873,0.0,264518.79955264716,2.65,3.69,0.0,1.7290886518994155,2.4144561333740566,0.0,65.36401886869352
060377018023,14862.608232522005,15749.42564096751,650.577152641193,174357.4818828334,8.52,9.03,0.37,3.672630476894382,3.8917678309000316,0.16076111547722424,43.08467207231192
060377018024,13249.112382979105,91870.74499774829,697.5799338264162,626787.1347960656,2.11,14.66,0.11,3.2739269694973956,22.701755488341263,0.17237575565201652,154.88247404249339
060377019021,68509.92341382279,186898.08158280188,9890.391119603875,409005.82480013184,16.75,45.7,2.42,16.929170759458962,46.183521744999645,2.44396887046918,101.06754035952918
060377019022,117792.74421737045,171798.88846183062,29308.331021353824,309707.27716763923,38.03,55.47,9.46,29.107220993897556,42.452429868995644,7.242246317197592,76.5303348676666
060377019023,72563.46066368153,143741.0773269151,1967.476029204122,1511655.514364964,4.8,9.51,0.13,17.93082162787667,35.51919374536867,0.48617391472398824,373.53821252409847
060377020021,14556.058295855404,26085.30720101294,358.66249736813927,608498.1274094478,2.39,4.29,0.06,3.596880337855646,6.445819786594497,0.08862743323012023,150.36316189556737
060377020022,19370.7019533572,22592.976757809738,733.1211747456986,221209.1474978985,8.76,10.21,0.33,4.7866046954710955,5.5828461402173755,0.1811581875471922,54.66197077649465
060377020023,20247.538815652824,18902.484896918028,0.0,269285.0277233963,7.52,7.02,0.0,5.003275802813128,4.670905741130261,0.0,66.54177949898603
060377020024,5497.759066476059,10865.45704914444,0.0,168172.58242924654,3.27,6.46,0.0,1.3585258513361333,2.684912908943937,0.0,41.556350133497276
060377021021,0.0,504.2292286513464,0.0,434723.9414890585,0.0,0.12,0.0,0.0,0.12459775589278548,0.0,107.42262539456345
060377021022,3035.1343133130313,3267.058878808812,0.0,92994.7630990211,3.26,3.51,0.0,0.7499980222952995,0.807307830523741,0.0,22.97950641003228
060377021023,6843.11360606711,6558.987395349483,1469.072061559214,94441.60920583116,7.25,6.95,1.56,1.6909701980503624,1.6207610823661633,0.3630156121743446,23.33702986917986
060377021024,31060.418786028433,37327.92081967636,3309.2901100473846,167522.0838947139,18.54,22.28,1.98,7.675196632651464,9.22393011352227,0.8177433950287765,41.39560844497775
060377021025,0.0,0.0,0.0,82918.8751945043,0.0,0.0,0.0,0.0,0.0,0.0,20.489700285766258
060377021026,7990.021867180706,7990.031845943501,0.0,104682.39757298076,7.63,7.63,0.0,1.974377401420681,1.9743798672266681,0.0,25.867583785168872
060377021027,0.0,0.0,0.0,151393.10011839218,0.0,0.0,0.0,0.0,0.0,0.0,37.41004975625205
060377022011,6393.160245569388,7250.133404553004,438.65417925420866,459738.66259776644,1.39,1.58,0.1,1.57978430126214,1.7915469806199082,0.10839380829677756,113.6038975964255
060377022012,0.0,0.0,0.0,196312.69329350305,0.0,0.0,0.0,0.0,0.0,0.0,48.5099229631377
060377022013,11031.878586989105,15627.575152185229,1036.917570329792,230204.93511792226,4.79,6.79,0.45,2.726036566537396,3.8616579193875253,0.25622791176634946,56.88487830793822
060377022014,17916.230538396572,22549.46157077216,2841.976747712213,171925.3446502648,10.42,13.12,1.65,4.427196981644162,5.57209330332484,0.7022677483642403,42.48367787367756
060377022015,7285.196601392423,6684.54347584757,0.0,145966.37546493596,4.99,4.58,0.0,1.800211285250371,1.6517866655331652,0.0,36.069076890642485
060377022021,31216.74568428214,29368.346959467133,23375.61865887344,148593.59090133302,21.01,19.76,15.73,7.713825850478026,7.257076578479191,5.77624116573191,36.7182759632498
060377022022,12740.138143759947,12601.954104517743,2087.3518810255564,217424.64013775162,5.86,5.8,0.96,3.148156695958185,3.114010676228567,0.5157958828170253,53.72679864160026
060377022023,0.0,0.0,0.0,215628.6867626946,0.0,0.0,0.0,0.0,0.0,0.0,53.28300889775955
060377022024,0.0,0.0,0.0,306356.69872353005,0.0,0.0,0.0,0.0,0.0,0.0,75.70238890309933
060377022025,626.1057647179985,626.1067528182957,0.0,123709.23138738256,0.51,0.51,0.0,0.15471410382943226,0.15471434799433315,0.0,30.56921681298899
060377023001,5861.009277192582,27197.858377570807,0.0,249327.50660451155,2.35,10.91,0.0,1.448286933223268,6.720737169479572,0.0,61.61016862976501
060377023002,3779.991797976102,269696.41162332875,5622.003926715533,1316434.4065510838,0.29,20.49,0.43,0.9340563151816409,66.6434346745083,1.3892274249209433,325.298026207307
060377023003,636.0372717945108,1153.3297731934351,0.0,263305.55292928603,0.24,0.44,0.0,0.15716823267411772,0.28499399356240307,0.0,65.06421909901411
060377023004,18508.071197071098,26210.565567187467,2184.501495644741,355009.9573486787,5.21,7.38,0.62,4.573443993373709,6.476771802950007,0.539802075396887,87.72487093528736
060377023005,12062.868405191437,42327.65362983892,2886.8001752202795,407859.29501971684,2.96,10.38,0.71,2.9807996988530463,10.459390996811392,0.7133438585172869,100.78422668077626
060377024001,47253.166413889325,72656.40853285506,3505.8111565241015,533154.6251218657,8.86,13.63,0.66,11.676511712235566,17.953789546545355,0.8663048031847321,131.74537702172213
060377024002,20991.510918752883,39958.34090377313,1503.6714181858738,239753.78241973455,8.76,16.67,0.63,5.187115313150597,9.873921071821895,0.3715652993920938,59.244449863024265
060377024003,38003.87076764392,41238.36767631843,1235.561122804105,211124.274002373,18.0,19.53,0.59,9.390960983267505,10.190222575739885,0.3053138025765075,52.16994426433471
060377024004,22691.836312920917,117365.90820693233,101.7779022510904,630159.3171521985,3.6,18.62,0.02,5.607274868294798,29.001747518714325,0.02514986736068356,155.71575844998245
060377024005,73895.38169299843,77609.29889389365,315.4266703288964,384577.90248493134,19.21,20.18,0.08,18.259946481910163,19.177675408574842,0.07794362769653974,95.03126929738127
060377025011,9051.147154291084,31326.596973045405,1713.759938206936,409901.78113486845,2.21,7.64,0.42,2.2365871702765463,7.740970695092532,0.42347930327377065,101.28893599140218
060377025012,0.0,626.6742635373231,0.0,163891.0509688035,0.0,0.38,0.0,0.0,0.15485458294704513,0.0,40.498360668700826
060377025013,0.0,1667.5417867207698,0.0,146456.22005046334,0.0,1.14,0.0,0.0,0.4120585493200743,0.0,36.19012012380885
060377025014,999.8795642890309,0.0,0.0,396303.5938314526,0.25,0.0,0.0,0.24707562115486403,0.0,0.0,97.92875073052964
060377025015,9179.66800750093,10861.797917014403,320.7677958706525,227310.33798468002,4.04,4.78,0.14,2.268345364735451,2.684008717703106,0.0792634485609994,56.16960777913464
060377025021,7508.862777376483,80990.75814461145,163.94903381168754,1251890.6953861981,0.6,6.47,0.01,1.8554804009882144,20.01325218663914,0.040512688541210234,309.34892783860136
060377025022,3365.390990817794,67454.53242305334,0.0,434660.9218200973,0.77,15.52,0.0,0.8316062245721925,16.66837796608787,0.0,107.40705289522488
060377025023,0.0,0.0,0.0,129866.97054366292,0.0,0.0,0.0,0.0,0.0,0.0,32.09082729617695
060377026001,0.0,23120.905721489533,0.0,274989.274450599,0.0,8.41,0.0,0.0,5.7133002281750365,0.0,67.95132956249428
060377026002,0.0,0.0,0.0,263885.2020529087,0.0,0.0,0.0,0.0,0.0,0.0,65.207453516824
060377026003,162056.18757009838,161535.4891055998,161535.4891055998,365354.33730191743,44.36,44.21,44.21,40.04495604862366,39.91628865592436,39.91628865592436,90.2810228896737
060377026004,70262.83672184622,57372.370909727324,12051.917901545154,745446.6217641863,9.43,7.7,1.62,17.362325071116963,14.17702159932387,2.978093770472274,184.20387183444896
060377026005,22474.316928828266,21412.563829161587,1828.008420543626,228210.86036254768,9.85,9.38,0.8,5.553524657912081,5.291159753195,0.4517107180836231,56.39213170483735
060377026006,21366.337523926348,20145.939290188184,3528.9694288137644,295944.42009937536,7.22,6.81,1.19,5.279736984406029,4.978170013316305,0.8720273368929898,73.12945882173518
060377027001,3969.478915699567,9473.415479452877,0.0,564933.5610244297,0.7,1.68,0.0,0.9808796016898114,2.340931945847152,0.0,139.59812310054585
060377027002,7124.993621631434,9410.603759020563,847.6407386320956,229690.5929070855,3.1,4.1,0.37,1.7606242668243552,2.3254108317091164,0.20945658806679376,56.75778157972474
060377027003,38876.42937247822,26127.442986598606,1146.4059768934653,247866.75830775476,15.68,10.54,0.46,9.606574910167542,6.456231765965062,0.28328308623649806,61.249209864667414
060377027004,6820.143728593165,4500.655002561005,0.0,308543.719931098,2.21,1.46,0.0,1.6852942177149093,1.112136071259943,0.0,76.2428136128722
060377028011,83792.85682397356,85010.45356089075,10245.994608060822,450484.9045080382,18.6,18.87,2.27,20.705665849711554,21.006540555860653,2.5318404061353887,111.31724417365832
060377028012,44622.38965920895,46057.60279753005,0.0,391886.18741786,11.39,11.75,0.0,11.026432618715322,11.381081508746846,0.0,96.83718583360334
060377028013,61439.28770444096,61257.6718860117,18121.065177150937,351824.99860522413,17.46,17.41,5.15,15.181978625276804,15.137100379183371,4.477812723191248,86.93785049002882
060377028021,14458.996521900779,9931.611837491242,0.0,247374.71472936543,5.84,4.01,0.0,3.5728958511767086,2.454154731687088,0.0,61.127623248531044
060377028022,38406.7993428701,22849.750116104035,0.0,362684.16453722003,10.59,6.3,0.0,9.490526802552791,5.646296218869293,0.0,89.62120883006992
060377028031,40993.48209165013,48195.84790761205,2756.915950439411,171928.66372461888,23.84,28.03,1.6,10.129710029924615,11.909453382343958,0.6812487676062433,42.484498034811935
060377028032,42793.59350952053,36692.0128212792,19672.339974462528,212172.9668245194,20.17,17.29,9.27,10.57452724852088,9.066793825000317,4.8611410737413285,52.429081904193076
060377028033,133277.69636887783,125529.652002059,56297.88952881514,463232.57802367234,28.77,27.1,12.15,32.933636002296595,31.019052543409302,13.911511467814197,114.46726290055798
060377029001,74113.5560851935,0.0,0.0,488444.1671958663,15.17,0.0,0.0,18.313858548319892,0.0,0.0,120.69718226034642
060377029002,0.0,0.0,0.0,477119.3978184479,0.0,0.0,0.0,0.0,0.0,0.0,117.89877080331178
060377029003,310027.5941129421,0.0,0.0,595268.1998209604,52.08,0.0,0.0,76.60948690862607,0.0,0.0,147.09397559203123
060377029004,147445.6928729491,40982.104621027436,47.11274833695268,2195280.6698347162,6.72,1.87,0.0,36.434624183060585,10.126898595706264,0.01164181364976925,542.4656673470018
060377030021,9424.874047318326,4295.754484508357,3454.242660219699,413641.2413113742,2.28,1.04,0.84,2.3289370967425813,1.0615040505837237,0.8535619502337446,102.2129767247989
060377030022,724.7740876394676,0.0,0.0,481208.543306857,0.15,0.0,0.0,0.17909557740366736,0.0,0.0,118.90922065909984
060377030023,61425.55363201641,44501.44165998559,42156.70952988518,924975.413520344,6.64,4.81,4.56,15.178584862071238,10.996545717229543,10.41714978978276,228.5664024056936
060377030024,44172.68780360128,121122.05244051703,21556.06471412507,1456917.5569074068,3.03,8.31,1.48,10.915308870138896,29.929910972399963,5.326619594114778,360.0121686658153
060377030031,11424.3962150112,25649.151258663536,2379.7219174809397,338863.1715472085,3.37,7.57,0.7,2.823029784742382,6.338043306081077,0.5880420922049018,83.73491327034644
060377030032,219478.0890445458,652261.9886570547,195965.98936696054,1161608.1376495946,18.89,56.15,16.87,54.234216917036974,161.17744752363336,48.42425055711325,287.0396219692666
060377030033,0.0,5575.199535725204,0.0,329546.02508757316,0.0,1.69,0.0,0.0,1.3776618080309397,0.0,81.4325962402528
060377030034,0.0,35825.45428116442,0.0,190791.94604195742,0.0,18.78,0.0,0.0,8.852662546381625,0.0,47.145716607560715
060377031001,1012.477769932837,6940.504071256156,0.0,533945.0990863418,0.19,1.3,0.0,0.25018870556627854,1.7150359061021665,0.0,131.94070739225387
060377031002,1303.858384690695,0.0,0.0,371671.36378441076,0.35,0.0,0.0,0.3221904235281562,0.0,0.0,91.8419941283684
060377031003,15574.474116733765,12553.549112867373,1320.4039096036877,374000.83718924504,4.16,3.36,0.35,3.84853636776599,3.102049542301887,0.3262789117733557,92.41761954268759
060377031004,23235.95375163835,55053.48202992505,1904.2913892143445,868190.7066356994,2.68,6.34,0.22,5.741729215552006,13.604011678100361,0.4705606501564488,214.5345957494623
060377031005,23388.847202384815,21803.888179092002,4665.620686706445,345346.4227587218,6.77,6.31,1.35,5.779510010022542,5.387858105961946,1.152899979569694,85.3369595341149
060377031006,7381.59137728483,7917.935686756131,1390.3873364723677,171048.63788959596,4.32,4.63,0.81,1.8240309531187062,1.9565645183083555,0.34357219316612037,42.26703891514764
060377032001,6565.532824517607,3801.8441965184784,0.0,324437.7216813143,2.02,1.17,0.0,1.6223784931376188,0.9394561604594273,0.0,80.17030697839918
060377032002,662.3507502398005,2868.5216981031126,0.0,319861.847136742,0.21,0.9,0.0,0.16367043480306906,0.7088271484566105,0.0,79.03958375351677
060377032003,4143.897059211875,4143.596845713688,0.0,234982.24047884226,1.76,1.76,0.0,1.023979263577215,1.0239050792062239,0.0,58.065376171533494
060377032004,724.9719813545303,2858.6042330593423,0.0,343312.54176844825,0.21,0.83,0.0,0.17914447800561786,0.7063764894737824,0.0,84.83437659615454
060377032005,2414.447494971004,0.0,0.0,514717.81365156453,0.47,0.0,0.0,0.5966229692772517,0.0,0.0,127.18954169031517
060377032006,27718.24841825322,25907.774624226524,1385.2829421579686,369174.2493395721,7.51,7.02,0.38,6.849328348994114,6.401950531484841,0.34231086986190196,91.22494371090937
060378001011,30006.696272877067,35926.64469519842,24918.947747541893,2036343.1948382414,1.47,1.76,1.22,7.414816129078655,8.877667242242318,6.1576060889167,503.1913619585698
060378001012,0.0,0.0,0.0,6059869.820459699,0.0,0.0,0.0,0.0,0.0,0.0,1497.4264436260567
060378001031,140712.7343625282,49269.81322205433,13127.693470864855,12785129.758660007,1.1,0.39,0.1,34.77087390194043,12.17483599105172,3.2439237029020758,3159.2743661208883
060378001032,1763.2060723216855,210576.84042705002,0.0,5689998.3867936395,0.03,3.7,0.0,0.4356977091062724,52.034670481876596,0.0,1406.0292219161977
060378001041,51300.62492815368,161890.18761923525,4051.802553187313,34236458.603773765,0.15,0.47,0.01,12.676660492375387,40.00393656744209,1.0012222155349855,8460.013163370331
060378002021,3262.739355849944,14339.122179070024,3254.3619466058776,13866203.16600435,0.02,0.1,0.02,0.8062404531552336,3.5432742559633894,0.8041703502482721,3426.4134228367207
060378002022,0.0,0.0,0.0,9297355.618553909,0.0,0.0,0.0,0.0,0.0,0.0,2297.4266067586564
060378002023,0.0,69832.26032749796,0.0,4226341.035317611,0.0,1.65,0.0,0.0,17.255927326940782,0.0,1044.3516137424926
060378002041,323253.9178461467,668236.2934601633,143670.43296932982,5366409.193730571,6.02,12.45,2.68,79.8777826801278,165.12478420567828,35.501737144439055,1326.068590925696
060378002042,4615.569680642589,89922.57058373254,4369.285683458092,2684072.9048148966,0.17,3.35,0.16,1.1405321066234695,22.220351106601328,1.0796740055499359,663.2488590299675
060378002051,0.0,0.0,0.0,764917.817044473,0.0,0.0,0.0,0.0,0.0,0.0,189.0153089718059
060378002052,0.0,74085.72386005521,0.0,535739.9621539796,0.0,13.83,0.0,0.0,18.306981055710015,0.0,132.38422771526385
060378002061,26547.51375608183,220115.81122639618,0.0,6316885.135601127,0.42,3.48,0.0,6.56003351370142,54.391801500053184,0.0,1560.9363111169828
060378002062,3110.4179910811063,3.216961405802813,0.0,2950339.64657043,0.11,0.0,0.0,0.7686010242084308,0.0007949284753460525,0.0,729.0448038234879
060378003241,43716.8594329396,183035.28657757147,23687.92061994746,690496.5751859996,6.33,26.51,3.43,10.802671226722985,45.229004311702724,5.853412660956049,170.62541961310765
060378003242,0.0,4022.4274651849764,0.0,880120.0340770519,0.0,0.46,0.0,0.0,0.9939634732085365,0.0,217.48239675750446
060378003243,2582.9378893333974,2582.9381025470066,0.0,644808.606885084,0.4,0.4,0.0,0.638257852449724,0.6382579051359543,0.0,159.33567677765012
060378003244,265005.8728984453,406708.29686709127,174625.07124428012,1372111.0354450156,19.31,29.64,12.73,65.48437731360946,100.49980884320371,43.15079484354876,339.0560208289478
060378003251,88615.18988667893,88615.35666062825,12223.159839208678,1173070.1507249756,7.55,7.55,1.04,21.897290300733086,21.897331511473457,3.0204085748017957,289.87194708264025
060378003252,35091.420405599,53721.43981915797,0.0,1137379.2746809402,3.09,4.72,0.0,8.67127882555021,13.274856879478396,0.0,281.05253954288156
060378003281,60513.99578607449,30186.26969405661,15031.497854766787,9638034.033874499,0.63,0.31,0.16,14.953334012820372,7.459189687820591,3.7143640114250243,2381.6100765340802
060378003331,112600.02841486361,214132.57889102557,29623.326424706218,1283670.628768685,8.77,16.68,2.31,27.82407297466853,52.913312591414744,7.320083376503389,317.2019204000819
060378003341,213224.13376074194,2410.2928769565933,0.0,1926594.514512236,11.07,0.13,0.0,52.688830910954024,0.5955963408079504,0.0,476.0718724410943
060378003342,0.0,0.0,0.0,2458461.077026779,0.0,0.0,0.0,0.0,0.0,0.0,607.4989622608803
060378003343,0.0,0.0,0.0,356454.6803458736,0.0,0.0,0.0,0.0,0.0,0.0,88.08186976262357
060378003351,0.0,223805.39330385352,0.0,2482346.476170546,0.0,9.02,0.0,0.0,55.303517086757694,0.0,613.4011729277964
060378003352,0.0,0.0,0.0,6786908.660751373,0.0,0.0,0.0,0.0,0.0,0.0,1677.081653597776
060378003353,77265.30229212926,998694.5666091542,60339.73379081767,32832683.85989531,0.24,3.04,0.18,19.092671997072443,246.78280185114042,14.910272936007207,8113.132869790274
060378003354,26169.787974888735,33856.620284263394,0.0,28461501.407304518,0.09,0.12,0.0,6.466695440449717,8.366153070531874,0.0,7032.990162380246
060378003361,188289.35971429865,471492.52096480434,83094.86270922176,3371737.057102179,5.58,13.98,2.46,46.527314058410084,116.50833925192343,20.533187747723975,833.1743717022114
060378003362,4606.090250864125,13731.652580839218,1757.1459384168948,16422139.197581427,0.03,0.08,0.01,1.1381896885119709,3.3931652491628603,0.43420021740598697,4057.998970925247
060378003371,0.0,29859.70867418392,0.0,1360815.32192856,0.0,2.19,0.0,0.0,7.378494702432643,0.0,336.26478923152024
060378003372,111651.12827333706,319161.8269287108,61176.78135722266,1424276.3009199086,7.84,22.41,4.3,27.589594643222362,78.86660499297648,15.117111894209874,351.9463386534572
060378003381,3500.483727622764,3500.486040252995,0.0,624807.975556388,0.56,0.56,0.0,0.864988366833828,0.8649889382972034,0.0,154.3934131435886
060378003382,0.0,0.0,0.0,1942307.2254766796,0.0,0.0,0.0,0.0,0.0,0.0,479.95456787784644
060378003383,0.0,0.0,0.0,1078397.153250949,0.0,0.0,0.0,0.0,0.0,0.0,266.4777399271809
060378003384,67989.57936826628,67989.56518903529,67989.56518903529,803555.0592137773,8.46,8.46,8.46,16.80059094558755,16.80058744182327,16.80058744182327,198.56277943689108
060378003385,32237.026074712143,366920.81348629546,0.0,1908267.9505800921,1.69,19.23,0.0,7.965942625558699,90.66810758477367,0.0,471.5432798696595
060378004061,2687.9924326322935,0.0,0.0,79047300.27088448,0.0,0.0,0.0,0.6642173954464566,0.0,0.0,19533.01328738647
060378004062,15682.389380055294,35532.98183586271,0.0,15919190.018057935,0.1,0.22,0.0,3.875202810075186,8.78039103121671,0.0,3933.717522060497
060378004101,28697.705859112906,192924.54320393095,0.0,38436992.202583104,0.07,0.5,0.0,7.0913575535486,47.67269284278598,0.0,9497.987620669757
060378004111,7788.659415953547,23834.062141495175,4052.586687489571,5501984.537196889,0.14,0.43,0.07,1.9246196560970303,5.889525017386289,1.0014159793408663,1359.5699878904823
060378004112,55614.50142113776,54160.547963972705,0.0,4726828.634417063,1.18,1.15,0.0,13.742642588776453,13.38336286510818,0.0,1168.0247928375484
060378004121,2968.2176826777236,2968.214577567776,2968.214577567776,4293198.214821187,0.07,0.07,0.07,0.7334625627556643,0.7334617954662863,0.7334617954662863,1060.8723825875427
060378004122,20047.98371832316,147063.37337241718,18661.771293111353,6895619.096417544,0.29,2.13,0.27,4.953964664363764,36.34015097703931,4.611424114237276,1703.9445872725273
060378005041,335672.7890417336,783850.51221254,133590.68648700012,24862730.758625448,1.35,3.15,0.54,82.9465525843049,193.69367983351265,33.01097754483065,6143.7145684255665
060378005061,16630.49955595729,11779.389929723744,0.0,22164787.866002362,0.08,0.05,0.0,4.10948593676435,2.9107506420348717,0.0,5477.038360767311
060378005062,14387.69666752439,20184.588324771663,10406.989928724153,3230219.762756893,0.45,0.62,0.32,3.555277273462478,4.987720397750393,2.5716232162623296,798.2046866988184
060378005063,1337.1410297719367,10029.338515851223,0.0,3941551.3962904457,0.03,0.25,0.0,0.3304147442371927,2.47830351982275,0.0,973.9785613527887
060379001021,39240.27669083144,407807.73114104674,0.0,440744294.90097433,0.01,0.09,0.0,9.69648354056502,100.77148496886755,0.0,108910.28712098207
060379001031,12951.48386279175,9553.195679295532,0.0,5322278.033870681,0.24,0.18,0.0,3.2003813604809914,2.360646062562798,0.0,1315.1635438339295
060379001032,0.0,37293.63089396624,0.0,9379674.11202499,0.0,0.4,0.0,0.0,9.21545688834919,0.0,2317.7679494896306
060379001033,11234.67540070476,17214.821351388302,5683.519566738984,5280569.506742883,0.21,0.33,0.11,2.776148750550928,4.253874996923909,1.404428270615135,1304.857142327581
060379001041,41402.89982505711,128013.56006793288,4821.507558433226,5043877.766045201,0.82,2.54,0.1,10.230879355117569,31.632839593556437,1.1914204644734634,1246.369339452353
060379001042,5300.895112613007,16093.60545240275,0.0,23026060.21638283,0.02,0.07,0.0,1.3098797089196694,3.9768165144980334,0.0,5689.863393455199
060379001043,22028.193857921062,634127.9592831047,5665.458544362607,14533804.99314837,0.15,4.36,0.04,5.443285246294252,156.6964312776467,1.3999652947911334,3591.38142700132
060379003011,0.0,151327.34762618627,0.0,6640626.156980247,0.0,2.28,0.0,0.0,37.393801961583094,0.0,1640.9344597014401
060379005011,0.0,0.0,0.0,482260.2750659057,0.0,0.0,0.0,0.0,0.0,0.0,119.16910923662071
060379005012,111844.41648694075,200455.08160529486,20928.910247700085,1323957.919857576,8.45,15.14,1.58,27.63735720097801,49.53352940710814,5.171646350449995,327.15712683288103
060379005013,71045.42089513893,63452.753561235106,20764.3782865658,1311818.4312497491,5.42,4.84,1.58,17.555705831788625,15.679516873891034,5.130989617430367,324.15739386962764
060379005041,241716.53526802812,322481.8469628687,14650.98086799289,4479685.769481172,5.4,7.2,0.33,59.72945665432761,79.6869998099957,3.620336216253524,1106.954460920677
060379005042,31035.237411860267,46022.590404378214,16073.527300094163,4953107.342409489,0.63,0.93,0.32,7.668974179581772,11.372429757980981,3.971855095012664,1223.9394792939142
060379005043,0.0,0.0,0.0,1142684.7204937106,0.0,0.0,0.0,0.0,0.0,0.0,282.36354375429954
060379005051,35511.19804437622,37366.79371164225,37366.79371164225,656486.7379165858,5.41,5.69,5.69,8.775008139111643,9.233535814320232,9.233535814320232,162.2214058010129
060379005052,0.0,6430.193338404242,6430.193338404242,654506.7175406107,0.0,0.98,0.98,0.0,1.5889353777940056,1.5889353777940056,161.73213211069483
060379005061,0.0,0.0,0.0,654607.6087135938,0.0,0.0,0.0,0.0,0.0,0.0,161.7570628624815
060379005062,50886.9790037696,50886.970034770806,50886.970034770806,653141.6448903577,7.79,7.79,7.79,12.57444635843812,12.574444142150252,12.574444142150252,161.3948153127237
060379005081,0.0,0.0,0.0,653660.9305460681,0.0,0.0,0.0,0.0,0.0,0.0,161.52313359276843
060379005082,0.0,0.0,0.0,3332499.85541255,0.0,0.0,0.0,0.0,0.0,0.0,823.4786480109915
060379005091,0.0,0.0,0.0,562737.4393206283,0.0,0.0,0.0,0.0,0.0,0.0,139.05544960917965
060379005092,0.0,71902.34137201203,23073.28739630741,667082.0079392133,0.0,10.78,3.46,0.0,17.767455493113378,5.70153348376608,164.83955404170192
060379005093,0.0,0.0,0.0,424759.544729464,0.0,0.0,0.0,0.0,0.0,0.0,104.96036933219368
060379005101,0.0,0.0,0.0,659336.0673599807,0.0,0.0,0.0,0.0,0.0,0.0,162.92549044004863
060379005102,0.0,0.0,0.0,329274.3167607341,0.0,0.0,0.0,0.0,0.0,0.0,81.36545565050143
060379005103,10271.645548673825,52355.1526662553,0.0,1303913.1000917673,0.79,4.02,0.0,2.5381788916005563,12.937239971366694,0.0,322.20394399821026
060379006021,11340.695870495552,44480.208038626515,1308.046247396926,1313859.367623449,0.86,3.39,0.1,2.8023469791819102,10.99129877512368,0.32322526693971154,324.661720230801
060379006022,90970.4652507387,90989.93565418961,4871.32271208526,3828945.349142632,2.38,2.38,0.13,22.479291518029296,22.48410275950135,1.2037300570194944,946.1530011168186
060379006061,9819.038457210181,34043.829283575025,0.0,988733.3729436247,0.99,3.44,0.0,2.426337243609688,8.41241342172086,0.0,244.32133729055144
060379006062,55708.95509770637,87507.98456447475,0.0,754306.6271432552,7.39,11.6,0.0,13.765982600555917,21.62369390722735,0.0,186.39322684344492
060379006071,48241.459541875636,49497.15212950346,2303.410910312691,1021472.8115896937,4.72,4.85,0.23,11.920724262628003,12.231012658499267,0.5691852316684481,252.41142876620916
060379006072,0.0,2096.1025362528894,0.0,691783.4821420502,0.0,0.3,0.0,0.0,0.517958216815063,0.0,170.94342124739526
060379006081,56560.47186819538,23374.025338546242,4592.052324756658,984439.0896086665,5.75,2.37,0.47,13.976396976953293,5.775847447704657,1.1347208414261774,243.2601967689385
060379006082,0.0,0.0,0.0,353625.0884538323,0.0,0.0,0.0,0.0,0.0,0.0,87.38266237874431
060379006091,0.0,8335.038405111089,0.0,1294494.1612155617,0.0,0.64,0.0,0.0,2.059632844638449,0.0,319.87647351418957
060379006092,0.0,0.0,0.0,659884.3251358412,0.0,0.0,0.0,0.0,0.0,0.0,163.06096788689499
060379006093,14878.63712406252,146475.3249544819,92880.92893739462,667379.3369145757,2.23,21.95,13.92,3.6765913022529966,36.19484104840426,22.951377376099572,164.91302563158007
060379006101,10414.10733234969,29907.77923881451,0.0,2639477.126964201,0.39,1.13,0.0,2.5733819650002734,7.390373197643027,0.0,652.2290023323466
060379006102,9324.61941266306,36095.57954603137,0.0,654757.0895457333,1.42,5.51,0.0,2.3041636370022407,8.919411953000491,0.0,161.79400038052935
060379006111,0.0,0.0,0.0,1310551.582432922,0.0,0.0,0.0,0.0,0.0,0.0,323.84434870948434
060379006112,33797.34052157961,0.0,0.0,661995.4347609781,5.11,0.0,0.0,8.351504722160614,0.0,0.0,163.58263443613345
060379007011,59246.00316919148,99169.607409449,9851.821464129272,496602.8087804496,11.93,19.97,1.98,14.640006213527947,24.50534366886092,2.434438101040071,122.71322650135876
060379007012,86548.3272272779,74727.62301996679,39839.768145668764,533689.1557983002,16.22,14.0,7.46,21.38655741484156,18.46559779248342,9.844621105198902,131.8774624284284
060379007013,38704.48861719141,70500.13216926772,9445.465488507114,613393.0197845169,6.31,11.49,1.54,9.564087424242642,17.420962053172474,2.3340253526724957,151.57271614314953
060379007014,66795.52132494535,78308.71562692846,12296.077915408174,450304.4795479562,14.83,17.39,2.73,16.505532777298797,19.350505047195927,3.038427023836924,111.27266019507107
060379007031,216987.5893272113,525150.6932966596,50745.09643317977,1323202.2328167318,16.4,39.69,3.84,53.61880103434116,129.76756239481742,12.539386411708978,326.97039249838343
060379007032,39546.47678905266,196449.72786607855,32099.088517453132,645658.642500312,6.12,30.43,4.97,9.772147232641256,48.54378494346816,7.931857512853563,159.5457251526117
060379007033,74338.54093576781,156729.2769072484,31892.52227229861,629950.3099382701,11.8,24.88,5.06,18.369453515645393,38.7286477572386,7.880813882046414,155.66411164265529
060379007041,214151.15855771344,210664.6989990309,138034.35738024465,569004.8062724388,37.64,37.02,24.26,52.91790372703919,52.05638080782109,34.10903253602038,140.60414971060152
060379007042,283106.9074218556,1469691.829135064,39755.527417131634,4609521.359018378,6.14,31.88,0.86,69.95724035446709,363.16876007759595,9.823804767838663,1139.0375338012827
060379007051,71037.11130946476,206189.47896491268,40678.653628129054,3009577.1664291117,2.36,6.85,1.35,17.553652488450773,50.95052985414081,10.051914222349518,743.6827137653362
060379007052,21631.012925369476,26201.623386016407,8051.675875993246,736564.0499032992,2.94,3.56,1.09,5.345139700444609,6.474562141860584,1.9896124387872838,182.00894052635496
060379007053,366842.01385736547,746755.4508724438,220155.35190368938,1534806.591541619,23.9,48.65,14.34,90.64863577240745,184.5272905505203,54.40157221419919,379.2589682812116
060379008041,100320.46319235553,105269.33374744664,11509.487569528817,752869.9326842655,13.33,13.98,1.53,24.789726326109733,26.012618872457143,2.844056316360016,186.03821191110453
060379008042,488.85731201733944,4455.551680255196,0.0,722466.0604372711,0.07,0.62,0.0,0.12079927256905773,1.1009907975961295,0.0,178.52525146143202
060379008051,3700.7670986402973,15601.73544017779,0.0,655200.7616124986,0.56,2.38,0.0,0.9144794656306453,3.8552727874949255,0.0,161.9036341358337
060379008052,25102.959950867178,212632.48103879418,4234.491356051899,1327830.4405492202,1.89,16.01,0.32,6.203076494614008,52.542630339401036,1.0463656018566188,328.11404753562925
060379008053,50031.50712198633,71883.77159415167,14661.33179379672,655424.6220645345,7.63,10.97,2.24,12.36305465275563,17.762866801071432,3.622893985722818,161.95895125822946
060379008061,153245.92134025999,235067.05446900387,5895.005422669366,872788.1841586087,17.56,26.93,0.68,37.86789185107216,58.08633416492613,1.456687563719722,215.67065718654754
060379008062,112715.86922033467,175418.66615073127,16902.404411995973,923040.4953283834,12.21,19.0,1.83,27.85269786109392,43.34689641563777,4.176675089938563,228.08827370776143
060379008071,0.0,41756.35235961706,0.0,688118.911163155,0.0,6.07,0.0,0.0,10.318219378500544,0.0,170.03788603774186
060379008072,13670.894657950736,36907.51003177518,34177.72086000282,630417.3157592603,2.17,5.85,5.42,3.3781516394503495,9.120044345405036,8.445498750789291,155.77951129419844
060379008081,31305.440898124813,34384.019579379645,27328.31689924097,630192.1719306834,4.97,5.46,4.34,7.735742915128931,8.49647627453709,6.752974172242521,155.72387704255297
060379008082,9441.136958269117,9441.138288913193,5228.576109057451,694471.9473413235,1.36,1.36,0.75,2.332955749556843,2.332956078366155,1.2920092939587484,171.6077554660229
060379009011,145006.36005704117,338069.5703468973,24010.937615252697,43024327.475550674,0.34,0.79,0.06,35.831851917060284,83.53881014301074,5.933231898801327,10631.542853214192
060379009012,12538.339094130928,494851.5208527319,13985.88618344604,51615584.39417755,0.02,0.96,0.03,3.0982910648198954,122.28047382992123,3.455987740516791,12754.488671373909
060379009021,30376.468205083685,0.0,0.0,52193068.48052827,0.06,0.0,0.0,7.506188763442423,0.0,0.0,12897.188096822822
060379009022,0.0,11741.709004167933,0.0,66780147.70649193,0.0,0.02,0.0,0.0,2.901439482551367,0.0,16501.733873446334
060379010031,0.0,0.0,0.0,2605043.19775647,0.0,0.0,0.0,0.0,0.0,0.0,643.7201931200568
060379010071,7377.72162680447,13093.20740767744,3517.0804410046385,2603032.60132111,0.28,0.5,0.14,1.8230747169500743,3.235402011102849,0.8690895040251573,643.2233639209206
060379010072,9745.35653135399,9745.351834909368,0.0,2609792.6973843225,0.37,0.37,0.0,2.4081300432137587,2.408128882697019,0.0,644.8938200373753
060379010081,463189.36321468867,679131.2790869824,347528.1080446836,2085462.1771904125,22.21,32.57,16.66,114.45658428869903,167.8169937850727,85.87606570894378,515.328926829982
060379010082,36202.461596025816,154731.08681059195,23728.742852948555,597020.8157508549,6.06,25.92,3.97,8.945823082736363,38.2348842311604,5.863500054414126,147.52705641995323
060379010091,21238.133061500637,101707.41647458656,21238.123064901298,1329001.497163247,1.6,7.65,1.6,5.248056971812531,25.132449945992565,5.248054501599038,328.403421926958
060379010092,54809.82178536244,72202.52513858658,30576.958835962923,500031.5474062253,10.96,14.44,6.12,13.543801920419334,17.841632517263033,7.5557310772664295,123.56048626743227
060379010093,0.0,0.0,0.0,825191.7794559671,0.0,0.0,0.0,0.0,0.0,0.0,203.9093294460357
060379010101,0.0,0.0,0.0,646107.0360117925,0.0,0.0,0.0,0.0,0.0,0.0,159.6565256023135
060379010102,0.0,18705.547518316973,0.0,981045.5765193562,0.0,1.91,0.0,0.0,4.622241455065903,0.0,242.42164142249067
060379010103,0.0,0.0,0.0,700502.856170212,0.0,0.0,0.0,0.0,0.0,0.0,173.0980254927791
060379010104,6617.892044214536,6617.892021319853,3014.634700187645,331093.3624871562,2.0,2.0,0.91,1.6353167380941516,1.6353167324367521,0.7449324575740217,81.81495163863518
060379010111,40517.68609821884,50350.0650622424,34929.26931347435,1341092.5175880564,3.02,3.75,2.6,10.012138279467228,12.441772034102001,8.631210418075431,331.3911781413578
060379010112,0.0,0.0,0.0,663703.7082956317,0.0,0.0,0.0,0.0,0.0,0.0,164.0047580195643
060379010113,56311.5106909777,48376.25129914089,18244.8815733254,667088.600952039,8.44,7.25,2.74,13.914877330286403,11.954032031225662,4.508408420999829,164.84118321065122
060379010121,10134.686402587502,0.0,0.0,2603676.861411682,0.39,0.0,0.0,2.5043355495614783,0.0,0.0,643.3825640563654
060379010122,0.0,0.0,0.0,1281669.3858147261,0.0,0.0,0.0,0.0,0.0,0.0,316.7074024965354
060379010131,0.0,0.0,0.0,1651407.4493289434,0.0,0.0,0.0,0.0,0.0,0.0,408.07166772414706
060379010132,0.0,0.0,0.0,1304439.453070811,0.0,0.0,0.0,0.0,0.0,0.0,322.33400865188327
060379010141,0.0,0.0,0.0,558427.3592410301,0.0,0.0,0.0,0.0,0.0,0.0,137.99040562695652
060379010142,0.0,0.0,0.0,5695092.280461089,0.0,0.0,0.0,0.0,0.0,0.0,1407.2879504540458
060379011011,55730.643072628845,40830.319061684204,3443.903807132678,2088828.6857818766,2.67,1.95,0.16,13.771341815872386,10.089391567163547,0.8510071639977435,516.1608092196882
060379011012,3700.388986450185,53351.098948106686,1330.6191072231925,3135157.969082125,0.12,1.7,0.04,0.9143860320736702,13.183343657264386,0.32880314207788597,774.7144059098619
060379011021,3069.7384266408394,0.0,0.0,1304577.3637384153,0.24,0.0,0.0,0.7585488849195006,0.0,0.0,322.36808712001
060379011022,49516.84999340259,36310.686705553926,4836.059937630179,959337.0617835578,5.16,3.78,0.5,12.23588010667215,8.972566089710632,1.1950164356861812,237.0573506076156
060379011023,84382.46145337813,157618.59231928823,50951.75720186316,2842096.8779382003,2.97,5.55,1.79,20.851360326575378,38.94840238137533,12.590453399788785,702.2974331895585
060379012091,41657.383258850066,5337384.59886147,15936.935987133616,597373644.143765,0.01,0.89,0.0,10.293763581102052,1318.8964573386368,3.9381026465184474,147614.24221457573
060379012101,1164.0278882944576,308622.92085295223,0.0,23079883.474802617,0.01,1.34,0.0,0.28763755537542085,76.26238458687953,0.0,5703.163410258826
060379012141,0.0,91234.649504792,0.0,2595215.819097377,0.0,3.52,0.0,0.0,22.544572868904755,0.0,641.2917949676793
060379012142,0.0,147937.14456447208,0.0,2607511.329450119,0.0,5.67,0.0,0.0,36.55606454076706,0.0,644.3300817437271
060379012151,923.2206241612646,0.0,0.0,1302173.4021283996,0.07,0.0,0.0,0.22813278451172375,0.0,0.0,321.77405526933467
060379012152,38375.4613070045,5140.355525958687,0.0,1304045.4397590552,2.94,0.39,0.0,9.48278300524579,1.2702095131188726,0.0,322.2366458421787
060379012161,322300.001457834,59382.02025788046,16610.773021211826,41515969.85977229,0.78,0.14,0.04,79.64206480710601,14.67361676811449,4.104611403871046,10258.81956917837
060379012171,236054.0294357331,47569.9963302922,3055.954289959366,58270667.39177118,0.41,0.08,0.01,58.330220990578304,11.754802089588509,0.7551427505666296,14398.99549418993
060379012181,12636.433226857267,52464.96673424993,0.0,10489461.063768983,0.12,0.5,0.0,3.122530652906928,12.964375618528969,0.0,2592.0022775476123
060379013001,85208.69731769894,253793.37043877432,0.0,269866556.8488593,0.03,0.09,0.0,21.055527655010223,62.71370761611093,0.0,66685.47847536784
060379100021,44281.76672696479,367263.45236714947,0.0,63955189.36636724,0.07,0.57,0.0,10.942262859106664,90.75277549613257,0.0,15803.671465180974
060379100022,15345.88107742584,321086.0718666523,0.0,3710140.784290171,0.41,8.65,0.0,3.792049797587066,79.34209627240277,0.0,916.7957537989107
060379100023,89131.82381330118,463222.8165057624,3407.323000623598,4921789.229830203,1.81,9.41,0.07,22.024953324249957,114.46485077695115,0.8419678498509406,1216.2006051381782
060379102101,0.0,0.0,0.0,1592288.6607381585,0.0,0.0,0.0,0.0,0.0,0.0,393.4630969175445
060379102102,19272.993589993916,37794.751866752624,22551.566243451198,591210.5318406173,3.26,6.39,3.81,4.762460433069679,9.339286577490766,5.572613379270057,146.09130399788143
060379102103,0.0,0.0,0.0,985911.4164403032,0.0,0.0,0.0,0.0,0.0,0.0,243.62401665231442
060379102111,2004.290027510629,0.0,0.0,4084768.3857965637,0.05,0.0,0.0,0.4952708518188493,0.0,0.0,1009.368250177277
060379102121,80460.51362556101,30790.17006501584,0.0,7489828.916333072,1.07,0.41,0.0,19.88222591248831,7.608416719354634,0.0,1850.7770314942893
060379102122,33232.02772838372,4396.733577728035,0.0,6671831.935272762,0.5,0.07,0.0,8.211812888749675,1.0864565279339806,0.0,1648.6455754503918
060379102131,34913.7513466194,631577.5966686478,0.0,29270724.745491263,0.12,2.16,0.0,8.627375844956145,156.0662229509217,0.0,7232.953604055015
060379102141,0.0,0.0,0.0,2067176.8813481887,0.0,0.0,0.0,0.0,0.0,0.0,510.8105318256493
060379102142,0.0,23737.937644003894,0.0,1332823.1402675665,0.0,1.78,0.0,0.0,5.865772136765366,0.0,329.34777050408223
060379102143,0.0,0.0,0.0,992102.1756260295,0.0,0.0,0.0,0.0,0.0,0.0,245.15378656247466
060379102151,576343.9912323606,539977.3710712547,443269.4358873558,1148293.5616635946,50.19,47.02,38.6,142.41770180978105,133.4313142621995,109.53426304768024,283.7495185911725
060379102152,0.0,0.0,0.0,1107718.1545003606,0.0,0.0,0.0,0.0,0.0,0.0,273.723117125916
060379102153,8748.299217383357,6144.180324428698,2092.192292906675,955866.2879740022,0.92,0.64,0.22,2.1617518153004185,1.5182600228710053,0.5169919746413673,236.19970372141913
060379102161,0.0,0.0,0.0,1464441.7428037024,0.0,0.0,0.0,0.0,0.0,0.0,361.8714354919493
060379102162,62689.393233765215,60894.97424468239,58408.4123391711,1321127.6055502298,4.75,4.61,4.42,15.490886428974687,15.047475840165449,14.43303301196236,326.4577409362923
060379102171,0.0,2541172.87700123,0.0,56306812.79625616,0.0,4.51,0.0,0.0,627.937493145403,0.0,13913.716455219146
060379102172,0.0,3299.6835632790658,0.0,3693147.824926108,0.0,0.09,0.0,0.0,0.815369565625009,0.0,912.5967020929979
060379102181,395849.781969439,970799.0158115588,202133.02725343918,11091254.160336753,3.57,8.75,1.82,97.81661137725246,239.8896611300639,49.948158806574014,2740.708590239298
060379102182,605601.6920032427,1479341.769504034,310483.47124908457,4125487.1452509626,14.68,35.86,7.53,149.64743711962205,365.5533122736057,76.72213660225471,1019.430074765126
060379102183,0.0,297810.24161308253,0.0,1548904.7537527133,0.0,19.23,0.0,0.0,73.59051335862944,0.0,382.74270003237
060379103011,0.0,0.0,0.0,989861.1372026742,0.0,0.0,0.0,0.0,0.0,0.0,244.60001390798888
060379103012,82119.84552747074,47492.833514433,6407.005099704871,2957881.3969336194,2.78,1.61,0.22,20.29225575509035,11.73573474254054,1.5832054392246457,730.908410923914
060379103021,0.0,0.0,0.0,1020976.9634833386,0.0,0.0,0.0,0.0,0.0,0.0,252.2889020307385
060379103022,13138.8188211435,75627.65589808172,34614.52034840085,887176.2859808212,1.48,8.52,3.9,3.246672836826636,18.688000760163,8.55343425499455,219.2260345759138
060379103023,0.0,0.0,0.0,1092376.459147115,0.0,0.0,0.0,0.0,0.0,0.0,269.9321016432992
060379103024,0.0,34976.96676277679,0.0,1026510.6716302087,0.0,3.41,0.0,0.0,8.642996714480322,0.0,253.65631109329883
060379104011,0.0,7706.319964739214,0.0,5320217.159665308,0.0,0.14,0.0,0.0,1.9042731345949155,0.0,1314.6542907272549
060379104012,89935.2030589786,506206.71679727535,46891.01958491083,2083189.8786084102,4.32,24.3,2.25,22.223472659215883,125.08640385543205,11.58702328191371,514.767429622069
060379104013,43046.57606638332,115055.8435716159,0.0,2014405.1055039254,2.14,5.71,0.0,10.637040599739,28.43091811579065,0.0,497.7703420249529
060379104041,0.0,38864.06238391884,0.0,1212276.267048888,0.0,3.21,0.0,0.0,9.603518960741976,0.0,299.5599894127066
060379104042,28745.666360731397,72074.91202110797,0.0,1363833.2033450073,2.11,5.28,0.0,7.103208851596394,17.810098629188264,0.0,337.0105239701541
060379104051,135767.36243528032,328145.2300822681,69046.49125532541,1255903.1343737214,10.81,26.13,5.5,33.548845885360834,81.08645225610961,17.06175956061648,310.34042310522705
060379104052,26917.976709839408,264572.67400998244,3167.513650078731,729456.613995425,3.69,36.27,0.43,6.651576903209139,65.37733153702469,0.7827096688051581,180.25265486508627
060379104053,49015.211078434986,58183.185790895965,18376.115492154753,415398.69084106677,11.8,14.01,4.42,12.111922431230305,14.377378319834301,4.540837028573587,102.64725196124289
060379105011,57445.52533021063,259105.92460106406,23889.951195929207,841928.0106211945,6.82,30.78,2.84,14.195098450303407,64.02646833894852,5.903335503502049,208.04494223244188
060379105012,24357.520913982287,25039.386758927634,0.0,344131.42637807253,7.08,7.28,0.0,6.018874497044051,6.187367216768702,0.0,85.03672738999333
060379105013,8136.3509568125155,31724.648841058508,0.0,310645.97730125004,2.62,10.21,0.0,2.0105361069338925,7.839331453781627,0.0,76.76229272226577
060379105021,83606.99590280438,233183.9249891121,39417.06183247277,1371704.3984336338,6.1,17.0,2.87,20.659738615886205,57.62100273644541,9.740168100428027,338.95553863513163
060379105022,28380.34631465595,53783.349306762284,3859.377388241002,632033.9018987597,4.49,8.51,0.61,7.012936302253319,13.290155047029296,0.953672921747045,156.17897842887396
060379105041,0.0,0.0,0.0,536835.2766718746,0.0,0.0,0.0,0.0,0.0,0.0,132.6548858270348
060379105042,0.0,0.0,0.0,523102.94721023954,0.0,0.0,0.0,0.0,0.0,0.0,129.2615533169847
060379105043,22306.98476078698,74296.12834865508,0.0,529507.0910000604,4.21,14.03,0.0,5.5121759786965105,18.35897313712789,0.0,130.84405171113897
060379105051,0.0,0.0,0.0,380451.5118729367,0.0,0.0,0.0,0.0,0.0,0.0,94.0116159711218
060379105052,14096.545075909034,133840.90245634934,0.0,1230196.7081645126,1.15,10.88,0.0,3.483332148351593,33.07280725738587,0.0,303.98822685064295
060379106011,126464.4288683029,186199.68848870444,70105.9634605167,1007604.6644129471,12.55,18.48,6.96,31.250040937529185,46.01094505306867,17.32356084403413,248.9845349678564
060379106012,8574.493012433448,91919.12662663315,8574.494751698796,690201.8422858551,1.24,13.32,1.24,2.1188033667249107,22.713710849202858,2.118803796506738,170.55258952738652
060379106013,40768.486426667485,180395.95786479925,0.0,959301.508571286,4.25,18.8,0.0,10.074112390300622,44.5768119833159,0.0,237.0485652175348
060379106021,26811.64732923942,47811.34555245741,0.0,659170.0647435033,4.07,7.25,0.0,6.6253023410548115,11.814440781198448,0.0,162.88447030017946
060379106022,154772.17659234375,353199.19861543167,110679.35655644472,1341410.3870605521,11.54,26.33,8.25,38.24503773735458,87.27742270776334,27.34946462242068,331.46972539861565
060379106051,0.0,0.0,0.0,670526.3841071078,0.0,0.0,0.0,0.0,0.0,0.0,165.6906779285859
060379106052,0.0,0.0,0.0,679467.0654269053,0.0,0.0,0.0,0.0,0.0,0.0,167.8999683966908
060379106061,4436.444772135521,4436.445192900931,2032.3296674581043,1040769.9392796846,0.43,0.43,0.2,1.0962693777765593,1.0962694817499565,0.5021995977442721,257.17985286526493
060379106062,0.0,0.0,0.0,324686.22593722586,0.0,0.0,0.0,0.0,0.0,0.0,80.23171371735242
060379106071,0.0,0.0,0.0,577309.4747301139,0.0,0.0,0.0,0.0,0.0,0.0,142.65627797779362
060379106072,0.0,0.0,0.0,647375.2187556038,0.0,0.0,0.0,0.0,0.0,0.0,159.96990038299307
060379106081,11810.964150411855,0.0,0.0,627247.524751267,1.88,0.0,0.0,2.918552801882536,0.0,0.0,154.9962388779971
060379106082,67421.23016578188,73735.36854849962,73735.36854849962,778596.3035083803,8.66,9.47,9.47,16.660148799101083,18.220406372799026,18.220406372799026,192.39533658736315
060379107061,260465.18651311522,516188.9264991521,111612.01966800643,19369732.00947852,1.34,2.66,0.58,64.3623492722397,127.55306159169955,27.57993069638349,4786.365017118953
060379107062,2540.449812313248,7271.1260269689865,1379.264559063035,1346100.9844397071,0.19,0.54,0.1,0.6277588199698537,1.7967343705900056,0.34082369501141285,332.6287972533006
060379107071,23586.49426208775,168139.56215205367,0.0,4776385.084875913,0.49,3.52,0.0,5.828349662106299,41.548190645305375,0.0,1180.2704584323415
060379107072,6631.234765683167,55465.04921453828,0.0,1942572.8906448672,0.34,2.86,0.0,1.6386137963724676,13.705712144253582,0.0,480.020215170574
060379107091,30635.385058432214,109067.80784151953,3207.274513681238,14487621.247196408,0.21,0.75,0.02,7.570168511257389,26.95124226246617,0.7925347921731195,3579.969174840278
060379107121,53793.035019616495,161885.0153735355,38619.64945044293,2070807.0808310818,2.6,7.82,1.86,13.292548438798917,40.00265847769542,9.543123209579901,511.70757365367155
060379107131,5920.1532287580285,51394.98503988796,36174.40286445592,986060.9229328893,0.6,5.21,3.67,1.4629017219363232,12.69997738378077,8.938889619168298,243.66096051119672
060379107132,16747.987489890893,16747.97932095603,9325.785883696279,495803.83178816794,3.38,3.38,1.88,4.138517837496802,4.1385158189090365,2.3044518782718746,122.51579498689752
060379107133,0.0,0.0,0.0,495836.9819250349,0.0,0.0,0.0,0.0,0.0,0.0,122.52398656411371
060379107141,0.0,0.0,0.0,674773.4199129511,0.0,0.0,0.0,0.0,0.0,0.0,166.7401433314935
060379107142,36030.61462718542,37274.1715557763,31294.982444940215,329194.0769400488,10.95,11.32,9.51,8.903358771947081,9.210648381162667,7.733158575065194,81.34562795900213
060379107151,116856.35086731063,0.0,0.0,855797.7307182427,13.65,0.0,0.0,28.87583315792771,0.0,0.0,211.4722247078658
060379107152,37545.16907227566,22376.628542600163,2928.0207904717786,442748.1655780363,8.48,5.05,0.66,9.277613325853896,5.529385331968273,0.7235296943733198,109.40545434904833
060379107153,0.0,0.0,0.0,688921.634166024,0.0,0.0,0.0,0.0,0.0,0.0,170.23624321157828
060379107161,0.0,0.0,0.0,1218306.3372140995,0.0,0.0,0.0,0.0,0.0,0.0,301.05005220115504
060379107162,0.0,139260.32016635142,0.0,1248997.9791043263,0.0,11.15,0.0,0.0,34.411974537945845,0.0,308.63412207829316
060379107171,0.0,0.0,0.0,1727002.727201356,0.0,0.0,0.0,0.0,0.0,0.0,426.751667699926
060379107181,0.0,0.0,0.0,822769.9956980484,0.0,0.0,0.0,0.0,0.0,0.0,203.31089364670422
060379107182,0.0,0.0,0.0,532061.9870708948,0.0,0.0,0.0,0.0,0.0,0.0,131.47538027933146
060379107183,0.0,0.0,0.0,666260.5168300008,0.0,0.0,0.0,0.0,0.0,0.0,164.63655916778808
060379107191,0.0,188.47633160418496,0.0,659987.0953974669,0.0,0.03,0.0,0.0,0.04657351581858407,0.0,163.0863629715975
060379107192,3393.7779984902604,58464.437027674954,0.0,1335280.6270965904,0.25,4.38,0.0,0.8386208069318086,14.446877013986684,0.0,329.9550287244187
060379107201,33230.49613841722,81082.82181491538,6878.9200621361115,1003577.94295369,3.31,8.08,0.69,8.211434424626752,20.03600161500886,1.6998181660362806,247.98951042560464
060379107202,0.0,0.0,0.0,672324.4222727983,0.0,0.0,0.0,0.0,0.0,0.0,166.13498283541136
060379107211,91391.08200365186,416366.6905337959,0.0,1295514.791543846,7.05,32.14,0.0,22.583228181209382,102.88644989457482,0.0,320.12867676079725
060379107212,203359.81838594694,284226.0767218414,181341.7837701421,661739.9922149199,30.73,42.95,27.4,50.25130549735288,70.23379311126642,44.810530654457175,163.5195132083468
060379108041,226430.71277509502,330217.06763865263,20318.865122836774,52260337.82641508,0.43,0.63,0.04,55.952247656172,81.598414465818,5.020900917158462,12913.810714199228
060379108071,0.0,0.0,0.0,1591445.5294156584,0.0,0.0,0.0,0.0,0.0,0.0,393.25475463047115
060379108072,22499.83159982642,35870.01141052627,0.0,3934608.9756151093,0.57,0.91,0.0,5.559829470422088,8.863672852829668,0.0,972.2630518435042
060379108081,1885.806004616813,310982.10438971344,0.0,9595991.893489799,0.02,3.24,0.0,0.46599281214390853,76.84535153468197,0.0,2371.2212373966227
060379108082,0.0,11676.742799296495,0.0,1227552.5241083954,0.0,0.95,0.0,0.0,2.8853859837141362,0.0,303.33483474078673
060379108091,146465.34526479137,30550.158390723638,8991.633901609744,9722512.411190633,1.51,0.31,0.09,36.19237501337635,7.549108543022086,2.221881125270372,2402.4851381865105
060379108101,18648.077010053992,170620.99798452132,0.0,22136827.91269235,0.08,0.77,0.0,4.608040183198468,42.16136679327359,0.0,5470.129305838836
060379108141,94094.51211445205,99490.44478841791,0.0,35210966.58922229,0.27,0.28,0.0,23.251260310008483,24.584624311779958,0.0,8700.819330857388
060379108142,48720.31022269471,646893.4909061089,53174.77834290744,45047654.07483728,0.11,1.44,0.12,12.03905084277761,159.85086283898028,13.139773886856105,11131.517744363571
060379108151,27077.15774451176,269543.161229784,0.0,68262957.17306511,0.04,0.39,0.0,6.690911393504188,66.60556567755143,0.0,16868.144072327024
060379108152,195806.36879645474,433454.9285314286,89167.1112561479,41367695.71801951,0.47,1.05,0.22,48.384807455148405,107.10904546358155,22.0336730412756,10222.180230818833
060379108153,40508.697639834,356004.3743668487,0.0,361775278.0999832,0.01,0.1,0.0,10.00991718302924,87.97059673189968,0.0,89396.61810028617
060379110011,111103.38056631201,305749.2600461047,12677.490472482634,42961102.717357874,0.26,0.71,0.03,27.454243237130175,75.55228753699625,3.1326761192491754,10615.91967522279
060379110012,0.0,974770.7259112644,0.0,239933391.84879184,0.0,0.41,0.0,0.0,240.87109206932865,0.0,59288.83231950657
060379110013,83407.73835752353,517833.00752175815,2091.467906532838,91329465.75860652,0.09,0.57,0.0,20.61050100414937,127.95932285995355,0.5168129748701306,22568.00247547288
060379111001,233016.63566310937,1806869.0655030776,0.0,150344046.46455154,0.15,1.2,0.0,57.57966464372812,446.48706969235855,0.0,37150.82295294024
060379111002,40750.512253168585,175400.46804353115,4547.698702814969,6700010.542048497,0.61,2.62,0.07,10.069670875301618,43.34239956541611,1.1237608227568259,1655.6086608269231
060379111003,3117.1765093792383,17280.61235013495,0.0,5318819.630352465,0.06,0.32,0.0,0.7702710904506436,4.270132306766305,0.0,1314.3089537132932
060379200131,51985.955764129714,45942.05388990713,23210.340952727878,1644612.3198721735,3.16,2.79,1.41,12.846009430030456,11.352528751850569,5.735400155106792,406.3925546676132
060379200132,4699.3818757122135,8130.562083536284,4699.382785033273,3199620.610368337,0.15,0.25,0.15,1.1612425510577495,2.0091056451947042,1.1612427757558768,790.6434714752723
060379200133,28369.273523586973,32387.044311980477,30574.42022684149,3320461.9678906063,0.85,0.98,0.92,7.010200155992313,8.003012939305924,7.555103773291082,820.5040212228228
060379200151,5358.94111585344,4744.0084384436805,0.0,2970843.8340479867,0.18,0.16,0.0,1.3242231886930411,1.172270014865077,0.0,734.1114988918038
060379200152,1838.9648456163245,0.0,0.0,5601990.030127959,0.03,0.0,0.0,0.45441810968072865,0.0,0.0,1384.2818833700264
060379200161,3727.017712928204,3727.1193949835333,0.0,307231.54426578595,1.21,1.21,0.0,0.920966133688006,0.9209912598710764,0.0,75.91856794454333
060379200162,2722.052942793887,7143.534816606808,0.0,1811282.0254094466,0.15,0.39,0.0,0.6726339308029033,1.7652058958816021,0.0,447.57753583342117
060379200171,0.0,0.0,0.0,832298.9596508197,0.0,0.0,0.0,0.0,0.0,0.0,205.66555191924064
060379200172,50193.48103032097,50193.47326342358,48117.01556362481,704624.3790050333,7.12,7.12,6.83,12.403079277162389,12.403077357920248,11.88997348591104,174.11647596510323
060379200173,0.0,0.0,0.0,540173.3366303894,0.0,0.0,0.0,0.0,0.0,0.0,133.4797384064439
060379200181,0.0,0.0,0.0,301364.80099656683,0.0,0.0,0.0,0.0,0.0,0.0,74.46886411103301
060379200182,11136.373883214997,12182.405480262023,0.0,666145.8815136558,1.67,1.83,0.0,2.751857916572819,3.0103379533878325,0.0,164.60823216421304
060379200201,14292.183009742854,280976.0118455958,0.0,8783032.924507178,0.16,3.2,0.0,3.531675334621047,69.43068459022871,0.0,2170.334701249019
060379200202,11200.654414405988,17221.335418929983,340.46513143513056,1520772.0718395715,0.74,1.13,0.02,2.767741981753681,4.255484658068699,0.08413076617954653,375.7909629365287
060379200203,1967.3801313481229,0.0,0.0,551341.8813418928,0.36,0.0,0.0,0.48615021784769974,0.0,0.0,136.239545907813
060379200281,0.0,0.0,0.0,1430176.1909926683,0.0,0.0,0.0,0.0,0.0,0.0,353.4042332405008
060379200282,0.0,0.0,0.0,515977.2183649914,0.0,0.0,0.0,0.0,0.0,0.0,127.50074737244807
060379200283,487.90977247121805,0.0,0.0,628322.596784993,0.08,0.0,0.0,0.12056513044805818,0.0,0.0,155.2618949629956
060379200291,214.85904184518952,214.85782437748958,0.0,1414958.5272185516,0.02,0.02,0.0,0.053092825496825195,0.053092524654004776,0.0,349.6438666285586
060379200292,0.0,0.0,0.0,543395.4153913922,0.0,0.0,0.0,0.0,0.0,0.0,134.27593140779874
060379200293,0.0,0.0,0.0,472463.5356323887,0.0,0.0,0.0,0.0,0.0,0.0,116.74828220176708
060379200301,102507.14138532351,35753.41656830025,1315.0124996637587,1292505.5272821602,7.93,2.77,0.1,25.330066275129017,8.834861639864302,0.3249466653635037,319.38507136747785
060379200302,0.0,0.0,0.0,427005.30439910886,0.0,0.0,0.0,0.0,0.0,0.0,105.51530863204485
060379200303,4258.573944846504,4258.574485474915,0.0,927770.8608829358,0.46,0.46,0.0,1.0523165391474265,1.052316672739616,0.0,229.25717249259824
060379200311,38271.39312952488,42624.67614209581,2515.347187603841,670963.4421818213,5.7,6.35,0.37,9.457067198551096,10.532786858006965,0.6215558263152087,165.7986773308613
060379200312,111813.11844203669,32514.69078156332,0.0,1315931.9903848458,8.5,2.47,0.0,27.629623285652816,8.034555068865128,0.0,325.17387646889347
060379200313,8838.291471837794,37304.609953373954,6814.813848270027,461081.04789737443,1.92,8.09,1.48,2.1839893856664725,9.218169873012284,1.683977175604486,113.93560822796104
060379200314,0.0,0.0,0.0,4313445.5907657165,0.0,0.0,0.0,0.0,0.0,0.0,1065.8756181440247
060379200341,0.0,955.9490155052779,0.0,6040040.577795982,0.0,0.02,0.0,0.0,0.23622014613959283,0.0,1492.526531053434
060379200342,114316.08552402724,231141.98439253715,4675.804518380157,2973671.9696754436,3.84,7.77,0.16,28.24811992124785,57.11642822639547,1.1554164591802238,734.8103464248674
060379200351,143023.0650872846,148653.25777854654,115810.02992757833,634699.665804164,22.53,23.42,18.25,35.341769056996675,36.73301996970461,28.617281622978076,156.8377030356203
060379200352,115065.07189145927,133655.9200271156,68884.74571234119,868867.2156023324,13.24,15.38,7.93,28.433198483285846,33.02709710364534,17.02179136651675,214.70176475572814
060379200353,5878.354470653275,6156.959185626629,2342.6441140404763,299505.79814902635,1.96,2.06,0.78,1.4525730238699943,1.5214177482420357,0.5788799674417815,74.00949450324298
060379200354,0.0,0.0,0.0,326326.8863485071,0.0,0.0,0.0,0.0,0.0,0.0,80.63712973414015
060379200355,0.0,0.0,0.0,337382.48294155975,0.0,0.0,0.0,0.0,0.0,0.0,83.36902714761352
060379200381,22846.608876949558,18993.312444389223,14228.176468338945,268599.50843849406,8.51,7.07,5.3,5.645520001769746,4.693349716895858,3.51585897379104,66.37238399458717
060379200382,36075.152877168715,61170.201077790014,3108.8749531126446,734457.1462691581,4.91,8.33,0.42,8.914364413199083,15.11548587175051,0.7682197312226158,181.48831330012595
060379200391,0.0,19682.719767062747,0.0,1043126.0141315784,0.0,1.89,0.0,0.0,4.863705976351356,0.0,257.7620516403074
060379200401,4773.065049156032,106521.79453283742,0.0,2950604.2822675253,0.16,3.61,0.0,1.1794500597392954,26.322108672603797,0.0,729.1101967283685
060379200411,40694.87492197788,152585.12735754176,38358.59916138233,1800321.8157410724,2.26,8.48,2.13,10.055922591353923,37.70460610190136,9.478616278319468,444.86920904235745
060379200421,5421.857055942266,21738.396811648807,3222.7782956940214,1946614.4440178825,0.28,1.12,0.17,1.3397700560690555,5.371674836627089,0.7963658601415721,481.0189047585328
060379200422,0.0,9184.531930332201,0.0,543008.955227914,0.0,1.69,0.0,0.0,2.269547266242099,0.0,134.1804350216806
060379200423,118241.06086222106,66776.16156562461,66776.16156562461,401357.995395626,29.46,16.64,16.64,29.218002449441446,16.500748876586734,16.500748876586734,99.17772055713294
060379200424,79438.26453488613,79438.33967160142,69836.9897027254,469648.0946949696,16.91,16.91,14.87,19.629622660982626,19.629641227669325,17.25709598101046,116.05257159492785
060379200425,0.0,0.0,0.0,425336.0433686729,0.0,0.0,0.0,0.0,0.0,0.0,105.1028252483507
060379200431,228223.5047992553,333927.6015335022,227493.96474688704,17119744.859047346,1.33,1.95,1.33,56.39525621319341,82.51530735935165,56.214982940257386,4230.381084015437
060379200432,0.0,0.0,0.0,1570555.1235940137,0.0,0.0,0.0,0.0,0.0,0.0,388.0926229309098
060379200441,0.0,0.0,0.0,773648.6502460724,0.0,0.0,0.0,0.0,0.0,0.0,191.1727448406133
060379200442,24260.91222333301,27245.40029843007,15995.809152253674,226521.38671820363,10.71,12.03,7.06,5.995001969688118,6.732485033969183,3.952650522443619,55.974653675472986
060379200451,0.0,0.0,0.0,413640.4244096962,0.0,0.0,0.0,0.0,0.0,0.0,102.21277486399815
060379200452,0.0,0.0,0.0,1172130.4293476737,0.0,0.0,0.0,0.0,0.0,0.0,289.6397368732292
060379200453,0.0,0.0,0.0,284152.2547776918,0.0,0.0,0.0,0.0,0.0,0.0,70.21555131159668
060379200461,48511.60363179009,63248.645380302514,40375.82127653566,425303.55399577226,11.41,14.87,9.49,11.987478321017413,15.629080643981117,9.977082718588434,105.09479694946646
060379200471,0.0,1547.0832213006215,0.0,156854.22224430897,0.0,0.99,0.0,0.0,0.38229258956094103,0.0,38.7595224224155
060379200472,0.0,0.0,0.0,87761.77947611004,0.0,0.0,0.0,0.0,0.0,0.0,21.686407995681414
060379200473,0.0,0.0,0.0,271519.99946575344,0.0,0.0,0.0,0.0,0.0,0.0,67.09405304394953
060379200481,71661.91862759255,76343.5400814121,0.0,1442539.5953479116,4.97,5.29,0.0,17.708045739140218,18.864899594371163,0.0,356.45929698993604
060379200482,8966.135947561692,20601.64965442238,7278.269102974729,532944.3460372974,1.68,3.87,1.37,2.2155804436086957,5.090778496708937,1.7984994631112536,131.69341592831535
060379200483,91158.2962934229,94626.59347001345,76397.83051994671,689352.3319941189,13.22,13.73,11.08,22.525705579483148,23.38274047634605,18.878315053895278,170.34267096268675
060379200491,73478.53172525016,237369.73804147542,0.0,22320426.91700965,0.33,1.06,0.0,18.15694061161515,58.65533966749989,0.0,5515.497607837655
060379200492,22879.514199737052,119590.21923073239,24874.132437118074,6054365.655631625,0.38,1.98,0.41,5.65365108410945,29.551386742752058,6.146531984538853,1496.0663348765572
060379200501,8533.941505576802,93723.2911635589,24631.558933929246,232562585.54235902,0.0,0.04,0.01,2.108782871154031,23.159529615329426,6.08659076649955,57467.466415434894
060379201021,134793.2651818012,185322.0419263485,58091.99813598637,16640237.37956298,0.81,1.11,0.35,33.30814121195376,45.79407386448435,14.354845359582768,4111.892205381094
060379201022,32469.826290781806,47970.52256822477,1429.142168816387,24753748.84548935,0.13,0.19,0.01,8.023468811756231,11.853774278400445,0.3531487207961853,6116.784551207049
060379201023,129583.03560682297,944968.0817222405,53075.09618409726,580452895.2091033,0.02,0.16,0.01,32.02066544529726,233.5066983082697,13.115141888977844,143433.03409436604
060379201041,39911.60210345128,63356.00288269658,10684.87434770755,158094107.08830884,0.03,0.04,0.01,9.862371662739047,15.655609260563565,2.6402899516190033,39065.90463976745
060379201061,14867.244090935528,189093.23693441635,13082.594910987384,47007062.094708465,0.03,0.4,0.03,3.6737760224560834,46.72595644554003,3.232779606059933,11615.698010563663
060379201091,6727.450341331631,6727.348528861116,6727.348528861116,1107973.9693271832,0.61,0.61,0.61,1.662389182896164,1.6623640244867997,1.6623640244867997,273.78633034628297
060379201092,0.0,0.0,0.0,786598.1903782726,0.0,0.0,0.0,0.0,0.0,0.0,194.37264589480498
060379201093,0.0,0.0,0.0,299078.78334667213,0.0,0.0,0.0,0.0,0.0,0.0,73.90397684761511
060379201101,0.0,0.0,0.0,537571.207856054,0.0,0.0,0.0,0.0,0.0,0.0,132.83673838303503
060379201102,6320.215561498965,59497.27401450166,55651.07308944656,516242.8353013952,1.22,11.53,10.78,1.5617592772789164,14.702096591609896,13.751679644824792,127.56638274684227
060379201111,18862.10114921815,18863.04549195813,0.0,618193.1505262017,3.05,3.05,0.0,4.660926699749808,4.661160051922807,0.0,152.75885428116584
060379201112,0.0,0.0,0.0,556857.8866361765,0.0,0.0,0.0,0.0,0.0,0.0,137.6025805002319
060379201121,70673.54696254083,69363.84301620636,61672.70802670879,405794.1278782695,17.42,17.09,15.2,17.463813781816274,17.140178888548245,15.239658043052984,100.27391276649544
060379201122,0.0,0.0,0.0,655547.397627474,0.0,0.0,0.0,0.0,0.0,0.0,161.9892897605445
060379201123,0.0,0.0,0.0,667227.586286247,0.0,0.0,0.0,0.0,0.0,0.0,164.87552723467903
060379201141,95877.16547382239,95877.95903092786,95877.95903092786,650731.9137376681,14.73,14.73,14.73,23.691763548399415,23.691959640630678,23.691959640630678,160.79935777700499
060379201142,0.0,0.0,0.0,618002.8126249512,0.0,0.0,0.0,0.0,0.0,0.0,152.71182076146968
060379201143,3996.8772956988532,49047.48129874685,0.0,780417.374603885,0.51,6.28,0.0,0.9876498888311173,12.119896576330497,0.0,192.84533305509666
060379201144,70514.44210363136,70514.41568720313,70514.41568720313,779237.712493557,9.05,9.05,9.05,17.42449811496217,17.424491587320595,17.424491587320595,192.5538321993217
060379201151,0.0,0.0,0.0,535706.6061275289,0.0,0.0,0.0,0.0,0.0,0.0,132.37598526162353
060379201152,0.0,0.0,0.0,354930.26552730444,0.0,0.0,0.0,0.0,0.0,0.0,87.70517865736684
060379201153,604569.2067267331,1060943.3210620482,172414.76195357848,2709715.703414882,22.31,39.15,6.36,149.39230445151094,262.16480406607866,42.604615523109516,669.5853325599027
060379201161,5374.341546638301,18879.487250506423,0.0,383273.5028258513,1.4,4.93,0.0,1.3280287180168928,4.665222898940874,0.0,94.70894512203866
060379201162,22720.732403433358,13756.018294311176,0.0,2244167.743455065,1.01,0.61,0.0,5.614415247763784,3.399186148085068,0.0,554.5459263227715
060379201163,43742.30534223117,61355.12942329804,0.0,4797119.387195109,0.91,1.28,0.0,10.808959047845258,15.161182661111363,0.0,1185.3940161163819
060379201181,17520.712861527518,19821.101239941057,7744.55883627585,652777.7006991439,2.68,3.04,1.19,4.3294624352244275,4.897900782994939,1.91372216553285,161.30488274452105
060379201182,0.0,23126.737117387427,0.0,1030363.8268974388,0.0,2.24,0.0,0.0,5.714741197482872,0.0,254.60844649545993
060379201183,29421.20464680634,141962.52615717918,27755.512756144653,1164994.8496093247,2.53,12.19,2.38,7.270137997472618,35.079704180112195,6.858536567423898,287.8764967199951
060379201191,14743.92599272102,45168.449345404326,0.0,4990771.855198409,0.3,0.91,0.0,3.6433034567549822,11.16136690577647,0.0,1233.2465830943954
060379201201,1572.0460358333848,0.0,0.0,6643829.11688989,0.02,0.0,0.0,0.38846103536855364,0.0,0.0,1641.7259283317364
060379201202,0.0,0.0,0.0,709914.2586270709,0.0,0.0,0.0,0.0,0.0,0.0,175.42363368702223
060379201211,103380.97630075787,170683.38234757102,6425.148959499109,1539698.580369666,6.71,11.09,0.42,25.545995585246754,42.17678230510257,1.5876888846203878,380.46780504669925
060379201212,173878.42670300647,768460.4257137591,82639.08030903262,9410247.993968822,1.85,8.17,0.88,42.96629495935696,189.89070663841872,20.42056146385922,2325.322920250293
060379201213,31747.998466993642,47516.09053281837,34459.03371753095,1250909.6571220832,2.54,3.8,2.75,7.8451012720054445,11.741481676940447,8.515012671760397,309.1065080041134
060379202001,2304.5633798551216,3781.854453417424,0.0,11365282.772972882,0.02,0.03,0.0,0.5694700130943596,0.9345165873650105,0.0,2808.4225350976667
060379203031,28521.215280807635,0.0,0.0,51568512.65942981,0.06,0.0,0.0,7.047745781871115,0.0,0.0,12742.856992402749
060379203121,0.0,0.0,0.0,654045.0113568142,0.0,0.0,0.0,0.0,0.0,0.0,161.61804202802205
060379203122,82057.32707668834,118175.41903961785,25939.803820012112,923154.7974535488,8.89,12.8,2.81,20.276807109461025,29.20178200182688,6.4098651181275255,228.11651837800292
060379203123,57717.364191801695,434382.14396246977,5024.036825170794,12048390.516899902,0.48,3.61,0.04,14.262271295894466,107.33816538637122,1.2414665361889152,2977.2221347439277
060379203131,31609.94363058266,64804.61314755205,22240.547591699033,821929.0678252653,3.85,7.88,2.71,7.810987178990722,16.013568652657927,5.495758996685435,203.1030958439138
060379203132,78458.51660251673,93152.274889861,43005.714760950934,544467.8331579245,14.41,17.11,7.9,19.38752167441282,23.01842842119335,10.626943551272884,134.54093160908985
060379203133,0.0,0.0,0.0,1494570.8976520353,0.0,0.0,0.0,0.0,0.0,0.0,369.3165117940299
060379203141,15797.510501569117,19284.345895868355,0.0,1371099.6776289996,1.15,1.41,0.0,3.903649858721787,4.765265648943314,0.0,338.8061088700214
060379203142,442424.72051645635,508136.02459069045,112068.76142851936,9929712.530129893,4.46,5.12,1.13,109.32552933372295,125.56314619369147,27.69279404334702,2453.6854026170386
060379203221,3130.492120847807,9772.936758795004,3130.4905900091176,369336.3677086545,0.85,2.65,0.85,0.7735614497020529,2.4149452658365216,0.7735610714235744,91.26500403234431
060379203222,39300.69252460763,925.6710320451577,0.0,675578.0887561757,5.82,0.14,0.0,9.71141261821694,0.22873829348662333,0.0,166.9389813329533
060379203261,68172.75668742767,243829.64135091667,34894.83870598838,71882306.78088182,0.09,0.34,0.05,16.84585504691506,60.251616539020375,8.622702429678466,17762.50483782961
060379203262,249947.7224173584,248160.99441061492,173840.0775806195,641296.4916719182,38.98,38.7,27.11,61.763427294790496,61.32191718910608,42.95681868484059,158.46781420814415
060379203263,189167.838432251,187914.2390412683,148143.7797735265,826815.7235468227,22.88,22.73,17.92,46.74439087712049,46.434619721404694,36.607125212925,204.31061477008794
060379203281,21851.562775669103,437857.1637091084,13057.118389167543,2354498.8400598546,0.93,18.6,0.55,5.399638755335424,108.1968614664703,3.226484220417185,581.8093340369886
060379203291,361767.0162328252,553921.7536855399,339367.8951468354,982697.2702252667,36.81,56.37,34.53,89.39457654845046,136.87704624742653,83.85963318796773,242.82978382575658
060379203292,0.0,1262.4438639768375,0.0,624734.7298968898,0.0,0.2,0.0,0.0,0.3119566725888786,0.0,154.37531374695743
060379203293,48370.20654989971,48369.56375043549,48304.192272584034,589515.5038691906,8.21,8.2,8.19,11.952538341158547,11.952379501951734,11.936225857980178,145.67245346440453
060379203301,0.0,18689.005309233497,0.0,255670.72340564823,0.0,7.31,0.0,0.0,4.618153786180021,0.0,63.177611637138824
060379203302,0.0,4771.096264195349,0.0,1489144.2397869127,0.0,0.32,0.0,0.0,1.1789635623805592,0.0,367.975555432177
060379203303,0.0,0.0,0.0,833111.9460277604,0.0,0.0,0.0,0.0,0.0,0.0,205.86644522804218
060379203304,0.0,41104.44214392067,0.0,666495.7757258789,0.0,6.17,0.0,0.0,10.157128855968544,0.0,164.69469290699757
060379203311,6653.739643514867,48430.024710640864,6653.955933362967,543816.1769724173,1.22,8.91,1.22,1.6441748727939418,11.967319730587153,1.644228319179364,134.37990385878467
060379203312,0.0,0.0,0.0,403748.0019566969,0.0,0.0,0.0,0.0,0.0,0.0,99.76830404011541
060379203313,4.701800363937697,14256.817376772151,0.0,545283.2053603438,0.0,2.61,0.0,0.0011618401725132816,3.522936296394994,0.0,134.74241446820642
060379203321,32570.905379290634,23276.001105223433,0.0,2560111.5302005513,1.27,0.91,0.0,8.04844599848056,5.7516251321363985,0.0,632.6173362686956
060379203322,13746.74826393839,14716.177756686875,0.0,1348890.2770247178,1.02,1.09,0.0,3.396895473693589,3.6364467183047235,0.0,333.3180464615432
060379203341,8254.761027470822,16884.325279089826,4203.402654373513,887319.3233788902,0.93,1.9,0.47,2.039795872613467,4.172207638905194,1.0386834163690621,219.2613798867277
060379203342,0.0,10966.79289322482,0.0,432445.6748293175,0.0,2.54,0.0,0.0,2.709953541351717,0.0,106.85965344252423
060379203343,19043.015192202354,29428.22332258992,19043.00610638837,811244.7633145361,2.35,3.63,2.35,4.705631533354188,7.271872350029514,4.705629288200657,200.46294670207868
060379203344,0.0,0.0,0.0,609136.3091712807,0.0,0.0,0.0,0.0,0.0,0.0,150.5208600432705
060379203381,604.6701830949825,0.0,0.0,2072605.0403947239,0.03,0.0,0.0,0.14941725625550634,0.0,0.0,512.1518591375078
060379203382,630.425461886369,0.0,0.0,919750.8607235027,0.07,0.0,0.0,0.1557815242460451,0.0,0.0,227.2753872938348
060379203383,18577.053601111038,16823.392635599066,0.0,731313.1543003131,2.54,2.3,0.0,4.5904899166385205,4.157150854791607,0.0,180.71141596533482
060379203391,74823.4696563837,1352135.2696521012,23355.25601643278,6445560.262178318,1.16,20.98,0.36,18.489282012137565,334.1199016025909,5.771209447203931,1592.7326273551753
060379203392,0.0,0.0,0.0,2590718.1037094747,0.0,0.0,0.0,0.0,0.0,0.0,640.1803852910209
060379203393,27086.43551999976,671895.2578983384,35638.43442842382,25099355.409961745,0.11,2.68,0.14,6.6932039817553175,166.02893400894834,8.806448934328225,6202.185793158557
060379203401,25502.124829116823,45197.41572419617,22258.54394895945,713138.365141895,3.58,6.34,3.12,6.301712284122181,11.168524653857553,5.5002059934112895,176.22032775725862
060379203402,3956.5146827723493,11059.132031366342,0.0,359791.4929928451,1.1,3.07,0.0,0.977676069966902,2.732771039306527,0.0,88.90641412463792
060379203411,5691.527147291432,10513.567038124089,0.0,145041.46259145488,3.92,7.25,0.0,1.4064069868621765,2.5979589935362686,0.0,35.84052594221705
060379203412,51059.92232697772,100166.17564374146,3628.5345215667703,439615.64155938185,11.61,22.78,0.83,12.617181584291663,24.75160104255382,0.896630407118535,108.63139080646367
060379203421,47967.78089995795,148839.901787834,7432.802744411598,612959.3725453891,7.83,24.28,1.21,11.853096797417516,36.77914070881815,1.8366855575280212,151.46555957670267
060379203422,6447.331874485682,6820.533523579182,0.0,199786.9326628181,3.23,3.41,0.0,1.5931704022901987,1.685390538153623,0.0,49.36842620780054
060379203431,12703.390204793035,82071.62012185417,7129.596897541307,497907.3509967833,2.55,16.48,1.43,3.1390760824816346,20.280338997839056,1.7617617610740632,123.03558590336591
060379203432,0.0,0.0,0.0,501124.47249194025,0.0,0.0,0.0,0.0,0.0,0.0,123.8305539376529
060379304001,0.0,781333.5923435427,0.0,155723403.5917648,0.0,0.5,0.0,0.0,193.07173538916177,0.0,38480.09104790839
060379304002,26718.771690398586,1509839.5550094252,0.0,305912880.22917527,0.01,0.49,0.0,6.602352270890041,373.08947919481915,0.0,75592.71896474961
060379304003,4482.948310506666,1466466.3428017392,109833.25109985382,1032870130.5386227,0.0,0.14,0.01,1.107760652365334,362.3717250467826,27.140387410808334,255227.76761278723
060379800011,0.0,130759.719438564,57088.716002743815,2315151.9754484748,0.0,5.65,2.47,0.0,32.31143035240587,14.106928945328676,572.0865120476567
060379800021,19120.481848105414,130157.66106831789,7089.812989182924,6977819.857438855,0.27,1.87,0.1,4.724773960912098,32.162658489160705,1.7519309432229102,1724.2568376815896
060379800031,0.0,0.0,0.0,193057713.9663671,0.0,0.0,0.0,0.0,0.0,0.0,47705.60005483803
060379800041,0.0,274163.4051608299,0.0,35871540.866479605,0.0,0.76,0.0,0.0,67.74725281660388,0.0,8864.050789626453
060379800051,2268.569671536197,154202.14897782577,0.0,4053334.5513672736,0.06,3.8,0.0,0.5605757740697939,38.10418084622229,0.0,1001.6007805296516
060379800061,405390.4224447478,405390.3718801526,405390.3718801526,3368770.8466730756,12.03,12.03,12.03,100.17415498134471,100.17414248656112,100.17414248656112,832.4414051426158
060379800071,80851.6221596001,277783.343210621,77855.05891434134,2705463.7871470596,2.99,10.27,2.88,19.9788709359871,68.64175898928501,19.23840403217695,668.5346611685759
060379800081,106199.4133689652,143371.661120479,11167.999435567686,3369180.179511003,3.15,4.26,0.33,26.242446552127323,35.42790901275712,2.75967276075104,832.542553489679
060379800091,775609.5989866843,1360.0854995331943,57.69986770680273,21250737.345084038,3.65,0.01,0.0,191.65730582719976,0.3360844461901101,0.014257947820294463,5251.171558115528
060379800101,316265.0628623719,16722.725628207078,0.0,3833739.4254609235,8.25,0.44,0.0,78.15079900334344,4.132275495528852,0.0,947.3376431742328
060379800111,57709.432724650986,98275.49142451746,9559.825768813931,1376674.2580510427,4.19,7.14,0.69,14.260311387678597,24.28440279732852,2.3622843933624034,340.1836176917297
060379800121,0.014111622418467707,0.0,0.0,912876.9674093648,0.0,0.0,0.0,3.487057840836065e-06,0.0,0.0,225.57681126428014
060379800131,324936.5195491774,1902604.1430161411,251850.26356863166,5308125.680543785,6.12,35.84,4.74,80.2935626158125,470.1437225410127,62.23355545173286,1311.6664211664286
060379800141,69756.82030450524,58302.125469083745,2081.60330841598,7451750.669082517,0.94,0.78,0.03,17.237285691281272,14.406768954384475,0.5143753795894441,1841.36769168184
060379800151,31161.9409855896,3825.681864200844,424.6980220211259,5409560.984884069,0.58,0.07,0.01,7.700283314501412,0.9453465764253657,0.1049451667398809,1336.7316307396725
060379800161,121518.00170843939,279098.86963231897,23925.568856071062,13453080.990173914,0.9,2.07,0.18,30.027752167291563,68.96683264754883,5.912136818998371,3324.328709985595
060379800171,15.925473095923717,0.0,0.0,2393862.3521312303,0.0,0.0,0.0,0.003935270104413309,0.0,0.0,591.5362697032733
060379800181,143855.00580844888,540105.0461177597,8037.234153557389,7411113.3867388945,1.94,7.29,0.11,35.547346086258045,133.46286345326993,1.9860438114557282,1831.3260005265302
060379800191,1903585.5391757796,0.0,0.0,44241428.124613605,4.3,0.0,0.0,470.3862308134106,0.0,0.0,10932.294973384822
060379800201,206285.685986543,1907.4958230683133,0.0,8531969.950339722,2.42,0.02,0.0,50.97430312692059,0.47135248300632004,0.0,2108.2956892450884
060379800211,292465.38358495507,16399.88487954515,8135.0210858726305,6945842.981345665,4.21,0.24,0.12,72.26977017670116,4.0524998091776006,2.01020748866799,1716.3551795164535
060379800221,9546.674298825032,15.033300522179616,7.571147170605627,6452099.891995521,0.15,0.0,0.0,2.3590345943539424,0.0037148094602437298,0.001870871209736553,1594.3486050758095
060379800231,2497566.7802828997,554.242527160979,0.0,5220109.980064326,47.85,0.01,0.0,617.1621919815259,0.13695631109943945,0.0,1289.917267924352
060379800241,0.0,22607.709039595287,0.0,8287149.254284318,0.0,0.27,0.0,0.0,5.586486566327875,0.0,2047.799177755261
060379800251,330816.03286581975,369871.5365340094,275767.0314412714,3894581.0152577385,8.49,9.5,7.08,81.74642199676269,91.39724712908297,68.14351750036315,962.3719274300436
060379800261,16902.968515785968,0.0,0.0,13900948.772695959,0.12,0.0,0.0,4.1768144830207765,0.0,0.0,3434.9992492325587
060379800281,166629.40936710435,873757.9788795678,1724.684100024372,19723449.836579554,0.84,4.43,0.01,41.175023765306776,215.910298681015,0.42617872244687716,4873.770595716491
060379800301,10.244875385827463,3050.7070593426592,0.0,5225678.446698534,0.0,0.06,0.0,0.0025315638402984677,0.753846131643442,0.0,1291.2932659961853
060379800311,423512.7957866121,232024.33250805826,0.0,25951656.6386632,1.63,0.89,0.0,104.65229095907647,57.33446119406815,0.0,6412.794013401764
060379800331,4314.551732391222,128173.92879359331,4307.6645333130255,28637869.342434928,0.02,0.45,0.02,1.066148951692352,31.672467568686162,1.064447087736894,7076.571628269222
060379800341,257093.15505414607,239103.12382761695,33288.798649637894,6456276.285970801,3.98,3.7,0.52,63.52910215225185,59.083668623414155,8.22584128890243,1595.3806145022281
060379800351,1582029.5599276861,1969424.1263074728,766364.8900004296,15945256.310723554,9.92,12.35,4.81,390.92801789826257,486.65530000184685,189.37288848659836,3940.1586432530694
060379800361,12221.314562504527,20401.624479140835,3898.053865512781,8756609.71845129,0.14,0.23,0.04,3.019952596997904,5.041351199467955,0.9632300874170941,2163.805384836993
060379800371,2304.6914871941717,5706.850891540392,0.0,1302548.1153382715,0.18,0.44,0.0,0.5695016691072444,1.4101935665303211,0.0,321.86664892000084
060379800381,0.0,4806.253362806993,0.0,4516690.707242629,0.0,0.11,0.0,0.0,1.1876510706442682,0.0,1116.0985801823906
060379800391,1215.6072639182487,1214.0940049138776,0.0,1360340.674156339,0.09,0.09,0.0,0.300383096664776,0.30000916222124224,0.0,336.147501212703
060379901000,0.0,0.0,0.0,172775953.55933186,0.0,0.0,0.0,0.0,0.0,0.0,42693.86791263194
060379902000,0.0,0.0,0.0,207470956.95450938,0.0,0.0,0.0,0.0,0.0,0.0,51267.18996160188
060379903000,0.0,0.0,0.0,143362910.0902353,0.0,0.0,0.0,0.0,0.0,0.0,35425.74658609052
